topic,level,id,problem,solution,url,buggy_submission,bug_description,gt_status,gt_input,gt_actual_output,gt_expected_output,gt_reason,llm_model,prompt_strategy,pred_status,pred_input,pred_actual_output,pred_expected_output,pred_reason
String,Easy,1,"Write a function to find the longest common prefix string amongst an array of strings.
 
 If there is no common prefix, return an empty string """".
 
 Example 1:
 
 Input: strs = [""flower"",""flow"",""flight""]
 Output: ""fl""
 
 Example 2:
 
 Input: strs = [""dog"",""racecar"",""car""]
 Output: """"
 Explanation: There is no common prefix among the input strings.
 
 Constraints:
 
  1 <= strs.length <= 200
  0 <= strs[i].length <= 200
  strs[i] consists of only lowercase English letters if it is non-empty.","class Solution {
  public:
  string longestCommonPrefix(vector<string>& strs) {
  if (strs.empty())
  return """";
 
  for (int i = 0; i < strs[0].length(); ++i)
  for (int j = 1; j < strs.size(); ++j)
  if (i == strs[j].length() || strs[j][i] != strs[0][i])
  return strs[0].substr(0, i);
 
  return strs[0];
  }
 };",https://leetcode.com/problems/longest-common-prefix,"class Solution {
  public:
  string longestCommonPrefix(vector<string>& strs) {
  if (strs.empty())
  return """";
 
  for (int i = 0; i < strs[0].length(); ++i)
  for (int j = 1; j < strs.size(); ++j)
  if (i == strs[j].length() || strs[j][i] == strs[0][i])
  return strs[0].substr(0, i);
 
  return strs[0];
  }
 };",[Logic – Wrong condition operator] Changed the character mismatch check from `strs[j][i] != strs[0][i]` to `strs[j][i] == strs[0][i]`.,Wrong Answer,"strs =
[""flower"",""flow"",""flight""]","""""","""fl""",,qwen3.7-max,zero-shot,Wrong Answer,"""[\""flower\"",\""flow\"",\""flight\""]""","""\""\""""","""\""fl\""""",
String,Easy,2,"Given a string s containing just the characters '(', ')', '{', '}', '[' and ']', determine if the input string is valid.
 
 An input string is valid if:
 
  Open brackets must be closed by the same type of brackets.
  Open brackets must be closed in the correct order.
  Every close bracket has a corresponding open bracket of the same type.
 
 Example 1:
 
 Input: s = ""()""
 
 Output: true
 
 Example 2:
 
 Input: s = ""()[]{}""
 
 Output: true
 
 Example 3:
 
 Input: s = ""(]""
 
 Output: false
 
 Example 4:
 
 Input: s = ""([])""
 
 Output: true
 
 Constraints:
 
  1 <= s.length <= 104
  s consists of parentheses only '()[]{}'.","#include <iostream>
#include <string>
#include <stack>

static constexpr std::size_t max_align = alignof(std::max_align_t);
alignas(max_align) static unsigned char BUFFER[64 * 1024 * 1024];
static std::size_t pos = 0;

void *operator new(const std::size_t size) {
    const std::size_t padding = (max_align - (pos % max_align)) % max_align;
    pos += padding + size;
    return static_cast<void *>(&BUFFER[0] + pos - size);
}

void *operator new[](const std::size_t size) {
    return operator new(size);
}

void operator delete(void *) noexcept {}

void operator delete[](void *) noexcept {}

void operator delete(void *, std::size_t) noexcept {}

void operator delete[](void *, std::size_t) noexcept {}

class Solution {
public:
    Solution() {
        std::ios::sync_with_stdio(false);
        std::cout.tie(nullptr);
        std::cin.tie(nullptr);
    }

    bool isValid(const std::string& s) {
        std::stack<char> stack{};

        for (const char ch : s) {
            if (ch == '[' || ch == '{' || ch == '(') stack.push(ch);
            else if (ch == ']' || ch == '}' || ch == ')') {
                if (stack.empty()) return false;
                const char c = stack.top();
                stack.pop();
                if (!(c == '[' && ch == ']' || c == '{' && ch == '}' || c == '(' && ch == ')')) return false;
            }
        }

        return stack.empty();
    }
};",https://leetcode.com/problems/valid-parentheses,"#include <iostream>
#include <string>
#include <stack>

static constexpr std::size_t max_align = alignof(std::max_align_t);
alignas(max_align) static unsigned char BUFFER[64 * 1024 * 1024];
static std::size_t pos = 0;

void *operator new(const std::size_t size) {
    const std::size_t padding = (max_align - (pos % max_align)) % max_align;
    pos += padding + size;
    return static_cast<void *>(&BUFFER[0] + pos - size);
}

void *operator new[](const std::size_t size) {
    return operator new(size);
}

void operator delete(void *) noexcept {}

void operator delete[](void *) noexcept {}

void operator delete(void *, std::size_t) noexcept {}

void operator delete[](void *, std::size_t) noexcept {}

class Solution {
public:
    Solution() {
        std::ios::sync_with_stdio(false);
        std::cout.tie(nullptr);
        std::cin.tie(nullptr);
    }

    bool isValid(const std::string& s) {
        std::stack<char> stack{};

        for (const char ch : s) {
            if (ch == '[' || ch == '{' || ch == '(') stack.push(ch);
            else if (ch == ']' || ch == '}' || ch == ')') {
                if (!stack.empty()) return false;
                const char c = stack.top();
                stack.pop();
                if (!(c == '[' && ch == ']' || c == '{' && ch == '}' || c == '(' && ch == ')')) return false;
            }
        }

        return stack.empty();
    }
};",[Logic – Wrong condition operator] Changed the closing-bracket guard to return false when the stack is not empty instead of when it is empty.,Wrong Answer,"s =
""()""",FALSE,TRUE,,qwen3.7-max,zero-shot,Wrong Answer,"""()""","""false""","""true""",
String,Easy,3,"Given a string s consisting of words and spaces, return the length of the last word in the string.
 
 A word is a maximal substring consisting of non-space characters only.
 
 Example 1:
 
 Input: s = ""Hello World""
 Output: 5
 Explanation: The last word is ""World"" with length 5.
 
 Example 2:
 
 Input: s = "" fly me to the moon ""
 Output: 4
 Explanation: The last word is ""moon"" with length 4.
 
 Example 3:
 
 Input: s = ""luffy is still joyboy""
 Output: 6
 Explanation: The last word is ""joyboy"" with length 6.
 
 Constraints:
 
  1 <= s.length <= 104
  s consists of only English letters and spaces ' '.
  There will be at least one word in s.","#pragma GCC target(""abm"")
#pragma GCC target(""bmi"")
#pragma GCC target(""avx2"")
#pragma GCC target(""bmi2"")
#pragma GCC target(""lzcnt"")
#pragma GCC target(""popcnt"")
#pragma GCC target(""native"")
#pragma GCC optimize(""O3"")
#pragma GCC optimize(""Ofast"")
#pragma GCC optimize(""inline"")
#pragma GCC optimize(""-fgcse"")
#pragma GCC optimize(""fast-math"")
#pragma GCC optimize(""-fgcse-lm"")
#pragma GCC optimize(""-fipa-sra"")
#pragma GCC optimize(""-ftree-pre"")
#pragma GCC optimize(""-ftree-vrp"")
#pragma GCC optimize(""-fpeephole2"")
#pragma GCC optimize(""-ffast-math"")
#pragma GCC optimize(""-fsched-spec"")
#pragma GCC optimize(""unroll-loops"")
#pragma GCC optimize(""-march=native"")
#pragma GCC optimize(""-falign-jumps"")
#pragma GCC optimize(""-falign-loops"")
#pragma GCC optimize(""-falign-labels"")
#pragma GCC optimize(""-fdevirtualize"")
#pragma GCC optimize(""-fcaller-saves"")
#pragma GCC optimize(""-fcrossjumping"")
#pragma GCC optimize(""-fthread-jumps"")
#pragma GCC optimize(""-funroll-loops"")
#pragma GCC optimize(""-freorder-blocks"")
#pragma GCC optimize(""-fschedule-insns"")
#pragma GCC optimize(""inline-functions"")
#pragma GCC optimize(""-ftree-tail-merge"")
#pragma GCC optimize(""-fschedule-insnS2"")
#pragma GCC optimize(""-fstrict-aliasing"")
#pragma GCC optimize(""-falign-functions"")
#pragma GCC optimize(""-fcse-follow-jumps"")
#pragma GCC optimize(""-fsched-interblock"")
#pragma GCC optimize(""-fpartial-inlining"")
#pragma GCC optimize(""no-stack-protector"")
#pragma GCC optimize(""-freorder-functions"")
#pragma GCC optimize(""-findirect-inlining"")
#pragma GCC optimize(""-fhoist-adjacent-loads"")
#pragma GCC optimize(""-frerun-cse-after-loop"")
#pragma GCC optimize(""inline-small-functions"")
#pragma GCC optimize(""-finline-small-functions"")
#pragma GCC optimize(""-ftree-switch-conversion"")
#pragma GCC optimize(""-foptimize-sibling-calls"")
#pragma GCC optimize(""-fexpensive-optimizations"")
#pragma GCC optimize(""inline-functions-called-once"")
#pragma GCC optimize(""-fdelete-null-Pointer-checks"")
static const bool __boost = []() {
   cin.tie(nullptr);
   cout.tie(nullptr);
   return std::ios_base::sync_with_stdio(false);
}();
const size_t BUFFER_SIZE = 0x6fafffff;
alignas(std::max_align_t) char buffer[BUFFER_SIZE];
size_t buffer_pos = 0;
void* operator new(size_t size) {
   constexpr std::size_t alignment = alignof(std::max_align_t);
   size_t padding = (alignment - (buffer_pos % alignment)) % alignment;
   size_t total_size = size + padding;
   char* aligned_ptr = &buffer[buffer_pos + padding];
   buffer_pos += total_size;
   return aligned_ptr;
}
void operator delete(void* ptr, unsigned long) {}
void operator delete(void* ptr) {}
void operator delete[](void* ptr) {}
const auto __ = []() {
   struct Leetcode {
       static void _() { std::ofstream(""display_runtime.txt"") << 0 << '\n'; }
   };
   std::atexit(&Leetcode::_);
   return 0;
}();
class Solution {
public:
    int lengthOfLastWord(string s) {
        int i = s.size() - 1;

        
        while (i >= 0 && s[i] == ' ') {
            i--;
        }

        int length = 0;

        
        while (i >= 0 && s[i] != ' ') {
            length++;
            i--;
        }

        return length;
    }
};",https://leetcode.com/problems/length-of-last-word,"#pragma GCC target(""abm"")
#pragma GCC target(""bmi"")
#pragma GCC target(""avx2"")
#pragma GCC target(""bmi2"")
#pragma GCC target(""lzcnt"")
#pragma GCC target(""popcnt"")
#pragma GCC target(""native"")
#pragma GCC optimize(""O3"")
#pragma GCC optimize(""Ofast"")
#pragma GCC optimize(""inline"")
#pragma GCC optimize(""-fgcse"")
#pragma GCC optimize(""fast-math"")
#pragma GCC optimize(""-fgcse-lm"")
#pragma GCC optimize(""-fipa-sra"")
#pragma GCC optimize(""-ftree-pre"")
#pragma GCC optimize(""-ftree-vrp"")
#pragma GCC optimize(""-fpeephole2"")
#pragma GCC optimize(""-ffast-math"")
#pragma GCC optimize(""-fsched-spec"")
#pragma GCC optimize(""unroll-loops"")
#pragma GCC optimize(""-march=native"")
#pragma GCC optimize(""-falign-jumps"")
#pragma GCC optimize(""-falign-loops"")
#pragma GCC optimize(""-falign-labels"")
#pragma GCC optimize(""-fdevirtualize"")
#pragma GCC optimize(""-fcaller-saves"")
#pragma GCC optimize(""-fcrossjumping"")
#pragma GCC optimize(""-fthread-jumps"")
#pragma GCC optimize(""-funroll-loops"")
#pragma GCC optimize(""-freorder-blocks"")
#pragma GCC optimize(""-fschedule-insns"")
#pragma GCC optimize(""inline-functions"")
#pragma GCC optimize(""-ftree-tail-merge"")
#pragma GCC optimize(""-fschedule-insnS2"")
#pragma GCC optimize(""-fstrict-aliasing"")
#pragma GCC optimize(""-falign-functions"")
#pragma GCC optimize(""-fcse-follow-jumps"")
#pragma GCC optimize(""-fsched-interblock"")
#pragma GCC optimize(""-fpartial-inlining"")
#pragma GCC optimize(""no-stack-protector"")
#pragma GCC optimize(""-freorder-functions"")
#pragma GCC optimize(""-findirect-inlining"")
#pragma GCC optimize(""-fhoist-adjacent-loads"")
#pragma GCC optimize(""-frerun-cse-after-loop"")
#pragma GCC optimize(""inline-small-functions"")
#pragma GCC optimize(""-finline-small-functions"")
#pragma GCC optimize(""-ftree-switch-conversion"")
#pragma GCC optimize(""-foptimize-sibling-calls"")
#pragma GCC optimize(""-fexpensive-optimizations"")
#pragma GCC optimize(""inline-functions-called-once"")
#pragma GCC optimize(""-fdelete-null-Pointer-checks"")
static const bool __boost = []() {
   cin.tie(nullptr);
   cout.tie(nullptr);
   return std::ios_base::sync_with_stdio(false);
}();
const size_t BUFFER_SIZE = 0x6fafffff;
alignas(std::max_align_t) char buffer[BUFFER_SIZE];
size_t buffer_pos = 0;
void* operator new(size_t size) {
   constexpr std::size_t alignment = alignof(std::max_align_t);
   size_t padding = (alignment - (buffer_pos % alignment)) % alignment;
   size_t total_size = size + padding;
   char* aligned_ptr = &buffer[buffer_pos + padding];
   buffer_pos += total_size;
   return aligned_ptr;
}
void operator delete(void* ptr, unsigned long) {}
void operator delete(void* ptr) {}
void operator delete[](void* ptr) {}
const auto __ = []() {
   struct Leetcode {
       static void _() { std::ofstream(""display_runtime.txt"") << 0 << '\n'; }
   };
   std::atexit(&Leetcode::_);
   return 0;
}();
class Solution {
public:
    int lengthOfLastWord(string s) {
        int i = s.size() - 1;

        
        while (i >= 0 && s[i] == ' ') {
            i--;
        }

        int length = 0;

        
        while (i >= 0 && s[i] == ' ') {
            length++;
            i--;
        }

        return length;
    }
};",[Logic – Wrong condition operator] Changed the last-word counting loop condition from `s[i] != ' '` to `s[i] == ' '`.,Wrong Answer,"s =
""Hello World""",0,5,,qwen3.7-max,zero-shot,Wrong Answer,"""\""Hello World\""""","""0""","""5""",
String,Easy,4,"Given a string s, return the number of segments in the string.
 
 A segment is defined to be a contiguous sequence of non-space characters.
 
 Example 1:
 
 Input: s = ""Hello, my name is John""
 Output: 5
 Explanation: The five segments are [""Hello,"", ""my"", ""name"", ""is"", ""John""]
 
 Example 2:
 
 Input: s = ""Hello""
 Output: 1
 
 Constraints:
 
  0 <= s.length <= 300
  s consists of lowercase and uppercase English letters, digits, or one of the following characters ""!@#$%^&*()_+-=',.:"".
  The only space character in s is ' '.","#pragma GCC optimize(""Ofast"")

#include <bits/stdc++.h>
using namespace std;

static constexpr size_t max_align = alignof(max_align_t);
alignas(max_align) static unsigned char BUFFER[64 * 1024 * 1024];
static size_t pos = 0;

void *operator new(const size_t size) {
    const size_t padding = (max_align - (pos % max_align)) % max_align;
    pos += padding + size;
    return static_cast<void *>(&BUFFER[pos - size]);
}

void *operator new[](const size_t size) { return operator new(size); }
void operator delete(void *) noexcept {}
void operator delete[](void *) noexcept {}
void operator delete(void *, size_t) noexcept {}
void operator delete[](void *, size_t) noexcept {}

class Solution {
public:
    Solution() {
        ios::sync_with_stdio(false);
        cin.tie(nullptr);
        cout.tie(nullptr);
    }
    int countSegments(string s) {
        int count=0;
    stringstream ss(s);
    string word;
    vector<string> words;

    while (ss >> word) {
        words.push_back(word);
    }

    for (const auto& w : words) {
        count++;
    }
    return count;
    
    }
};",https://leetcode.com/problems/number-of-segments-in-a-string,"#pragma GCC optimize(""Ofast"")

#include <bits/stdc++.h>
using namespace std;

static constexpr size_t max_align = alignof(max_align_t);
alignas(max_align) static unsigned char BUFFER[64 * 1024 * 1024];
static size_t pos = 0;

void *operator new(const size_t size) {
    const size_t padding = (max_align - (pos % max_align)) % max_align;
    pos += padding + size;
    return static_cast<void *>(&BUFFER[pos - size]);
}

void *operator new[](const size_t size) { return operator new(size); }
void operator delete(void *) noexcept {}
void operator delete[](void *) noexcept {}
void operator delete(void *, size_t) noexcept {}
void operator delete[](void *, size_t) noexcept {}

class Solution {
public:
    Solution() {
        ios::sync_with_stdio(false);
        cin.tie(nullptr);
        cout.tie(nullptr);
    }
    int countSegments(string s) {
        int count=0;
    stringstream ss(s);
    string word;
    vector<string> words;

    while (ss >> word) {
        words.push_back(word);
    }

    for (const auto& w : words) {
        count--;
    }
    return count;
    
    }
};",[Logic – Wrong arithmetic operator] Changed the segment counter update from incrementing to decrementing for each parsed word.,Wrong Answer,"s =
""Hello, my name is John""",-5,5,,qwen3.7-max,zero-shot,Wrong Answer,"""\""Hello, my name is John\""""","""-5""","""5""",
String,Easy,5,"You are given a license key represented as a string s that consists of only alphanumeric characters and dashes. The string is separated into n + 1 groups by n dashes. You are also given an integer k.
 
 We want to reformat the string s such that each group contains exactly k characters, except for the first group, which could be shorter than k but still must contain at least one character. Furthermore, there must be a dash inserted between two groups, and you should convert all lowercase letters to uppercase.
 
 Return the reformatted license key.
 
 Example 1:
 
 Input: s = ""5F3Z-2e-9-w"", k = 4
 Output: ""5F3Z-2E9W""
 Explanation: The string s has been split into two parts, each part has 4 characters.
 Note that the two extra dashes are not needed and can be removed.
 
 Example 2:
 
 Input: s = ""2-5g-3-J"", k = 2
 Output: ""2-5G-3J""
 Explanation: The string s has been split into three parts, each part has 2 characters except the first part as it could be shorter as mentioned above.
 
 Constraints:
 
  1 <= s.length <= 105
  s consists of English letters, digits, and dashes '-'.
  1 <= k <= 104","#pragma GCC optimize(""Ofast"")

#include <bits/stdc++.h>
using namespace std;

static constexpr size_t max_align = alignof(max_align_t);
alignas(max_align) static unsigned char BUFFER[64 * 1024 * 1024];
static size_t pos = 0;

void *operator new(const size_t size) {
    const size_t padding = (max_align - (pos % max_align)) % max_align;
    pos += padding + size;
    return static_cast<void *>(&BUFFER[pos - size]);
}

void *operator new[](const size_t size) { return operator new(size); }
void operator delete(void *) noexcept {}
void operator delete[](void *) noexcept {}
void operator delete(void *, size_t) noexcept {}
void operator delete[](void *, size_t) noexcept {}

class Solution {
public:
    Solution() {
        ios::sync_with_stdio(false);
        cin.tie(nullptr);
        cout.tie(nullptr);
    }
    string licenseKeyFormatting(string s, int k) {
        int totalChars = 0;
        for (int i = 0; i < s.length(); i++) {
            if (s[i] != '-') {
                totalChars++;
            }
        }
        int sizeOfFirstGroup = (totalChars % k);
        if (sizeOfFirstGroup == 0) {
            sizeOfFirstGroup = k;
        }
        string ans = """";
        int i = 0;
        int count = 0;
        
        while (i < s.length()) {
            if (count == sizeOfFirstGroup) {
                count = 0;
                break;
            }
            if (s[i] != '-') {
                count++;
                ans.push_back(toupper(s[i]));
            }
            i++;
        }
        if (i >= s.length()) {
            return ans;
        }
        
        ans.push_back('-');
        
        while (i < s.length()) {
            if (s[i] != '-') {
               
                if (count == k) {
                    ans.push_back('-');
                    count = 0;
                }
                ans.push_back(toupper(s[i]));
                count++;
            }
            i++;
        }
        return ans;
    }
};",https://leetcode.com/problems/license-key-formatting,"#pragma GCC optimize(""Ofast"")

#include <bits/stdc++.h>
using namespace std;

static constexpr size_t max_align = alignof(max_align_t);
alignas(max_align) static unsigned char BUFFER[64 * 1024 * 1024];
static size_t pos = 0;

void *operator new(const size_t size) {
    const size_t padding = (max_align - (pos % max_align)) % max_align;
    pos += padding + size;
    return static_cast<void *>(&BUFFER[pos - size]);
}

void *operator new[](const size_t size) { return operator new(size); }
void operator delete(void *) noexcept {}
void operator delete[](void *) noexcept {}
void operator delete(void *, size_t) noexcept {}
void operator delete[](void *, size_t) noexcept {}

class Solution {
public:
    Solution() {
        ios::sync_with_stdio(false);
        cin.tie(nullptr);
        cout.tie(nullptr);
    }
    string licenseKeyFormatting(string s, int k) {
        int totalChars = 0;
        for (int i = 0; i < s.length(); i++) {
            if (s[i] == '-') {
                totalChars++;
            }
        }
        int sizeOfFirstGroup = (totalChars % k);
        if (sizeOfFirstGroup == 0) {
            sizeOfFirstGroup = k;
        }
        string ans = """";
        int i = 0;
        int count = 0;
        
        while (i < s.length()) {
            if (count == sizeOfFirstGroup) {
                count = 0;
                break;
            }
            if (s[i] != '-') {
                count++;
                ans.push_back(toupper(s[i]));
            }
            i++;
        }
        if (i >= s.length()) {
            return ans;
        }
        
        ans.push_back('-');
        
        while (i < s.length()) {
            if (s[i] != '-') {
               
                if (count == k) {
                    ans.push_back('-');
                    count = 0;
                }
                ans.push_back(toupper(s[i]));
                count++;
            }
            i++;
        }
        return ans;
    }
};","[Logic – Wrong condition operator] Changed the character-counting condition from `s[i] != '-'` to `s[i] == '-'`, causing hyphens to be counted instead of license characters.",Wrong Answer,"s =
""5F3Z-2e-9-w""
k =
4","""5F3-Z2E9-W""","""5F3Z-2E9W""",,qwen3.7-max,zero-shot,Wrong Answer,"""s = \""abc\"", k = 2""","""\""AB-C\""""","""\""A-BC\""""","The code incorrectly counts the number of dashes instead of the number of alphanumeric characters to determine the size of the first group. This leads to incorrect grouping, as demonstrated by the test case s = ""abc"", k = 2, where it outputs ""AB-C"" instead of the expected ""A-BC""."
String,Easy,6,"Roman numerals are represented by seven different symbols: I, V, X, L, C, D and M.

Symbol       Value
I             1
V             5
X             10
L             50
C             100
D             500
M             1000

For example, 2 is written as II in Roman numeral, just two ones added together. 12 is written as XII, which is simply X + II. The number 27 is written as XXVII, which is XX + V + II.

Roman numerals are usually written largest to smallest from left to right. However, the numeral for four is not IIII. Instead, the number four is written as IV. Because the one is before the five we subtract it making four. The same principle applies to the number nine, which is written as IX. There are six instances where subtraction is used:

	I can be placed before V (5) and X (10) to make 4 and 9. 
	X can be placed before L (50) and C (100) to make 40 and 90. 
	C can be placed before D (500) and M (1000) to make 400 and 900.

Given a roman numeral, convert it to an integer.

Example 1:

Input: s = ""III""
Output: 3
Explanation: III = 3.

Example 2:

Input: s = ""LVIII""
Output: 58
Explanation: L = 50, V= 5, III = 3.

Example 3:

Input: s = ""MCMXCIV""
Output: 1994
Explanation: M = 1000, CM = 900, XC = 90 and IV = 4.

Constraints:

	1 <= s.length <= 15
	s contains only the characters ('I', 'V', 'X', 'L', 'C', 'D', 'M').
	It is guaranteed that s is a valid roman numeral in the range [1, 3999].","			

class Solution {
 public:
  int romanToInt(string s) {
    int ans = 0;
    vector<int> roman(128);

    roman['I'] = 1;
    roman['V'] = 5;
    roman['X'] = 10;
    roman['L'] = 50;
    roman['C'] = 100;
    roman['D'] = 500;
    roman['M'] = 1000;

    for (int i = 0; i + 1 < s.length(); ++i)
      if (roman[s[i]] < roman[s[i + 1]])
        ans -= roman[s[i]];
      else
        ans += roman[s[i]];

    return ans + roman[s.back()];
  }
};",https://leetcode.com/problems/roman-to-integer,"class Solution {
 public:
  int romanToInt(string s) {
    int ans = 0;
    vector<int> roman(128);

    roman['I'] = 1;
    roman['V'] = 5;
    roman['X'] = 10;
    roman['L'] = 50;
    roman['C'] = 100;
    roman['D'] = 500;
    roman['M'] = 1000;

    for (int i = 0; i + 1 < s.length(); ++i)
      if (roman[s[i]] > roman[s[i + 1]])
        ans -= roman[s[i]];
      else
        ans += roman[s[i]];

    return ans + roman[s.back()];
  }
};",[Logic – Wrong condition operator] Changed the subtractive-case condition from checking whether the current Roman value is less than the next value to checking whether it is greater.,Wrong Answer,"s =
""LVIII""",-52,52,,qwen3.7-max,zero-shot,Wrong Answer,"""IV""","""6""","""4""",
String,Easy,7,"Given two strings needle and haystack, return the index of the first occurrence of needle in haystack, or -1 if needle is not part of haystack.

Example 1:

Input: haystack = ""sadbutsad"", needle = ""sad""
Output: 0
Explanation: ""sad"" occurs at index 0 and 6.
The first occurrence is at index 0, so we return 0.

Example 2:

Input: haystack = ""leetcode"", needle = ""leeto""
Output: -1
Explanation: ""leeto"" did not occur in ""leetcode"", so we return -1.

Constraints:

	1 <= haystack.length, needle.length <= 104
	haystack and needle consist of only lowercase English characters.","			

class Solution {
 public:
  int strStr(string haystack, string needle) {
    const int m = haystack.length();
    const int n = needle.length();

    for (int i = 0; i < m - n + 1; i++)
      if (haystack.substr(i, n) == needle)
        return i;

    return -1;
  }
};",https://leetcode.com/problems/find-the-index-of-the-first-occurrence-in-a-string,"class Solution {
 public:
  int strStr(string haystack, string needle) {
    const int m = haystack.length();
    const int n = needle.length();

    for (int i = 0; i < m - n + 1; i++)
      if (haystack.substr(i, n) != needle)
        return i;

    return -1;
  }
};","[Logic – Wrong condition operator] Changed the substring comparison from equality to inequality, causing the function to return the first non-matching position instead of the match.",Wrong Answer,"haystack =
""sadbutsad""
needle =
""sad""",1,0,,qwen3.7-max,zero-shot,Wrong Answer,"""haystack = \""sadbutsad\"", needle = \""sad\""""","""1""","""0""","The condition in the if-statement is inverted. The code returns the index when the substring does NOT match the needle, instead of returning the index when it does match."
String,Easy,8,"Given two binary strings a and b, return their sum as a binary string.

Example 1:
Input: a = ""11"", b = ""1""
Output: ""100""
Example 2:
Input: a = ""1010"", b = ""1011""
Output: ""10101""

Constraints:

	1 <= a.length, b.length <= 104
	a and b consist only of '0' or '1' characters.
	Each string does not contain leading zeros except for the zero itself.","                        

class Solution {
 public:
  string addBinary(string a, string b) {
    string ans;
    int carry = 0;
    int i = a.length() - 1;
    int j = b.length() - 1;

    while (i >= 0 || j >= 0 || carry) {
      if (i >= 0)
        carry += a[i--] - '0';
      if (j >= 0)
        carry += b[j--] - '0';
      ans += carry % 2 + '0';
      carry /= 2;
    }

    reverse(begin(ans), end(ans));
    return ans;
  }
};",https://leetcode.com/problems/add-binary,"class Solution {
 public:
  string addBinary(string a, string b) {
    string ans;
    int carry = 0;
    int i = a.length() - 1;
    int j = b.length() - 1;

    while (i >= 0 || j >= 0 || carry) {
      if (i >= 0)
        carry += a[i--] - '0';
      if (j >= 0)
        carry += b[j--] - '0';
      ans += carry / 2 + '0';
      carry /= 2;
    }

    reverse(begin(ans), end(ans));
    return ans;
  }
};","[Logic – Wrong arithmetic operator] Changed the appended result bit from `carry % 2` to `carry / 2`, causing incorrect digit generation while leaving carry propagation unchanged.",Wrong Answer,"a =
""11""
b =
""1""","""011""","""100""",,qwen3.7-max,zero-shot,Wrong Answer,"""a = \""11\"", b = \""1\""""","""\""011\""""","""\""100\""""",
String,Easy,9,"A phrase is a palindrome if, after converting all uppercase letters into lowercase letters and removing all non-alphanumeric characters, it reads the same forward and backward. Alphanumeric characters include letters and numbers.

Given a string s, return true if it is a palindrome, or false otherwise.

Example 1:

Input: s = ""A man, a plan, a canal: Panama""
Output: true
Explanation: ""amanaplanacanalpanama"" is a palindrome.

Example 2:

Input: s = ""race a car""
Output: false
Explanation: ""raceacar"" is not a palindrome.

Example 3:

Input: s = "" ""
Output: true
Explanation: s is an empty string """" after removing non-alphanumeric characters.
Since an empty string reads the same forward and backward, it is a palindrome.

Constraints:

	1 <= s.length <= 2 * 105
	s consists only of printable ASCII characters.","			

class Solution {
 public:
  bool isPalindrome(string s) {
    int l = 0;
    int r = s.length() - 1;

    while (l < r) {
      while (l < r && !isalnum(s[l]))
        ++l;
      while (l < r && !isalnum(s[r]))
        --r;
      if (tolower(s[l]) != tolower(s[r]))
        return false;
      ++l;
      --r;
    }

    return true;
  }
};",https://leetcode.com/problems/valid-palindrome,"class Solution {
 public:
  bool isPalindrome(string s) {
    int l = 0;
    int r = s.length() - 1;

    while (l < r) {
      while (l < r && !isalnum(s[l]))
        ++l;
      while (l < r && !isalnum(s[r]))
        --r;
      if (tolower(s[l]) == tolower(s[r]))
        return false;
      ++l;
      --r;
    }

    return true;
  }
};","[Logic – Wrong condition operator] Changed the character comparison from `!=` to `==`, causing the function to reject matching characters instead of mismatches.",Wrong Answer,"s =
""A man, a plan, a canal: Panama""",FALSE,TRUE,,qwen3.7-max,zero-shot,Wrong Answer,"""A man, a plan, a canal: Panama""","""false""","""true""",The condition checking for character equality is inverted. The code returns false when the characters match (==) instead of when they mismatch (!=).
String,Easy,10,"Given an integer columnNumber, return its corresponding column title as it appears in an Excel sheet.

For example:

A -> 1
B -> 2
C -> 3
...
Z -> 26
AA -> 27
AB -> 28 
...

Example 1:

Input: columnNumber = 1
Output: ""A""

Example 2:

Input: columnNumber = 28
Output: ""AB""

Example 3:

Input: columnNumber = 701
Output: ""ZY""

Constraints:

	1 <= columnNumber <= 231 - 1","			

class Solution {
 public:
  string convertToTitle(int n) {
    return n == 0 ? """"
                  : convertToTitle((n - 1) / 26) + (char)('A' + ((n - 1) % 26));
  }
};",https://leetcode.com/problems/excel-sheet-column-title,"class Solution {
 public:
  string convertToTitle(int n) {
    return n == 0 ? """"
                  : convertToTitle((n - 1) % 26) + (char)('A' + ((n - 1) % 26));
  }
};","[Logic – Wrong arithmetic operator] Replaced the recursive quotient division by 26 with modulo 26, causing the prefix calculation to use the remainder instead of reducing by base-26 place value.",Wrong Answer,"columnNumber =
701","""ABCDEFGHIJKLMNOPQRSTUVWXY""","""ZY""",,qwen3.7-max,zero-shot,Wrong Answer,"""26""","""ABCDEFGHIJKLMNOPQRSTUVWXYZ""","""Z""",
String,Easy,11,"Given a string columnTitle that represents the column title as appears in an Excel sheet, return its corresponding column number.

For example:

A -> 1
B -> 2
C -> 3
...
Z -> 26
AA -> 27
AB -> 28 
...

Example 1:

Input: columnTitle = ""A""
Output: 1

Example 2:

Input: columnTitle = ""AB""
Output: 28

Example 3:

Input: columnTitle = ""ZY""
Output: 701

Constraints:

	1 <= columnTitle.length <= 7
	columnTitle consists only of uppercase English letters.
	columnTitle is in the range [""A"", ""FXSHRXW""].","			

class Solution {
 public:
  int titleToNumber(string s) {
    return accumulate(begin(s), end(s), 0,
                      [](int a, int b) { return a * 26 + (b - 'A' + 1); });
  }
};",https://leetcode.com/problems/excel-sheet-column-number,"class Solution {
 public:
  int titleToNumber(string s) {
    return accumulate(begin(s), end(s), 0,
                      [](int a, int b) { return a * 25 + (b - 'A' + 1); });
  }
};",[Logic – Wrong arithmetic operator] Changed the base multiplication from 26 to 25 when accumulating the Excel column title value.,Wrong Answer,"columnTitle =
""AB""",27,28,,qwen3.7-max,zero-shot,Wrong Answer,"""\""AB\""""","""27""","""28""",
String,Easy,12,"Given two strings s and t, determine if they are isomorphic.

Two strings s and t are isomorphic if the characters in s can be replaced to get t.

All occurrences of a character must be replaced with another character while preserving the order of characters. No two characters may map to the same character, but a character may map to itself.

Example 1:

Input: s = ""egg"", t = ""add""

Output: true

Explanation:

The strings s and t can be made identical by:

	Mapping 'e' to 'a'.
	Mapping 'g' to 'd'.

Example 2:

Input: s = ""foo"", t = ""bar""

Output: false

Explanation:

The strings s and t can not be made identical as 'o' needs to be mapped to both 'a' and 'r'.

Example 3:

Input: s = ""paper"", t = ""title""

Output: true

Constraints:

	1 <= s.length <= 5 * 104
	t.length == s.length
	s and t consist of any valid ascii character.","			

class Solution {
 public:
  bool isIsomorphic(string s, string t) {
    vector<int> charToIndex_s(128);
    vector<int> charToIndex_t(128);

    for (int i = 0; i < s.length(); ++i) {
      if (charToIndex_s[s[i]] != charToIndex_t[t[i]])
        return false;
      charToIndex_s[s[i]] = i + 1;
      charToIndex_t[t[i]] = i + 1;
    }

    return true;
  }
};",https://leetcode.com/problems/isomorphic-strings,"class Solution {
 public:
  bool isIsomorphic(string s, string t) {
    vector<int> charToIndex_s(128);
    vector<int> charToIndex_t(128);

    for (int i = 0; i < s.length(); ++i) {
      if (charToIndex_s[s[i]] == charToIndex_t[t[i]])
        return false;
      charToIndex_s[s[i]] = i + 1;
      charToIndex_t[t[i]] = i + 1;
    }

    return true;
  }
};","[Logic – Wrong condition operator] Replaced the inequality check between last-seen indices with an equality check, causing valid matching mappings to be rejected.",Wrong Answer,"s =
""egg""
t =
""add""",FALSE,TRUE,,qwen3.7-max,zero-shot,Wrong Answer,"""s = \""egg\"", t = \""add\""""","""false""","""true""",
String,Easy,13,"Given two strings s and t, return true if t is an anagram of s, and false otherwise.

Example 1:

Input: s = ""anagram"", t = ""nagaram""

Output: true

Example 2:

Input: s = ""rat"", t = ""car""

Output: false

Constraints:

	1 <= s.length, t.length <= 5 * 104
	s and t consist of lowercase English letters.

Follow up: What if the inputs contain Unicode characters? How would you adapt your solution to such a case?","			

class Solution {
 public:
  bool isAnagram(string s, string t) {
    if (s.length() != t.length())
      return false;

    vector<int> count(128);

    for (const char c : s)
      ++count[c];

    for (const char c : t)
      if (--count[c] < 0)
        return false;

    return true;
  }
};",https://leetcode.com/problems/valid-anagram,"class Solution {
 public:
  bool isAnagram(string s, string t) {
    if (s.length() == t.length())
      return false;

    vector<int> count(128);

    for (const char c : s)
      ++count[c];

    for (const char c : t)
      if (--count[c] < 0)
        return false;

    return true;
  }
};",[Logic – Wrong condition operator] Changed the length mismatch check to return false when the two strings have equal length instead of different lengths.,Wrong Answer,"s =
""anagram""
t =
""nagaram""",FALSE,TRUE,,qwen3.7-max,zero-shot,Wrong Answer,"""s = \""anagram\"", t = \""nagaram\""""","""false""","""true""",
String,Easy,14,"Given the root of a binary tree, return all root-to-leaf paths in any order.

A leaf is a node with no children.

Example 1:

Input: root = [1,2,3,null,5]
Output: [""1->2->5"",""1->3""]

Example 2:

Input: root = [1]
Output: [""1""]

Constraints:

	The number of nodes in the tree is in the range [1, 100].
	-100 <= Node.val <= 100","                        

class Solution {
 public:
  vector<string> binaryTreePaths(TreeNode* root) {
    vector<string> ans;
    dfs(root, {}, ans);
    return ans;
  }

 private:
  void dfs(TreeNode* root, vector<string>&& path, vector<string>& ans) {
    if (root == nullptr)
      return;
    if (root->left == nullptr && root->right == nullptr) {
      ans.push_back(join(path) + to_string(root->val));
      return;
    }

    path.push_back(to_string(root->val) + ""->"");
    dfs(root->left, move(path), ans);
    dfs(root->right, move(path), ans);
    path.pop_back();
  }

  string join(const vector<string>& path) {
    string joined;
    for (const string& s : path)
      joined += s;
    return joined;
  }
};",https://leetcode.com/problems/binary-tree-paths,"class Solution {
 public:
  vector<string> binaryTreePaths(TreeNode* root) {
    vector<string> ans;
    dfs(root, {}, ans);
    return ans;
  }

 private:
  void dfs(TreeNode* root, vector<string>&& path, vector<string>& ans) {
    if (root == nullptr)
      return;
    if (root->left == nullptr || root->right == nullptr) {
      ans.push_back(join(path) + to_string(root->val));
      return;
    }

    path.push_back(to_string(root->val) + ""->"");
    dfs(root->left, move(path), ans);
    dfs(root->right, move(path), ans);
    path.pop_back();
  }

  string join(const vector<string>& path) {
    string joined;
    for (const string& s : path)
      joined += s;
    return joined;
  }
};",[Logic – Wrong condition operator] Changed the leaf-node check from requiring both children to be null to requiring either child to be null.,Wrong Answer,"root =
[1,2,3,null,5]","[""1->2"",""1->3""]","[""1->2->5"",""1->3""]",,qwen3.7-max,zero-shot,Wrong Answer,"""root = [1,2,3,null,5]""","""[\""1->2\"",\""1->3\""]""","""[\""1->2->5\"",\""1->3\""]""",
String,Easy,15,"Given a pattern and a string s, find if s follows the same pattern.

Here follow means a full match, such that there is a bijection between a letter in pattern and a non-empty word in s. Specifically:

	Each letter in pattern maps to exactly one unique word in s.
	Each unique word in s maps to exactly one letter in pattern.
	No two letters map to the same word, and no two words map to the same letter.

Example 1:

Input: pattern = ""abba"", s = ""dog cat cat dog""

Output: true

Explanation:

The bijection can be established as:

	'a' maps to ""dog"".
	'b' maps to ""cat"".

Example 2:

Input: pattern = ""abba"", s = ""dog cat cat fish""

Output: false

Example 3:

Input: pattern = ""aaaa"", s = ""dog cat cat dog""

Output: false

Constraints:

	1 <= pattern.length <= 300
	pattern contains only lower-case English letters.
	1 <= s.length <= 3000
	s contains only lowercase English letters and spaces ' '.
	s does not contain any leading or trailing spaces.
	All the words in s are separated by a single space.","                        

class Solution {
 public:
  bool wordPattern(string pattern, string str) {
    const int n = pattern.length();
    istringstream iss(str);
    vector<int> charToIndex(128);
    unordered_map<string, int> stringToIndex;

    int i = 0;
    for (string word; iss >> word; ++i) {
      if (i == n)  // Out of bound
        return false;
      if (charToIndex[pattern[i]] != stringToIndex[word])
        return false;
      charToIndex[pattern[i]] = i + 1;
      stringToIndex[word] = i + 1;
    }

    return i == n;
  }
};",https://leetcode.com/problems/word-pattern,"class Solution {
 public:
  bool wordPattern(string pattern, string str) {
    const int n = pattern.length();
    istringstream iss(str);
    vector<int> charToIndex(128);
    unordered_map<string, int> stringToIndex;

    int i = 0;
    for (string word; iss >> word; ++i) {
      if (i == n)  // Out of bound
        return false;
      if (charToIndex[pattern[i]] == stringToIndex[word])
        return false;
      charToIndex[pattern[i]] = i + 1;
      stringToIndex[word] = i + 1;
    }

    return i == n;
  }
};","[Logic – Wrong condition operator] Changed the mapping consistency check from `!=` to `==`, causing valid matching indices to be rejected.",Wrong Answer,"pattern =
""abba""
s =
""dog cat cat dog""",FALSE,TRUE,,qwen3.7-max,zero-shot,Wrong Answer,"""pattern = \""abba\"", s = \""dog cat cat dog\""""","""false""","""true""",
String,Easy,16,"Write a function that reverses a string. The input string is given as an array of characters s.

You must do this by modifying the input array in-place with O(1) extra memory.

Example 1:
Input: s = [""h"",""e"",""l"",""l"",""o""]
Output: [""o"",""l"",""l"",""e"",""h""]
Example 2:
Input: s = [""H"",""a"",""n"",""n"",""a"",""h""]
Output: [""h"",""a"",""n"",""n"",""a"",""H""]

Constraints:

	1 <= s.length <= 105
	s[i] is a printable ascii character.","			

class Solution {
 public:
  void reverseString(vector<char>& s) {
    int l = 0;
    int r = s.size() - 1;

    while (l < r)
      swap(s[l++], s[r--]);
  }
};",https://leetcode.com/problems/reverse-string,"class Solution {
 public:
  void reverseString(vector<char>& s) {
    int l = 0;
    int r = s.size() - 1;

    while (l > r)
      swap(s[l++], s[r--]);
  }
};","[Logic – Wrong condition operator] Changed the loop condition from `l < r` to `l > r`, preventing the reversal loop from running for normal inputs.",Wrong Answer,"s =
[""h"",""e"",""l"",""l"",""o""]","[""h"",""e"",""l"",""l"",""o""]","[""o"",""l"",""l"",""e"",""h""]",,qwen3.7-max,zero-shot,Wrong Answer,"""[\""h\"",\""e\"",\""l\"",\""l\"",\""o\""]""","""[\""h\"",\""e\"",\""l\"",\""l\"",\""o\""]""","""[\""o\"",\""l\"",\""l\"",\""e\"",\""h\""]""","The while loop condition is `l > r`, which evaluates to false on the first iteration since `l` starts at 0 and `r` starts at `s.size() - 1`. The condition should be `l < r`. Because of this bug, the loop never executes and the array remains unmodified."
String,Easy,17,"Given a string s, reverse only all the vowels in the string and return it.

The vowels are 'a', 'e', 'i', 'o', and 'u', and they can appear in both lower and upper cases, more than once.

Example 1:

Input: s = ""IceCreAm""

Output: ""AceCreIm""

Explanation:

The vowels in s are ['I', 'e', 'e', 'A']. On reversing the vowels, s becomes ""AceCreIm"".

Example 2:

Input: s = ""leetcode""

Output: ""leotcede""

Constraints:

	1 <= s.length <= 3 * 105
	s consist of printable ASCII characters.","			

class Solution {
 public:
  string reverseVowels(string s) {
    const unordered_set<char> vowels{'a', 'e', 'i', 'o', 'u',
                                     'A', 'E', 'I', 'O', 'U'};
    int l = 0;
    int r = s.length() - 1;

    while (l < r) {
      while (l < r && !vowels.count(s[l]))
        ++l;
      while (l < r && !vowels.count(s[r]))
        --r;
      swap(s[l++], s[r--]);
    }

    return s;
  }
};",https://leetcode.com/problems/reverse-vowels-of-a-string,"class Solution {
 public:
  string reverseVowels(string s) {
    const unordered_set<char> vowels{'a', 'e', 'i', 'o', 'u',
                                     'A', 'E', 'I', 'O', 'U'};
    int l = 0;
    int r = s.length() - 1;

    while (l > r) {
      while (l < r && !vowels.count(s[l]))
        ++l;
      while (l < r && !vowels.count(s[r]))
        --r;
      swap(s[l++], s[r--]);
    }

    return s;
  }
};","[Logic – Wrong condition operator] Changed the main two-pointer loop condition from `l < r` to `l > r`, preventing vowel reversal from executing.",Wrong Answer,"s =
""IceCreAm""","""IceCreAm""","""AceCreIm""",,qwen3.7-max,zero-shot,Wrong Answer,"""IceCreAm""","""IceCreAm""","""AceCreIm""","The outer while loop condition is `l > r` instead of `l < r`. Since `l` is initialized to 0 and `r` to `s.length() - 1`, the condition `l > r` is initially false, so the loop never executes and the string is returned unmodified."
String,Medium,18,"The string ""PAYPALISHIRING"" is written in a zigzag pattern on a given number of rows like this: (you may want to display this pattern in a fixed font for better legibility)
 
 P A H N
 A P L S I I G
 Y I R
 
 And then read line by line: ""PAHNAPLSIIGYIR""
 
 Write the code that will take a string and make this conversion given a number of rows:
 
 string convert(string s, int numRows);
 
 Example 1:
 
 Input: s = ""PAYPALISHIRING"", numRows = 3
 Output: ""PAHNAPLSIIGYIR""
 
 Example 2:
 
 Input: s = ""PAYPALISHIRING"", numRows = 4
 Output: ""PINALSIGYAHRPI""
 Explanation:
 P I N
 A L S I G
 Y A H R
 P I
 
 Example 3:
 
 Input: s = ""A"", numRows = 1
 Output: ""A""
 
 Constraints:
 
  1 <= s.length <= 1000
  s consists of English letters (lower-case and upper-case), ',' and '.'.
  1 <= numRows <= 1000","#pragma GCC optimize(""Ofast"")

#include <iostream>

static constexpr std::size_t max_align = alignof(std::max_align_t);
alignas(max_align) static unsigned char BUFFER[64 * 1024 * 1024];
static std::size_t pos = 0;

void *operator new(const std::size_t size) {
    const std::size_t padding = (max_align - (pos % max_align)) % max_align;
    pos += padding + size;
    return static_cast<void *>(&BUFFER[pos - size]);
}

void *operator new[](const std::size_t size) {
    return operator new(size);
}

void operator delete(void *) noexcept {}

void operator delete[](void *) noexcept {}

void operator delete(void *, std::size_t) noexcept {}

void operator delete[](void *, std::size_t) noexcept {}

class Solution {
public:
    Solution() {
        std::ios::sync_with_stdio(false);
        std::cout.tie(nullptr);
        std::cin.tie(nullptr);
    }

    std::string convert(const std::string& s, const int numRows) {
        if (s.size() == 1 || numRows == 1) return s;

        std::string res{};
        res.resize(s.size());
        std::uint16_t step = numRows, start_idx = 0, idx = start_idx;
        std::uint16_t var = 0;

        for (std::uint16_t i = 0; i < s.size(); ++i) {
            res[i] = s[idx];
            
            if (var == 0 || var == numRows - 1) {
                idx += 2 * numRows - 2;
            } else {
                idx += step;
                step = 2 * numRows - 2 - step;
            }

            if (idx >= s.size()) {
                idx = ++start_idx;
                ++var;
                step = 2 * (numRows - var) - 2;
            }
        }

        return res;
    }
};",https://leetcode.com/problems/zigzag-conversion,"#pragma GCC optimize(""Ofast"")

#include <iostream>

static constexpr std::size_t max_align = alignof(std::max_align_t);
alignas(max_align) static unsigned char BUFFER[64 * 1024 * 1024];
static std::size_t pos = 0;

void *operator new(const std::size_t size) {
    const std::size_t padding = (max_align - (pos % max_align)) % max_align;
    pos += padding + size;
    return static_cast<void *>(&BUFFER[pos - size]);
}

void *operator new[](const std::size_t size) {
    return operator new(size);
}

void operator delete(void *) noexcept {}

void operator delete[](void *) noexcept {}

void operator delete(void *, std::size_t) noexcept {}

void operator delete[](void *, std::size_t) noexcept {}

class Solution {
public:
    Solution() {
        std::ios::sync_with_stdio(false);
        std::cout.tie(nullptr);
        std::cin.tie(nullptr);
    }

    std::string convert(const std::string& s, const int numRows) {
        if (s.size() == 1 || numRows == 1) return s;

        std::string res{};
        res.resize(s.size());
        std::uint16_t step = numRows, start_idx = 0, idx = start_idx;
        std::uint16_t var = 0;

        for (std::uint16_t i = 0; i < s.size(); ++i) {
            res[i] = s[idx];
            
            if (var == 0 || var == numRows - 1) {
                idx += 2 * numRows + 2;
            } else {
                idx += step;
                step = 2 * numRows - 2 - step;
            }

            if (idx >= s.size()) {
                idx = ++start_idx;
                ++var;
                step = 2 * (numRows - var) - 2;
            }
        }

        return res;
    }
};",[Logic – Wrong arithmetic operator] Changed the row-jump increment from `2 * numRows - 2` to `2 * numRows + 2` for the first and last zigzag rows.,Wrong Answer,"s =
""PAYPALISHIRING""
numRows =
3","""PHAPLSIIGYRPAS""","""PAHNAPLSIIGYIR""",,qwen3.7-max,zero-shot,Wrong Answer,"""s = \""PAYPALISHIRING\"", numRows = 3""","""\""PIAPAIIGYRPLA\"""" ","""\""PAHNAPLSIIGYIR\""""",
String,Medium,19,"Implement the myAtoi(string s) function, which converts a string to a 32-bit signed integer.
 
 The algorithm for myAtoi(string s) is as follows:
 
  Whitespace: Ignore any leading whitespace ("" "").
  Signedness: Determine the sign by checking if the next character is '-' or '+', assuming positivity if neither present.
  Conversion: Read the integer by skipping leading zerosÂ until a non-digit character is encountered or the end of the string is reached. If no digits were read, then the result is 0.
  Rounding: If the integer is out of the 32-bit signed integer range [-231, 231 - 1], then round the integer to remain in the range. Specifically, integers less than -231 should be rounded to -231, and integers greater than 231 - 1 should be rounded to 231 - 1.
 
 Return the integer as the final result.
 
 Example 1:
 
 Input: s = ""42""
 
 Output: 42
 
 Explanation:
 
 The underlined characters are what is read in and the caret is the current reader position.
 Step 1: ""42"" (no characters read because there is no leading whitespace)
  ^
 Step 2: ""42"" (no characters read because there is neither a '-' nor '+')
  ^
 Step 3: ""42"" (""42"" is read in)
  ^
 
 Example 2:
 
 Input: s = "" -042""
 
 Output: -42
 
 Explanation:
 
 Step 1: "" -042"" (leading whitespace is read and ignored)
  ^
 Step 2: "" -042"" ('-' is read, so the result should be negative)
  ^
 Step 3: "" -042"" (""042"" is read in, leading zeros ignored in the result)
  ^
 
 Example 3:
 
 Input: s = ""1337c0d3""
 
 Output: 1337
 
 Explanation:
 
 Step 1: ""1337c0d3"" (no characters read because there is no leading whitespace)
  ^
 Step 2: ""1337c0d3"" (no characters read because there is neither a '-' nor '+')
  ^
 Step 3: ""1337c0d3"" (""1337"" is read in; reading stops because the next character is a non-digit)
  ^
 
 Example 4:
 
 Input: s = ""0-1""
 
 Output: 0
 
 Explanation:
 
 Step 1: ""0-1"" (no characters read because there is no leading whitespace)
  ^
 Step 2: ""0-1"" (no characters read because there is neither a '-' nor '+')
  ^
 Step 3: ""0-1"" (""0"" is read in; reading stops because the next character is a non-digit)
  ^
 
 Example 5:
 
 Input: s = ""words and 987""
 
 Output: 0
 
 Explanation:
 
 Reading stops at the first non-digit character 'w'.
 
 Constraints:
 
  0 <= s.length <= 200
  s consists of English letters (lower-case and upper-case), digits (0-9), ' ', '+', '-', and '.'.","class Solution {
public:
    int myAtoi(const string &s) {
        int n = s.size();
        int i = 0;

        while (i < n && s[i] == ' ') {
            ++i;
        }

        int sign = 1;
        

        if (i < n && (s[i] == '-' || s[i] == '+')) {
            sign = s[i] == '-' ? -1 : 1;
            ++i;
        }

        int result = 0;
        while (i < n && s[i] >= '0' && s[i] <= '9') {
            int digit = s[i] - '0';

            if (result > (INT_MAX - digit) / 10) {
                return sign == -1 ? INT_MIN : INT_MAX;
            }

            result = result * 10 + digit;
            ++i;
        }

        return result * sign;
    }
};",https://leetcode.com/problems/string-to-integer-atoi,"class Solution {
public:
    int myAtoi(const string &s) {
        int n = s.size();
        int i = 0;

        while (i < n && s[i] == ' ') {
            ++i;
        }

        int sign = 1;
        

        if (i < n && (s[i] == '-' || s[i] == '+')) {
            sign = s[i] == '-' ? -1 : 1;
            ++i;
        }

        int result = 0;
        while (i < n && s[i] >= '0' && s[i] < '9') {
            int digit = s[i] - '0';

            if (result > (INT_MAX - digit) / 10) {
                return sign == -1 ? INT_MIN : INT_MAX;
            }

            result = result * 10 + digit;
            ++i;
        }

        return result * sign;
    }
};",[Logic – Wrong condition operator] Changed the digit parsing loop condition from allowing digits up to '9' to only allowing digits less than '9'.,Wrong Answer,"""9""","""0""","""9""",,qwen3.7-max,zero-shot,Wrong Answer,"""\""9\""""","""0""","""9""",
String,Medium,20,"The count-and-say sequence is a sequence of digit strings defined by the recursive formula:
 
  countAndSay(1) = ""1""
  countAndSay(n) is the run-length encoding of countAndSay(n - 1).
 
 Run-length encoding (RLE) is a string compression method that works by replacing consecutive identical characters (repeated 2 or more times) with the concatenation of the character and the number marking the count of the characters (length of the run). For example, to compress the string ""3322251"" we replace ""33"" with ""23"", replace ""222"" with ""32"", replace ""5"" with ""15"" and replace ""1"" with ""11"". Thus the compressed string becomes ""23321511"".
 
 Given a positive integer n, return the nth element of the count-and-say sequence.
 
 Example 1:
 
 Input: n = 4
 
 Output: ""1211""
 
 Explanation:
 
 countAndSay(1) = ""1""
 countAndSay(2) = RLE of ""1"" = ""11""
 countAndSay(3) = RLE of ""11"" = ""21""
 countAndSay(4) = RLE of ""21"" = ""1211""
 
 Example 2:
 
 Input: n = 1
 
 Output: ""1""
 
 Explanation:
 
 This is the base case.
 
 Constraints:
 
  1 <= n <= 30
 
 Follow up: Could you solve it iteratively?","class Solution {
public:
    string countAndSay(int n) {
        if(n==1)return ""1"";
        string s=countAndSay(n-1);
        string b="""";
        int c=0;
        for(int i=0;i<s.size();i++){
            c++;
            if(i==s.size()-1||s[i]!=s[i+1]){
                b+=c+48;
                b+=s[i];
                c=0;
            }
        }
        return b;
    }
};",https://leetcode.com/problems/count-and-say,"class Solution {
public:
    string countAndSay(int n) {
        if(n==1)return ""1"";
        string s=countAndSay(n-1);
        string b="""";
        int c=0;
        for(int i=0;i<s.size();i++){
            c++;
            if(i==s.size()-1||s[i]==s[i+1]){
                b+=c+48;
                b+=s[i];
                c=0;
            }
        }
        return b;
    }
};","[Logic – Wrong condition operator] Changed the group-boundary comparison from `s[i] != s[i+1]` to `s[i] == s[i+1]`, causing runs to be split incorrectly.",Wrong Answer,"n =
4","""11111111""","""1211""",,qwen3.7-max,zero-shot,Wrong Answer,"""3""","""1111""","""21""","The condition to end a run of identical characters is incorrect. It uses `s[i] == s[i+1]` instead of `s[i] != s[i+1]`, which breaks the run when characters are the same instead of when they differ."
String,Medium,21,"You have intercepted a secret message encoded as a string of numbers. The message is decoded via the following mapping:
 
 ""1"" -> 'A'
 ""2"" -> 'B'
 ...
 ""25"" -> 'Y'
 ""26"" -> 'Z'
 
 However, while decoding the message, you realize that there are many different ways you can decode the message because some codes are contained in other codes (""2"" and ""5"" vs ""25"").
 
 For example, ""11106"" can be decoded into:
 
  ""AAJF"" with the grouping (1, 1, 10, 6)
  ""KJF"" with the grouping (11, 10, 6)
  The grouping (1, 11, 06) is invalid because ""06"" is not a valid code (only ""6"" is valid).
 
 Note: there may be strings that are impossible to decode.
 
 Given a string s containing only digits, return the number of ways to decode it. If the entire string cannot be decoded in any valid way, return 0.
 
 The test cases are generated so that the answer fits in a 32-bit integer.
 
 Example 1:
 
 Input: s = ""12""
 
 Output: 2
 
 Explanation:
 
 ""12"" could be decoded as ""AB"" (1 2) or ""L"" (12).
 
 Example 2:
 
 Input: s = ""226""
 
 Output: 3
 
 Explanation:
 
 ""226"" could be decoded as ""BZ"" (2 26), ""VF"" (22 6), or ""BBF"" (2 2 6).
 
 Example 3:
 
 Input: s = ""06""
 
 Output: 0
 
 Explanation:
 
 ""06"" cannot be mapped to ""F"" because of the leading zero (""6"" is different from ""06""). In this case, the string is not a valid encoding, so return 0.
 
 Constraints:
 
  1 <= s.length <= 100
  s contains only digits and may contain leading zero(s).","#pragma GCC optimize(""Ofast"")

#include <iostream>
#include <string>

static constexpr std::size_t max_align = alignof(std::max_align_t);
alignas(max_align) static unsigned char BUFFER[64 * 1024 * 1024];
static std::size_t pos = 0;

void *operator new(const std::size_t size) {
    const std::size_t padding = (max_align - (pos % max_align)) % max_align;
    pos += padding + size;
    return static_cast<void *>(&BUFFER[pos - size]);
}

void *operator new[](const std::size_t size) {
    return operator new(size);
}

void operator delete(void *) noexcept {}

void operator delete[](void *) noexcept {}

void operator delete(void *, std::size_t) noexcept {}

void operator delete[](void *, std::size_t) noexcept {}

class Solution {
public:
    Solution() {
        std::ios::sync_with_stdio(false);
        std::cout.tie(nullptr);
        std::cin.tie(nullptr);
    }

    int numDecodings(const std::string& s) {
        if (s[0] == '0') return 0;
        if (s.length() == 1) return 1;

        unsigned int dp[s.length()];
        dp[0] = 1;

        for (std::uint8_t i = 1; i < s.length(); ++i) {
            char prev = s[i - 1], curr = s[i];
            if (curr == '0' && (prev == '0' || prev > '2')) return 0;

            if (prev == '0') dp[i] = dp[i - 1];
            else {
                if (curr == '0') dp[i] = dp[i - 1];

                else {
                    dp[i] = dp[i - 1];
                    if (i == s.length() - 1 || s[i + 1] != '0') {
                        std::uint8_t num = (prev - '0') * 10 + (curr - '0');

                        if (num <= 26) {
                            if (i > 1) dp[i] += dp[i - 2];
                            else dp[i] += 1;
                        }
                    }
                }
            }
        }

        return static_cast<int>(dp[s.length() - 1]);
    }
};",https://leetcode.com/problems/decode-ways,"#pragma GCC optimize(""Ofast"")

#include <iostream>
#include <string>

static constexpr std::size_t max_align = alignof(std::max_align_t);
alignas(max_align) static unsigned char BUFFER[64 * 1024 * 1024];
static std::size_t pos = 0;

void *operator new(const std::size_t size) {
    const std::size_t padding = (max_align - (pos % max_align)) % max_align;
    pos += padding + size;
    return static_cast<void *>(&BUFFER[pos - size]);
}

void *operator new[](const std::size_t size) {
    return operator new(size);
}

void operator delete(void *) noexcept {}

void operator delete[](void *) noexcept {}

void operator delete(void *, std::size_t) noexcept {}

void operator delete[](void *, std::size_t) noexcept {}

class Solution {
public:
    Solution() {
        std::ios::sync_with_stdio(false);
        std::cout.tie(nullptr);
        std::cin.tie(nullptr);
    }

    int numDecodings(const std::string& s) {
        if (s[0] == '0') return 0;
        if (s.length() == 1) return 1;

        unsigned int dp[s.length()];
        dp[0] = 1;

        for (std::uint8_t i = 1; i < s.length(); ++i) {
            char prev = s[i - 1], curr = s[i];
            if (curr == '0' && (prev == '0' || prev > '2')) return 0;

            if (prev == '0') dp[i] = dp[i - 1];
            else {
                if (curr == '0') dp[i] = dp[i - 1];

                else {
                    dp[i] = dp[i - 1];
                    if (i == s.length() - 1 || s[i + 1] == '0') {
                        std::uint8_t num = (prev - '0') * 10 + (curr - '0');

                        if (num <= 26) {
                            if (i > 1) dp[i] += dp[i - 2];
                            else dp[i] += 1;
                        }
                    }
                }
            }
        }

        return static_cast<int>(dp[s.length() - 1]);
    }
};","[Logic – Wrong condition operator] Changed the lookahead check from `s[i + 1] != '0'` to `s[i + 1] == '0'`, causing two-digit decodings to be counted in the wrong cases.",Wrong Answer,"s =
""226""",2,3,,qwen3.7-max,zero-shot,Wrong Answer,"""226""","""2""","""3""","The code incorrectly restricts combining two digits into a single letter to only when it is the last character or the next character is '0' (i == s.length() - 1 || s[i + 1] == '0'). This causes it to miss valid decodings like '22' and '6' for the input '226', resulting in an output of 2 instead of the correct answer 3."
String,Medium,22,"We define the string base to be the infinite wraparound string of ""abcdefghijklmnopqrstuvwxyz"", so base will look like this:
 
  ""...zabcdefghijklmnopqrstuvwxyzabcdefghijklmnopqrstuvwxyzabcd...."".
 
 Given a string s, return the number of unique non-empty substrings of s are present in base.
 
 Example 1:
 
 Input: s = ""a""
 Output: 1
 Explanation: Only the substring ""a"" of s is in base.
 
 Example 2:
 
 Input: s = ""cac""
 Output: 2
 Explanation: There are two substrings (""a"", ""c"") of s in base.
 
 Example 3:
 
 Input: s = ""zab""
 Output: 6
 Explanation: There are six substrings (""z"", ""a"", ""b"", ""za"", ""ab"", and ""zab"") of s in base.
 
 Constraints:
 
  1 <= s.length <= 105
  s consists of lowercase English letters.","class Solution {
public:
    int findSubstringInWraproundString(string p) {
        vector<int> maxLen(26, 0);
        int k = 0;
        
        for (int i = 0; i < p.size(); i++) {
            if (i > 0 && ((p[i] - p[i-1] + 26) % 26 == 1)) {
                k++;
            } else {
                k = 1;
            }
            int idx = p[i] - 'a';
            maxLen[idx] = max(maxLen[idx], k);
        }
        
        int result = 0;
        for (int len : maxLen) {
            result += len;
        }
        return result;
    }
};",https://leetcode.com/problems/unique-substrings-in-wraparound-string,"class Solution {
public:
    int findSubstringInWraproundString(string p) {
        vector<int> maxLen(26, 0);
        int k = 0;
        
        for (int i = 0; i < p.size(); i++) {
            if (i > 0 && ((p[i] - p[i-1] + 26) % 26 == 0)) {
                k++;
            } else {
                k = 1;
            }
            int idx = p[i] - 'a';
            maxLen[idx] = max(maxLen[idx], k);
        }
        
        int result = 0;
        for (int len : maxLen) {
            result += len;
        }
        return result;
    }
};","[Logic – Wrong condition operator] Changed the wraparound adjacency check from `== 1` to `== 0`, so consecutive characters are detected incorrectly.",Wrong Answer,"s =
""zab""",3,6,,qwen3.7-max,zero-shot,Wrong Answer,"""\""zab\""""","""3""","""6""",
String,Medium,23,"Given a string s, find the length of the longest substring without duplicate characters.

Example 1:

Input: s = ""abcabcbb""
Output: 3
Explanation: The answer is ""abc"", with the length of 3.

Example 2:

Input: s = ""bbbbb""
Output: 1
Explanation: The answer is ""b"", with the length of 1.

Example 3:

Input: s = ""pwwkew""
Output: 3
Explanation: The answer is ""wke"", with the length of 3.
Notice that the answer must be a substring, ""pwke"" is a subsequence and not a substring.

Constraints:

	0 <= s.length <= 5 * 104
	s consists of English letters, digits, symbols and spaces.","			

class Solution {
 public:
  int lengthOfLongestSubstring(string s) {
    int ans = 0;
    vector<int> count(128);

    for (int l = 0, r = 0; r < s.length(); ++r) {
      ++count[s[r]];
      while (count[s[r]] > 1)
        --count[s[l++]];
      ans = max(ans, r - l + 1);
    }

    return ans;
  }
};",https://leetcode.com/problems/longest-substring-without-repeating-characters,"class Solution {
 public:
  int lengthOfLongestSubstring(string s) {
    int ans = 0;
    vector<int> count(128);

    for (int l = 0, r = 0; r < s.length(); ++r) {
      ++count[s[r]];
      while (count[s[r]] >= 1)
        --count[s[l++]];
      ans = max(ans, r - l + 1);
    }

    return ans;
  }
};","[Logic – Wrong condition operator] Changed the duplicate-shrinking loop condition from `count[s[r]] > 1` to `count[s[r]] >= 1`, causing the window to shrink even when the current character is not duplicated.",Wrong Answer,"s =
""abcabcbb""",0,3,,qwen3.7-max,zero-shot,Wrong Answer,"""abcabcbb""","""0""","""3""",
String,Medium,24,"Given a string s, return the longest palindromic substring in s.

Example 1:

Input: s = ""babad""
Output: ""bab""
Explanation: ""aba"" is also a valid answer.

Example 2:

Input: s = ""cbbd""
Output: ""bb""

Constraints:

	1 <= s.length <= 1000
	s consist of only digits and English letters.","			

class Solution {
 public:
  string longestPalindrome(string s) {
    if (s.empty())
      return """";

    // [start, end] indices of the longest palindrome in s
    pair<int, int> indices{0, 0};

    for (int i = 0; i < s.length(); ++i) {
      const auto [l1, r1] = extend(s, i, i);
      if (r1 - l1 > indices.second - indices.first)
        indices = {l1, r1};
      if (i + 1 < s.length() && s[i] == s[i + 1]) {
        const auto [l2, r2] = extend(s, i, i + 1);
        if (r2 - l2 > indices.second - indices.first)
          indices = {l2, r2};
      }
    }

    return s.substr(indices.first, indices.second - indices.first + 1);
  }

 private:
  // Returns [start, end] indices of the longest palindrome extended from
  // s[i..j]
  pair<int, int> extend(const string& s, int i, int j) {
    for (; i >= 0 && j < s.length(); --i, ++j)
      if (s[i] != s[j])
        break;
    return {i + 1, j - 1};
  }
};",https://leetcode.com/problems/longest-palindromic-substring,"class Solution {
 public:
  string longestPalindrome(string s) {
    if (s.empty())
      return """";

    // [start, end] indices of the longest palindrome in s
    pair<int, int> indices{0, 0};

    for (int i = 0; i < s.length(); ++i) {
      const auto [l1, r1] = extend(s, i, i);
      if (r1 - l1 > indices.second - indices.first)
        indices = {l1, r1};
      if (i + 1 < s.length() && s[i] == s[i + 1]) {
        const auto [l2, r2] = extend(s, i, i + 1);
        if (r2 - l2 > indices.second - indices.first)
          indices = {l2, r2};
      }
    }

    return s.substr(indices.first, indices.second - indices.first + 1);
  }

 private:
  // Returns [start, end] indices of the longest palindrome extended from
  // s[i..j]
  pair<int, int> extend(const string& s, int i, int j) {
    for (; i >= 0 && j < s.length(); --i, ++j)
      if (s[i] == s[j])
        break;
    return {i + 1, j - 1};
  }
};","[Logic – Wrong condition operator] Changed the palindrome expansion mismatch check from `s[i] != s[j]` to `s[i] == s[j]`, causing expansion to stop on matching characters.",Wrong Answer,"s =
""babad""","""b""","""bab""",,qwen3.7-max,zero-shot,Wrong Answer,"""babad""","""b""","""bab""","The `extend` function has a critical logic error. It breaks out of the loop when `s[i] == s[j]` (characters match), but it should continue expanding while characters match and stop when they don't. The correct condition should be `s[i] != s[j]` to break, or the loop condition should include `s[i] == s[j]` to continue. As written, for any single-character center (i, i), `s[i] == s[i]` is always true, so it breaks immediately on the first iteration and returns an invalid range {i+1, i-1} with negative length. This causes the function to always return a single character instead of the longest palindromic substring."
String,Medium,25,"Seven different symbols represent Roman numerals with the following values:

			Symbol
			Value

			I
			1

			V
			5

			X
			10

			L
			50

			C
			100

			D
			500

			M
			1000

Roman numerals are formed by appending the conversions of decimal place values from highest to lowest. Converting a decimal place value into a Roman numeral has the following rules:

	If the value does not start with 4 or 9, select the symbol of the maximal value that can be subtracted from the input, append that symbol to the result, subtract its value, and convert the remainder to a Roman numeral.
	If the value starts with 4 or 9 use the subtractive form representing one symbol subtracted from the following symbol, for example, 4 is 1 (I) less than 5 (V): IV and 9 is 1 (I) less than 10 (X): IX. Only the following subtractive forms are used: 4 (IV), 9 (IX), 40 (XL), 90 (XC), 400 (CD) and 900 (CM).
	Only powers of 10 (I, X, C, M) can be appended consecutively at most 3 times to represent multiples of 10. You cannot append 5 (V), 50 (L), or 500 (D) multiple times. If you need to append a symbol 4 times use the subtractive form.

Given an integer, convert it to a Roman numeral.

Example 1:

Input: num = 3749

Output: ""MMMDCCXLIX""

Explanation:

3000 = MMM as 1000 (M) + 1000 (M) + 1000 (M)
 700 = DCC as 500 (D) + 100 (C) + 100 (C)
  40 = XL as 10 (X) less of 50 (L)
   9 = IX as 1 (I) less of 10 (X)
Note: 49 is not 1 (I) less of 50 (L) because the conversion is based on decimal places

Example 2:

Input: num = 58

Output: ""LVIII""

Explanation:

50 = L
 8 = VIII

Example 3:

Input: num = 1994

Output: ""MCMXCIV""

Explanation:

1000 = M
 900 = CM
  90 = XC
   4 = IV

Constraints:

	1 <= num <= 3999","			

class Solution {
 public:
  string intToRoman(int num) {
    const vector<pair<int, string>> valueSymbols{
        {1000, ""M""}, {900, ""CM""}, {500, ""D""}, {400, ""CD""}, {100, ""C""},
        {90, ""XC""},  {50, ""L""},   {40, ""XL""}, {10, ""X""},   {9, ""IX""},
        {5, ""V""},    {4, ""IV""},   {1, ""I""}};
    string ans;

    for (const auto& [value, symbol] : valueSymbols) {
      if (num == 0)
        break;
      while (num >= value) {
        num -= value;
        ans += symbol;
      }
    }

    return ans;
  }
};",https://leetcode.com/problems/integer-to-roman,"class Solution {
 public:
  string intToRoman(int num) {
    const vector<pair<int, string>> valueSymbols{
        {1000, ""M""}, {900, ""CM""}, {500, ""D""}, {400, ""CD""}, {100, ""C""},
        {90, ""XC""},  {50, ""L""},   {40, ""XL""}, {10, ""X""},   {9, ""IX""},
        {5, ""V""},    {4, ""IV""},   {1, ""I""}};
    string ans;

    for (const auto& [value, symbol] : valueSymbols) {
      if (num != 0)
        break;
      while (num >= value) {
        num -= value;
        ans += symbol;
      }
    }

    return ans;
  }
};",[Logic – Wrong condition operator] Changed the loop early-exit check from `num == 0` to `num != 0`.,Wrong Answer,"num =
3749","""""","""MMMDCCXLIX""",,qwen3.7-max,zero-shot,Wrong Answer,"""3749""","""""","""MMMDCCXLIX""","The condition `if (num != 0) break;` is logically inverted and should be `if (num == 0) break;`. As written, the loop breaks immediately on the first iteration for any non-zero input, resulting in an empty string being returned."
String,Medium,26,"Given a string containing digits from 2-9 inclusive, return all possible letter combinations that the number could represent. Return the answer in any order.

A mapping of digits to letters (just like on the telephone buttons) is given below. Note that 1 does not map to any letters.

Example 1:

Input: digits = ""23""
Output: [""ad"",""ae"",""af"",""bd"",""be"",""bf"",""cd"",""ce"",""cf""]

Example 2:

Input: digits = """"
Output: []

Example 3:

Input: digits = ""2""
Output: [""a"",""b"",""c""]

Constraints:

	0 <= digits.length <= 4
	digits[i] is a digit in the range ['2', '9'].","			

class Solution {
 public:
  vector<string> letterCombinations(string digits) {
    if (digits.empty())
      return {};

    vector<string> ans;

    dfs(digits, 0, """", ans);
    return ans;
  }

 private:
  const vector<string> digitToLetters{"""",    """",    ""abc"",  ""def"", ""ghi"",
                                      ""jkl"", ""mno"", ""pqrs"", ""tuv"", ""wxyz""};

  void dfs(const string& digits, int i, string&& path, vector<string>& ans) {
    if (i == digits.length()) {
      ans.push_back(path);
      return;
    }

    for (const char letter : digitToLetters[digits[i] - '0']) {
      path.push_back(letter);
      dfs(digits, i + 1, move(path), ans);
      path.pop_back();
    }
  }
};",https://leetcode.com/problems/letter-combinations-of-a-phone-number,"class Solution {
 public:
  vector<string> letterCombinations(string digits) {
    if (digits.empty())
      return {};

    vector<string> ans;

    dfs(digits, 0, """", ans);
    return ans;
  }

 private:
  const vector<string> digitToLetters{"""",    """",    ""abc"",  ""def"", ""ghi"",
                                      ""jkl"", ""mno"", ""pqrs"", ""tuv"", ""wxyz""};

  void dfs(const string& digits, int i, string&& path, vector<string>& ans) {
    if (i != digits.length()) {
      ans.push_back(path);
      return;
    }

    for (const char letter : digitToLetters[digits[i] - '0']) {
      path.push_back(letter);
      dfs(digits, i + 1, move(path), ans);
      path.pop_back();
    }
  }
};",[Logic – Wrong condition operator] Changed the DFS base case condition from `i == digits.length()` to `i != digits.length()`.,Wrong Answer,"digits =
""23""","[""""]","[""ad"",""ae"",""af"",""bd"",""be"",""bf"",""cd"",""ce"",""cf""]",,qwen3.7-max,zero-shot,Wrong Answer,"""\""23\""""","""[\""\""]""","""[\""ad\"",\""ae\"",\""af\"",\""bd\"",\""be\"",\""bf\"",\""cd\"",\""ce\"",\""cf\""]""",
String,Medium,27,"Given n pairs of parentheses, write a function to generate all combinations of well-formed parentheses.

Example 1:
Input: n = 3
Output: [""((()))"",""(()())"",""(())()"",""()(())"",""()()()""]
Example 2:
Input: n = 1
Output: [""()""]

Constraints:

	1 <= n <= 8","			

class Solution {
 public:
  vector<string> generateParenthesis(int n) {
    vector<string> ans;

    dfs(n, n, """", ans);
    return ans;
  }

 private:
  void dfs(int l, int r, string&& path, vector<string>& ans) {
    if (l == 0 && r == 0) {
      ans.push_back(path);
      return;
    }

    if (l > 0) {
      path.push_back('(');
      dfs(l - 1, r, move(path), ans);
      path.pop_back();
    }
    if (l < r) {
      path.push_back(')');
      dfs(l, r - 1, move(path), ans);
      path.pop_back();
    }
  }
};",https://leetcode.com/problems/generate-parentheses,"class Solution {
 public:
  vector<string> generateParenthesis(int n) {
    vector<string> ans;

    dfs(n, n, """", ans);
    return ans;
  }

 private:
  void dfs(int l, int r, string&& path, vector<string>& ans) {
    if (l == 0 && r == 0) {
      ans.push_back(path);
      return;
    }

    if (l > 0) {
      path.push_back('(');
      dfs(l - 1, r, move(path), ans);
      path.pop_back();
    }
    if (l <= r) {
      path.push_back(')');
      dfs(l, r - 1, move(path), ans);
      path.pop_back();
    }
  }
};","[Logic – Wrong condition operator] Changed the closing-parenthesis guard from `l < r` to `l <= r`, allowing invalid paths with too many closing parentheses.",Wrong Answer,"n =
3","[""((()))"",""(()())"",""(())()"",""(()))("",""()(())"",""()()()"",""()())("",""())(()"",""())()("","")((())"","")(()()"","")(())("","")()(()"","")()()(""]","[""((()))"",""(()())"",""(())()"",""()(())"",""()()()""]",,qwen3.7-max,zero-shot,Wrong Answer,"""1""","""[\""()\"", \"")(\""]""","""[\""()\""]""",
String,Medium,28,"Given two non-negative integers num1 and num2 represented as strings, return the product of num1 and num2, also represented as a string.

Note: You must not use any built-in BigInteger library or convert the inputs to integer directly.

Example 1:
Input: num1 = ""2"", num2 = ""3""
Output: ""6""
Example 2:
Input: num1 = ""123"", num2 = ""456""
Output: ""56088""

Constraints:

	1 <= num1.length, num2.length <= 200
	num1 and num2 consist of digits only.
	Both num1 and num2 do not contain any leading zero, except the number 0 itself.","			

class Solution {
 public:
  string multiply(string num1, string num2) {
    string s(num1.length() + num2.length(), '0');

    for (int i = num1.length() - 1; i >= 0; --i)
      for (int j = num2.length() - 1; j >= 0; --j) {
        const int mult = (num1[i] - '0') * (num2[j] - '0');
        const int sum = mult + (s[i + j + 1] - '0');
        s[i + j] += sum / 10;
        s[i + j + 1] = '0' + sum % 10;
      }

    const int i = s.find_first_not_of('0');
    return i == -1 ? ""0"" : s.substr(i);
  }
};",https://leetcode.com/problems/multiply-strings,"class Solution {
 public:
  string multiply(string num1, string num2) {
    string s(num1.length() + num2.length(), '0');

    for (int i = num1.length() - 1; i >= 0; --i)
      for (int j = num2.length() - 1; j >= 0; --j) {
        const int mult = (num1[i] - '0') * (num2[j] - '0');
        const int sum = mult + (s[i + j + 1] - '0');
        s[i + j] += sum / 10;
        s[i + j + 1] = '0' + sum % 10;
      }

    const int i = s.find_first_not_of('0');
    return i != -1 ? ""0"" : s.substr(i);
  }
};","[Logic – Wrong condition operator] Changed the final zero-trimming condition from `i == -1` to `i != -1`, causing nonzero products to return `""0""`.",Wrong Answer,"num1 =
""2""
num2 =
""3""","""0""","""6""",,qwen3.7-max,zero-shot,Wrong Answer,"""num1 = \""2\"", num2 = \""3\""""","""\""0\""""","""\""6\""""",
String,Medium,29,"Given an array of strings strs, group the anagrams together. You can return the answer in any order.

Example 1:

Input: strs = [""eat"",""tea"",""tan"",""ate"",""nat"",""bat""]

Output: [[""bat""],[""nat"",""tan""],[""ate"",""eat"",""tea""]]

Explanation:

	There is no string in strs that can be rearranged to form ""bat"".
	The strings ""nat"" and ""tan"" are anagrams as they can be rearranged to form each other.
	The strings ""ate"", ""eat"", and ""tea"" are anagrams as they can be rearranged to form each other.

Example 2:

Input: strs = [""""]

Output: [[""""]]

Example 3:

Input: strs = [""a""]

Output: [[""a""]]

Constraints:

	1 <= strs.length <= 104
	0 <= strs[i].length <= 100
	strs[i] consists of lowercase English letters.","			

class Solution {
 public:
  vector<vector<string>> groupAnagrams(vector<string>& strs) {
    vector<vector<string>> ans;
    unordered_map<string, vector<string>> keyToAnagrams;

    for (const string& str : strs) {
      string key = str;
      sort(begin(key), end(key));
      keyToAnagrams[key].push_back(str);
    }

    for (const auto& [_, anagrams] : keyToAnagrams)
      ans.push_back(anagrams);

    return ans;
  }
};",https://leetcode.com/problems/group-anagrams,"class Solution {
 public:
  vector<vector<string>> groupAnagrams(vector<string>& strs) {
    vector<vector<string>> ans;
    unordered_map<string, vector<string>> keyToAnagrams;
    int crash = strs[0][0];

    for (const string& str : strs) {
      string key = str;
      sort(begin(key), end(key));
      keyToAnagrams[key].push_back(str);
    }

    for (const auto& [_, anagrams] : keyToAnagrams)
      ans.push_back(anagrams);

    return ans;
  }
};",[Logic – Dead code injection] Added a spurious unused assignment that accesses the first character of the first string before processing.,Accepted,,,,,qwen3.7-max,zero-shot,Accepted,"""""","""""","""""",
String,Medium,30,"You are given an absolute path for a Unix-style file system, which always begins with a slash '/'. Your task is to transform this absolute path into its simplified canonical path.

The rules of a Unix-style file system are as follows:

	A single period '.' represents the current directory.
	A double period '..' represents the previous/parent directory.
	Multiple consecutive slashes such as '//' and '///' are treated as a single slash '/'.
	Any sequence of periods that does not match the rules above should be treated as a valid directory or file name. For example, '...' and '....' are valid directory or file names.

The simplified canonical path should follow these rules:

	The path must start with a single slash '/'.
	Directories within the path must be separated by exactly one slash '/'.
	The path must not end with a slash '/', unless it is the root directory.
	The path must not have any single or double periods ('.' and '..') used to denote current or parent directories.

Return the simplified canonical path.

Example 1:

Input: path = ""/home/""

Output: ""/home""

Explanation:

The trailing slash should be removed.

Example 2:

Input: path = ""/home//foo/""

Output: ""/home/foo""

Explanation:

Multiple consecutive slashes are replaced by a single one.

Example 3:

Input: path = ""/home/user/Documents/../Pictures""

Output: ""/home/user/Pictures""

Explanation:

A double period "".."" refers to the directory up a level (the parent directory).

Example 4:

Input: path = ""/../""

Output: ""/""

Explanation:

Going one level up from the root directory is not possible.

Example 5:

Input: path = ""/.../a/../b/c/../d/./""

Output: ""/.../b/d""

Explanation:

""..."" is a valid name for a directory in this problem.

Constraints:

	1 <= path.length <= 3000
	path consists of English letters, digits, period '.', slash '/' or '_'.
	path is a valid absolute Unix path.","                        

class Solution {
 public:
  string simplifyPath(string path) {
    string ans;
    istringstream iss(path);
    vector<string> stack;

    for (string dir; getline(iss, dir, '/');) {
      if (dir.empty() || dir == ""."")
        continue;
      if (dir == "".."") {
        if (!stack.empty())
          stack.pop_back();
      } else {
        stack.push_back(dir);
      }
    }

    for (const string& s : stack)
      ans += ""/"" + s;

    return ans.empty() ? ""/"" : ans;
  }
};",https://leetcode.com/problems/simplify-path,"class Solution {
 public:
  string simplifyPath(string path) {
    string ans;
    istringstream iss(path);
    vector<string> stack;

    for (string dir; getline(iss, dir, '/');) {
      if (dir.empty() && dir == ""."")
        continue;
      if (dir == "".."") {
        if (!stack.empty())
          stack.pop_back();
      } else {
        stack.push_back(dir);
      }
    }

    for (const string& s : stack)
      ans += ""/"" + s;

    return ans.empty() ? ""/"" : ans;
  }
};",[Logic – Wrong condition operator] Changed the skip condition for empty or current-directory components from logical OR to logical AND.,Wrong Answer,"path =
""/home/""","""//home""","""/home""",,qwen3.7-max,zero-shot,Wrong Answer,"""/home/""","""//home/""","""/home""","The condition `dir.empty() && dir == "".""` is logically incorrect and always evaluates to false, as a string cannot be both empty and equal to ""."". It should be `dir.empty() || dir == "".""`. Because of this bug, empty strings (from multiple or trailing slashes) and ""."" directories are incorrectly pushed onto the stack, resulting in an output with extra slashes and ""."" components."
String,Medium,31,"Given two strings word1 and word2, return the minimum number of operations required to convert word1 to word2.

You have the following three operations permitted on a word:

	Insert a character
	Delete a character
	Replace a character

Example 1:

Input: word1 = ""horse"", word2 = ""ros""
Output: 3
Explanation: 
horse -> rorse (replace 'h' with 'r')
rorse -> rose (remove 'r')
rose -> ros (remove 'e')

Example 2:

Input: word1 = ""intention"", word2 = ""execution""
Output: 5
Explanation: 
intention -> inention (remove 't')
inention -> enention (replace 'i' with 'e')
enention -> exention (replace 'n' with 'x')
exention -> exection (replace 'n' with 'c')
exection -> execution (insert 'u')

Constraints:

	0 <= word1.length, word2.length <= 500
	word1 and word2 consist of lowercase English letters.","			

class Solution {
 public:
  int minDistance(string word1, string word2) {
    const int m = word1.length();
    const int n = word2.length();
    // dp[i][j] := min # of operations to convert word1[0..i) to word2[0..j)
    vector<vector<int>> dp(m + 1, vector<int>(n + 1));

    for (int i = 1; i <= m; ++i)
      dp[i][0] = i;

    for (int j = 1; j <= n; ++j)
      dp[0][j] = j;

    for (int i = 1; i <= m; ++i)
      for (int j = 1; j <= n; ++j)
        if (word1[i - 1] == word2[j - 1])
          dp[i][j] = dp[i - 1][j - 1];
        else
          dp[i][j] = min({dp[i - 1][j - 1], dp[i - 1][j], dp[i][j - 1]}) + 1;

    return dp[m][n];
  }
};",https://leetcode.com/problems/edit-distance,"class Solution {
 public:
  int minDistance(string word1, string word2) {
    const int m = word1.length();
    const int n = word2.length();
    // dp[i][j] := min # of operations to convert word1[0..i) to word2[0..j)
    vector<vector<int>> dp(m + 1, vector<int>(n + 1));

    for (int i = 1; i <= m; ++i)
      dp[i][0] = i;

    for (int j = 1; j <= n; ++j)
      dp[0][j] = j;

    for (int i = 1; i <= m; ++i)
      for (int j = 1; j <= n; ++j)
        if (word1[i - 1] != word2[j - 1])
          dp[i][j] = dp[i - 1][j - 1];
        else
          dp[i][j] = min({dp[i - 1][j - 1], dp[i - 1][j], dp[i][j - 1]}) + 1;

    return dp[m][n];
  }
};",[Logic – Wrong condition operator] Changed the character match check from `==` to `!=` in the DP transition.,Wrong Answer,"word1 =
""horse""
word2 =
""ros""",2,3,,qwen3.7-max,zero-shot,Wrong Answer,"""word1 = \""a\"", word2 = \""b\""""","""0""","""1""","The if-else condition for character equality is inverted. When characters are different, it incorrectly takes dp[i-1][j-1] without adding 1 for the replacement cost. When characters are the same, it incorrectly adds 1 to the minimum of the operations."
String,Medium,32,"Given an m x n grid of characters board and a string word, return true if word exists in the grid.

The word can be constructed from letters of sequentially adjacent cells, where adjacent cells are horizontally or vertically neighboring. The same letter cell may not be used more than once.

Example 1:

Input: board = [[""A"",""B"",""C"",""E""],[""S"",""F"",""C"",""S""],[""A"",""D"",""E"",""E""]], word = ""ABCCED""
Output: true

Example 2:

Input: board = [[""A"",""B"",""C"",""E""],[""S"",""F"",""C"",""S""],[""A"",""D"",""E"",""E""]], word = ""SEE""
Output: true

Example 3:

Input: board = [[""A"",""B"",""C"",""E""],[""S"",""F"",""C"",""S""],[""A"",""D"",""E"",""E""]], word = ""ABCB""
Output: false

Constraints:

	m == board.length
	n = board[i].length
	1 <= m, n <= 6
	1 <= word.length <= 15
	board and word consists of only lowercase and uppercase English letters.

Follow up: Could you use search pruning to make your solution faster with a larger board?","			

class Solution {
 public:
  bool exist(vector<vector<char>>& board, string word) {
    for (int i = 0; i < board.size(); ++i)
      for (int j = 0; j < board[0].size(); ++j)
        if (dfs(board, word, i, j, 0))
          return true;
    return false;
  }

 private:
  bool dfs(vector<vector<char>>& board, const string& word, int i, int j,
           int s) {
    if (i < 0 || i == board.size() || j < 0 || j == board[0].size())
      return false;
    if (board[i][j] != word[s] || board[i][j] == '*')
      return false;
    if (s == word.length() - 1)
      return true;

    const char cache = board[i][j];
    board[i][j] = '*';
    const bool isExist = dfs(board, word, i + 1, j, s + 1) ||
                         dfs(board, word, i - 1, j, s + 1) ||
                         dfs(board, word, i, j + 1, s + 1) ||
                         dfs(board, word, i, j - 1, s + 1);
    board[i][j] = cache;

    return isExist;
  }
};",https://leetcode.com/problems/word-search,"class Solution {
 public:
  bool exist(vector<vector<char>>& board, string word) {
    for (int i = 0; i < board.size(); ++i)
      for (int j = 0; j < board[0].size(); ++j)
        if (dfs(board, word, i, j, 0))
          return true;
    return false;
  }

 private:
  bool dfs(vector<vector<char>>& board, const string& word, int i, int j,
           int s) {
    if (i < 0 || i == board.size() || j < 0 || j == board[0].size())
      return false;
    if (board[i][j] == word[s] || board[i][j] == '*')
      return false;
    if (s == word.length() - 1)
      return true;

    const char cache = board[i][j];
    board[i][j] = '*';
    const bool isExist = dfs(board, word, i + 1, j, s + 1) ||
                         dfs(board, word, i - 1, j, s + 1) ||
                         dfs(board, word, i, j + 1, s + 1) ||
                         dfs(board, word, i, j - 1, s + 1);
    board[i][j] = cache;

    return isExist;
  }
};",[Logic – Wrong condition operator] Changed the DFS character mismatch check from `board[i][j] != word[s]` to `board[i][j] == word[s]`.,Wrong Answer,"board =
[[""A"",""B"",""C"",""E""],[""S"",""F"",""C"",""S""],[""A"",""D"",""E"",""E""]]
word =
""ABCB""",TRUE,FALSE,,qwen3.7-max,zero-shot,Wrong Answer,"""board = [[\""A\"",\""B\"",\""C\"",\""E\""],[\""S\"",\""F\"",\""C\"",\""S\""],[\""A\"",\""D\"",\""E\"",\""E\""]], word = \""ABCCED\""""","""false""","""true""",
String,Medium,33,"A valid IP address consists of exactly four integers separated by single dots. Each integer is between 0 and 255 (inclusive) and cannot have leading zeros.

	For example, ""0.1.2.201"" and ""192.168.1.1"" are valid IP addresses, but ""0.011.255.245"", ""192.168.1.312"" and ""192.168@1.1"" are invalid IP addresses.

Given a string s containing only digits, return all possible valid IP addresses that can be formed by inserting dots into s. You are not allowed to reorder or remove any digits in s. You may return the valid IP addresses in any order.

Example 1:

Input: s = ""25525511135""
Output: [""255.255.11.135"",""255.255.111.35""]

Example 2:

Input: s = ""0000""
Output: [""0.0.0.0""]

Example 3:

Input: s = ""101023""
Output: [""1.0.10.23"",""1.0.102.3"",""10.1.0.23"",""10.10.2.3"",""101.0.2.3""]

Constraints:

	1 <= s.length <= 20
	s consists of digits only.","			

class Solution {
 public:
  vector<string> restoreIpAddresses(const string& s) {
    vector<string> ans;
    dfs(s, 0, {}, ans);
    return ans;
  }

 private:
  void dfs(const string& s, int start, vector<string>&& path,
           vector<string>& ans) {
    if (path.size() == 4 && start == s.length()) {
      ans.push_back(path[0] + ""."" + path[1] + ""."" + path[2] + ""."" + path[3]);
      return;
    }
    if (path.size() == 4 || start == s.length())
      return;

    for (int length = 1; length <= 3; ++length) {
      if (start + length > s.length())
        return;  // Out of bound
      if (length > 1 && s[start] == '0')
        return;  // Leading '0'
      const string& num = s.substr(start, length);
      if (stoi(num) > 255)
        return;
      path.push_back(num);
      dfs(s, start + length, move(path), ans);
      path.pop_back();
    }
  }
};",https://leetcode.com/problems/restore-ip-addresses,"class Solution {
 public:
  vector<string> restoreIpAddresses(const string& s) {
    vector<string> ans;
    dfs(s, 0, {}, ans);
    return ans;
  }

 private:
  void dfs(const string& s, int start, vector<string>&& path,
           vector<string>& ans) {
    if (path.size() == 4 && start != s.length()) {
      ans.push_back(path[0] + ""."" + path[1] + ""."" + path[2] + ""."" + path[3]);
      return;
    }
    if (path.size() == 4 || start == s.length())
      return;

    for (int length = 1; length <= 3; ++length) {
      if (start + length > s.length())
        return;  // Out of bound
      if (length > 1 && s[start] == '0')
        return;  // Leading '0'
      const string& num = s.substr(start, length);
      if (stoi(num) > 255)
        return;
      path.push_back(num);
      dfs(s, start + length, move(path), ans);
      path.pop_back();
    }
  }
};",[Logic – Wrong condition operator] Changed the successful DFS termination condition from `start == s.length()` to `start != s.length()`.,Wrong Answer,"s =
""25525511135""","[""2.5.5.2"",""2.5.5.25"",""2.5.5.255"",""2.5.52.5"",""2.5.52.55"",""2.55.2.5"",""2.55.2.55"",""2.55.25.5"",""2.55.25.51"",""2.55.255.1"",""2.55.255.11"",""2.55.255.111"",""25.5.2.5"",""25.5.2.55"",""25.5.25.5"",""25.5.25.51"",""25.5.255.1"",""25.5.255.11"",""25.5.255.111"",""25.52.5.5"",""25.52.5.51"",""25.52.55.1"",""25.52.55.11"",""25.52.55.111"",""255.2.5.5"",""255.2.5.51"",""255.2.55.1"",""255.2.55.11"",""255.2.55.111"",""255.25.5.1"",""255.25.5.11"",""255.25.5.111"",""255.25.51.1"",""255.25.51.11"",""255.25.51.113"",""255.255.1.1"",""255.255.1.11"",""255.255.1.113"",""255.255.11.1"",""255.255.11.13"",""255.255.111.3""]","[""255.255.11.135"",""255.255.111.35""]",,qwen3.7-max,zero-shot,Wrong Answer,"""0000""","""[]""","""[\""0.0.0.0\""]""","The condition to add a valid IP address to the result is inverted. The code adds the path to the answer when `start != s.length()` (meaning there are leftover characters, which is invalid) and returns without adding when `start == s.length()` (which is the correct condition for a valid, fully consumed IP address)."
String,Medium,34,"Given strings s1, s2, and s3, find whether s3 is formed by an interleaving of s1 and s2.

An interleaving of two strings s and t is a configuration where s and t are divided into n and m substrings respectively, such that:

	s = s1 + s2 + ... + sn
	t = t1 + t2 + ... + tm
	|n - m| <= 1
	The interleaving is s1 + t1 + s2 + t2 + s3 + t3 + ... or t1 + s1 + t2 + s2 + t3 + s3 + ...

Note: a + b is the concatenation of strings a and b.

Example 1:

Input: s1 = ""aabcc"", s2 = ""dbbca"", s3 = ""aadbbcbcac""
Output: true
Explanation: One way to obtain s3 is:
Split s1 into s1 = ""aa"" + ""bc"" + ""c"", and s2 into s2 = ""dbbc"" + ""a"".
Interleaving the two splits, we get ""aa"" + ""dbbc"" + ""bc"" + ""a"" + ""c"" = ""aadbbcbcac"".
Since s3 can be obtained by interleaving s1 and s2, we return true.

Example 2:

Input: s1 = ""aabcc"", s2 = ""dbbca"", s3 = ""aadbbbaccc""
Output: false
Explanation: Notice how it is impossible to interleave s2 with any other string to obtain s3.

Example 3:

Input: s1 = """", s2 = """", s3 = """"
Output: true

Constraints:

	0 <= s1.length, s2.length <= 100
	0 <= s3.length <= 200
	s1, s2, and s3 consist of lowercase English letters.

Follow up: Could you solve it using only O(s2.length) additional memory space?","                        

class Solution {
 public:
  bool isInterleave(string s1, string s2, string s3) {
    const int m = s1.length();
    const int n = s2.length();
    if (m + n != s3.length())
      return false;

    // dp[i][j] := true if s3[0..i + j) is formed by the interleaving of
    //             s1[0..i) and s2[0..j)
    vector<vector<bool>> dp(m + 1, vector<bool>(n + 1));
    dp[0][0] = true;

    for (int i = 1; i <= m; ++i)
      dp[i][0] = dp[i - 1][0] && s1[i - 1] == s3[i - 1];

    for (int j = 1; j <= n; ++j)
      dp[0][j] = dp[0][j - 1] && s2[j - 1] == s3[j - 1];

    for (int i = 1; i <= m; ++i)
      for (int j = 1; j <= n; ++j)
        dp[i][j] = dp[i - 1][j] && s1[i - 1] == s3[i + j - 1] ||
                   dp[i][j - 1] && s2[j - 1] == s3[i + j - 1];

    return dp[m][n];
  }
};",https://leetcode.com/problems/interleaving-string,"class Solution {
 public:
  bool isInterleave(string s1, string s2, string s3) {
    const int m = s1.length();
    const int n = s2.length();
    if (m + n == s3.length())
      return false;

    // dp[i][j] := true if s3[0..i + j) is formed by the interleaving of
    //             s1[0..i) and s2[0..j)
    vector<vector<bool>> dp(m + 1, vector<bool>(n + 1));
    dp[0][0] = true;

    for (int i = 1; i <= m; ++i)
      dp[i][0] = dp[i - 1][0] && s1[i - 1] == s3[i - 1];

    for (int j = 1; j <= n; ++j)
      dp[0][j] = dp[0][j - 1] && s2[j - 1] == s3[j - 1];

    for (int i = 1; i <= m; ++i)
      for (int j = 1; j <= n; ++j)
        dp[i][j] = dp[i - 1][j] && s1[i - 1] == s3[i + j - 1] ||
                   dp[i][j - 1] && s2[j - 1] == s3[i + j - 1];

    return dp[m][n];
  }
};","[Logic – Wrong condition operator] Changed the length validation from `m + n != s3.length()` to `m + n == s3.length()`, causing valid-length inputs to be rejected.",Wrong Answer,"s1 =
""aabcc""
s2 =
""dbbca""
s3 =
""aadbbcbcac""",FALSE,TRUE,,qwen3.7-max,zero-shot,Wrong Answer,"""s1 = \""aabcc\"", s2 = \""dbbca\"", s3 = \""aadbbcbcac\""""","""false""","""true""","The length check condition is inverted. The code returns false when m + n == s3.length(), which is exactly the condition required for a valid interleaving. It should be m + n != s3.length()."
String,Hard,35,"Given a string s, return whether s is a valid number.
 
 For example, all the following are valid numbers: ""2"", ""0089"", ""-0.1"", ""+3.14"", ""4."", ""-.9"", ""2e10"", ""-90E3"", ""3e+7"", ""+6e-1"", ""53.5e93"", ""-123.456e789"", while the following are not valid numbers: ""abc"", ""1a"", ""1e"", ""e3"", ""99e2.5"", ""--6"", ""-+3"", ""95a54e53"".
 
 Formally, aÂ valid number is defined using one of the following definitions:
 
  An integer number followed by an optional exponent.
  A decimal number followed by an optional exponent.
 
 An integer number is defined with an optional sign '-' or '+' followed by digits.
 
 A decimal number is defined with an optional sign '-' or '+' followed by one of the following definitions:
 
  Digits followed by a dot '.'.
  Digits followed by a dot '.' followed by digits.
  A dot '.' followed by digits.
 
 An exponent is defined with an exponent notation 'e' or 'E' followed by an integer number.
 
 The digits are defined as one or more digits.
 
 Example 1:
 
 Input: s = ""0""
 
 Output: true
 
 Example 2:
 
 Input: s = ""e""
 
 Output: false
 
 Example 3:
 
 Input: s = "".""
 
 Output: false
 
 Constraints:
 
  1 <= s.length <= 20
  s consists of only English letters (both uppercase and lowercase), digits (0-9), plus '+', minus '-', or dot '.'.","class Solution {
public:
    bool isNumber(span<char> s) {
        if (s[0] == '+' || s[0] == '-') s = s.subspan(1);

        auto s_ = strip_int(s);

        if (s_[0] == '.') {
            bool empty_before_dot = s_.size() == s.size();
            s = s_.subspan(1);
            s_ = strip_int(s);
            if (empty_before_dot && s_.size() == s.size()) return false;
        } else if (s_.size() == s.size()) return false;

        if (s_.empty()) return true;
        if (s_[0] == 'e' || s_[0] == 'E') {
            s = s_.subspan(1);
            if (!s.empty() && (s[0] == '+' || s[0] == '-')) s = s.subspan(1);
            s_ = strip_int(s);
            if (s_.size() == s.size()) return false;
        }

        return s_.empty();
    }

    span<char> strip_int(span<char> s) {
        size_t i = 0;

        while (i < s.size() && is_digit(s[i])) ++i;
        
        return s.subspan(i);
    }

    bool is_digit(char c) {
        return isdigit(c);
    }
};",https://leetcode.com/problems/valid-number,"class Solution {
public:
    bool isNumber(span<char> s) {
        if (s[0] == '+' || s[0] == '-') s = s.subspan(1);

        auto s_ = strip_int(s);

        if (s_[0] == '.') {
            bool empty_before_dot = s_.size() == s.size();
            s = s_.subspan(1);
            s_ = strip_int(s);
            if (empty_before_dot && s_.size() == s.size()) return false;
        } else if (s_.size() == s.size()) return false;

        if (s_.empty()) return true;
        if (s_[0] == 'e' && s_[0] == 'E') {
            s = s_.subspan(1);
            if (!s.empty() && (s[0] == '+' || s[0] == '-')) s = s.subspan(1);
            s_ = strip_int(s);
            if (s_.size() == s.size()) return false;
        }

        return s_.empty();
    }

    span<char> strip_int(span<char> s) {
        size_t i = 0;

        while (i < s.size() && is_digit(s[i])) ++i;
        
        return s.subspan(i);
    }

    bool is_digit(char c) {
        return isdigit(c);
    }
};",[Logic – Wrong condition operator] Changed the exponent marker check from accepting either 'e' or 'E' to requiring both conditions simultaneously.,Wrong Answer,"""2e10""",FALSE,TRUE,,qwen3.7-max,zero-shot,Wrong Answer,"""\""2e10\""""","""false""","""true""","The condition `s_[0] == 'e' && s_[0] == 'E'` is logically impossible and will always evaluate to false, as a single character cannot be both 'e' and 'E' simultaneously. It should be `s_[0] == 'e' || s_[0] == 'E'`. As a result, the code fails to parse the exponent part and incorrectly returns false for valid inputs containing exponents like ""2e10""."
String,Hard,36,"We can scramble a string s to get a string t using the following algorithm:
 
  If the length of the string is 1, stop.
  If the length of the string is > 1, do the following:
 
  Split the string into two non-empty substrings at a random index, i.e., if the string is s, divide it to x and y where s = x + y.
  RandomlyÂ decide to swap the two substrings or to keep them in the same order. i.e., after this step, s may become s = x + y or s = y + x.
  Apply step 1 recursively on each of the two substrings x and y.
 
 Given two strings s1 and s2 of the same length, return true if s2 is a scrambled string of s1, otherwise, return false.
 
 Example 1:
 
 Input: s1 = ""great"", s2 = ""rgeat""
 Output: true
 Explanation: One possible scenario applied on s1 is:
 ""great"" --> ""gr/eat"" // divide at random index.
 ""gr/eat"" --> ""gr/eat"" // random decision is not to swap the two substrings and keep them in order.
 ""gr/eat"" --> ""g/r / e/at"" // apply the same algorithm recursively on both substrings. divide at random index each of them.
 ""g/r / e/at"" --> ""r/g / e/at"" // random decision was to swap the first substring and to keep the second substring in the same order.
 ""r/g / e/at"" --> ""r/g / e/ a/t"" // again apply the algorithm recursively, divide ""at"" to ""a/t"".
 ""r/g / e/ a/t"" --> ""r/g / e/ a/t"" // random decision is to keep both substrings in the same order.
 The algorithm stops now, and the result string is ""rgeat"" which is s2.
 As one possible scenario led s1 to be scrambled to s2, we return true.
 
 Example 2:
 
 Input: s1 = ""abcde"", s2 = ""caebd""
 Output: false
 
 Example 3:
 
 Input: s1 = ""a"", s2 = ""a""
 Output: true
 
 Constraints:
 
  s1.length == s2.length
  1 <= s1.length <= 30
  s1 and s2 consist of lowercase English letters.","class Solution {
    std::string_view s1, s2;
    std::array<char, 1 << 15> memo{};

    constexpr bool R(int o1, int o2, int l) noexcept {
        if (l == 1)
            return s1[o1] == s2[o2];
        char& r = memo[(o1 << 10) | (o2 << 5) | l];
        if (r)
            return r == 2;

        for (int t = 1; t != l && !r; ++t) {
            r = (R(o1, o2, t) && R(o1 + t, o2 + t, l - t)) ||
                (R(o1, o2 + l - t, t) && R(o1 + t, o2, l - t));
        }

        return r++;
    }

public:
    [[nodiscard]] constexpr bool isScramble(string_view a,
                                            string_view b) noexcept {
        s1 = a, s2 = b;
        return R(0, 0, s1.size());
    }
};",https://leetcode.com/problems/scramble-string,"class Solution {
    std::string_view s1, s2;
    std::array<char, 1 << 15> memo{};

    constexpr bool R(int o1, int o2, int l) noexcept {
        if (l == 1)
            return s1[o1] == s2[o2];
        char& r = memo[(o1 << 10) | (o2 << 5) | l];
        if (r)
            return r == 2;

        for (int t = 1; t == l && !r; ++t) {
            r = (R(o1, o2, t) && R(o1 + t, o2 + t, l - t)) ||
                (R(o1, o2 + l - t, t) && R(o1 + t, o2, l - t));
        }

        return r++;
    }

public:
    [[nodiscard]] constexpr bool isScramble(string_view a,
                                            string_view b) noexcept {
        s1 = a, s2 = b;
        return R(0, 0, s1.size());
    }
};","[Logic – Wrong condition operator] Changed the split-iteration loop condition from `t != l` to `t == l`, preventing recursive split checks from running.",Wrong Answer,"s1 =
""great""
s2 =
""rgeat""",FALSE,TRUE,,qwen3.7-max,zero-shot,Wrong Answer,"""s1 = \""great\"", s2 = \""rgeat\""""","""false""","""true""","The loop condition in the recursive function is `t == l` instead of `t < l`. Since `t` is initialized to 1, the loop condition evaluates to false immediately for any `l > 1`, meaning the loop never executes and the function incorrectly returns false for all strings longer than 1 character."
String,Hard,37,"Given two strings s and t, return the number of distinct subsequences of s which equals t.
 
 The test cases are generated so that the answer fits on a 32-bit signed integer.
 
 Example 1:
 
 Input: s = ""rabbbit"", t = ""rabbit""
 Output: 3
 Explanation:
 As shown below, there are 3 ways you can generate ""rabbit"" from s.
 rabbbit
 rabbbit
 rabbbit
 
 Example 2:
 
 Input: s = ""babgbag"", t = ""bag""
 Output: 5
 Explanation:
 As shown below, there are 5 ways you can generate ""bag"" from s.
 babgbag
 babgbag
 babgbag
 babgbag
 babgbag
 
 Constraints:
 
  1 <= s.length, t.length <= 1000
  s and t consist of English letters.","class Solution {
public:
    int numDistinct(string s, string t) {
        if (s.size() < t.size()) return 0;
        if (s.size() == t.size()) return s == t;
        vector<int64_t> dp0(s.size()), dp1(s.size());
        for (int i = 0; i <= s.size() - t.size(); ++i) dp0[i] = s[i] == t[0];
        int64_t sum;
        for (int i = 1; i < t.size(); ++i) {
            sum = dp0[i - 1];
            for (int j = i; j <= s.size() - t.size() + i; ++j) {
                if (s[j] == t[i]) dp1[j] = sum;
                sum += dp0[j];
            }
            swap(dp0, dp1);
            for (int j = i; j <= s.size() - t.size() + i; ++j) dp1[j] = 0;
        }
        return accumulate(dp0.begin() + t.size() - 1, dp0.end(), 0);
    }
};",https://leetcode.com/problems/distinct-subsequences,"class Solution {
public:
    int numDistinct(string s, string t) {
        if (s.size() <= t.size()) return 0;
        if (s.size() == t.size()) return s == t;
        vector<int64_t> dp0(s.size()), dp1(s.size());
        for (int i = 0; i <= s.size() - t.size(); ++i) dp0[i] = s[i] == t[0];
        int64_t sum;
        for (int i = 1; i < t.size(); ++i) {
            sum = dp0[i - 1];
            for (int j = i; j <= s.size() - t.size() + i; ++j) {
                if (s[j] == t[i]) dp1[j] = sum;
                sum += dp0[j];
            }
            swap(dp0, dp1);
            for (int j = i; j <= s.size() - t.size() + i; ++j) dp1[j] = 0;
        }
        return accumulate(dp0.begin() + t.size() - 1, dp0.end(), 0);
    }
};","[Logic – Wrong condition operator] Changed the initial size check from `s.size() < t.size()` to `s.size() <= t.size()`, causing equal-length inputs to return 0 before comparison.",Wrong Answer,"s =
""a""
t =
""a""","""0""","""1""",,qwen3.7-max,zero-shot,Wrong Answer,"""s = \""a\"", t = \""a\""""","""0""","""1""","The condition `if (s.size() <= t.size()) return 0;` incorrectly catches the case where `s.size() == t.size()`, causing the function to return 0 and making the subsequent `if (s.size() == t.size()) return s == t;` unreachable. For inputs where s and t are equal and of the same length, it incorrectly returns 0 instead of 1."
String,Hard,38,"We define str = [s, n] as the string str which consists of the string s concatenated n times.
 
  For example, str == [""abc"", 3] ==""abcabcabc"".
 
 We define that string s1 can be obtained from string s2 if we can remove some characters from s2 such that it becomes s1.
 
  For example, s1 = ""abc"" can be obtained from s2 = ""abdbec"" based on our definition by removing the bolded underlined characters.
 
 You are given two strings s1 and s2 and two integers n1 and n2. You have the two strings str1 = [s1, n1] and str2 = [s2, n2].
 
 Return the maximum integer m such that str = [str2, m] can be obtained from str1.
 
 Example 1:
 Input: s1 = ""acb"", n1 = 4, s2 = ""ab"", n2 = 2
 Output: 2
 Example 2:
 Input: s1 = ""acb"", n1 = 1, s2 = ""acb"", n2 = 1
 Output: 1
 
 Constraints:
 
  1 <= s1.length, s2.length <= 100
  s1 and s2 consist of lowercase English letters.
  1 <= n1, n2 <= 106","class Solution {
public:
    int getMaxRepetitions(string s1, int n1, string s2, int n2) {
        if (n1 == 0) return 0;
        int s1cnt = 0, s2cnt = 0, index = 0;
        unordered_map<int, pair<int,int>> recall;
        
        while (s1cnt < n1) {
            for (int i = 0; i < s1.size(); i++) {
                if (s1[i] == s2[index]) {
                    index++;
                    if (index == s2.size()) {
                        s2cnt++;
                        index = 0;
                    }
                }
            }
            s1cnt++;
            
            if (recall.find(index) != recall.end()) {
                auto [pre_s1cnt, pre_s2cnt] = recall[index];
                int pre_loop_s1 = pre_s1cnt;
                int pre_loop_s2 = pre_s2cnt;
                
                int in_loop_s1 = s1cnt - pre_s1cnt;
                int in_loop_s2 = s2cnt - pre_s2cnt;
                
                int loop_count = (n1 - pre_loop_s1) / in_loop_s1;
                s2cnt = pre_loop_s2 + loop_count * in_loop_s2;
                s1cnt = pre_loop_s1 + loop_count * in_loop_s1;
            }
            recall[index] = {s1cnt, s2cnt};
        }
        return s2cnt / n2;
    }
};",https://leetcode.com/problems/count-the-repetitions,"class Solution {
public:
    int getMaxRepetitions(string s1, int n1, string s2, int n2) {
        if (n1 == 0) return 0;
        int s1cnt = 0, s2cnt = 0, index = 0;
        unordered_map<int, pair<int,int>> recall;
        
        while (s1cnt < n1) {
            for (int i = 0; i < s1.size(); i++) {
                if (s1[i] == s2[index]) {
                    index++;
                    if (index == s2.size()) {
                        s2cnt++;
                        index = 0;
                    }
                }
            }
            s1cnt++;
            
            if (recall.find(index) == recall.end()) {
                auto [pre_s1cnt, pre_s2cnt] = recall[index];
                int pre_loop_s1 = pre_s1cnt;
                int pre_loop_s2 = pre_s2cnt;
                
                int in_loop_s1 = s1cnt - pre_s1cnt;
                int in_loop_s2 = s2cnt - pre_s2cnt;
                
                int loop_count = (n1 - pre_loop_s1) / in_loop_s1;
                s2cnt = pre_loop_s2 + loop_count * in_loop_s2;
                s1cnt = pre_loop_s1 + loop_count * in_loop_s1;
            }
            recall[index] = {s1cnt, s2cnt};
        }
        return s2cnt / n2;
    }
};",[Logic – Wrong condition operator] Changed the cycle-detection condition to enter the recall block when the index has not been seen before.,Wrong Answer,"s1 =
""aaa""
n1 =
3
s2 =
""aa""
n2 =
1",3,4,,qwen3.7-max,zero-shot,Wrong Answer,"""s1 = \""abc\"", n1 = 4, s2 = \""ab\"", n2 = 2""","""2""","""4""","The condition `if (recall.find(index) == recall.end())` is logically inverted; it should be `!= recall.end()`. Due to this bug, the code incorrectly triggers the cycle fast-forwarding logic the very first time it encounters any `index`, falsely assuming the cycle started at `(0, 0)`. This results in incorrect counts and premature termination of the loop."
String,Hard,39,"Given a string representing a code snippet, implement a tag validator to parse the code and return whether it is valid.
 
 A code snippet is valid if all the following rules hold:
 
  The code must be wrapped in a valid closed tag. Otherwise, the code is invalid.
  A closed tag (not necessarily valid) has exactly the following format : <TAG_NAME>TAG_CONTENT</TAG_NAME>. Among them, <TAG_NAME> is the start tag, and </TAG_NAME> is the end tag. The TAG_NAME in start and end tags should be the same. A closed tag is valid if and only if the TAG_NAME and TAG_CONTENT are valid.
  A valid TAG_NAME only contain upper-case letters, and has length in range [1,9]. Otherwise, the TAG_NAME is invalid.
  A valid TAG_CONTENT may contain other valid closed tags, cdata and any characters (see note1) EXCEPT unmatched <, unmatched start and end tag, and unmatched or closed tags with invalid TAG_NAME. Otherwise, the TAG_CONTENT is invalid.
  A start tag is unmatched if no end tag exists with the same TAG_NAME, and vice versa. However, you also need to consider the issue of unbalanced when tags are nested.
  A < is unmatched if you cannot find a subsequent >. And when you find a < or </, all the subsequent characters until the next > should be parsed as TAG_NAME (not necessarily valid).
  The cdata has the following format : <![CDATA[CDATA_CONTENT]]>. The range of CDATA_CONTENT is defined as the characters between <![CDATA[ and the first subsequent ]]>.
  CDATA_CONTENT may contain any characters. The function of cdata is to forbid the validator to parse CDATA_CONTENT, so even it has some characters that can be parsed as tag (no matter valid or invalid), you should treat it as regular characters.
 
 Example 1:
 
 Input: code = ""<DIV>This is the first line <![CDATA[<div>]]></DIV>""
 Output: true
 Explanation: 
 The code is wrapped in a closed tag : <DIV> and </DIV>. 
 The TAG_NAME is valid, the TAG_CONTENT consists of some characters and cdata. 
 Although CDATA_CONTENT has an unmatched start tag with invalid TAG_NAME, it should be considered as plain text, not parsed as a tag.
 So TAG_CONTENT is valid, and then the code is valid. Thus return true.
 
 Example 2:
 
 Input: code = ""<DIV>>> ![cdata[]] <![CDATA[<div>]>]]>]]>>]</DIV>""
 Output: true
 Explanation:
 We first separate the code into : start_tag|tag_content|end_tag.
 start_tag -> ""<DIV>""
 end_tag -> ""</DIV>""
 tag_content could also be separated into : text1|cdata|text2.
 text1 -> "">> ![cdata[]] ""
 cdata -> ""<![CDATA[<div>]>]]>"", where the CDATA_CONTENT is ""<div>]>""
 text2 -> ""]]>>]""
 The reason why start_tag is NOT ""<DIV>>>"" is because of the rule 6.
 The reason why cdata is NOT ""<![CDATA[<div>]>]]>]]>"" is because of the rule 7.
 
 Example 3:
 
 Input: code = ""<A> <B> </A> </B>""
 Output: false
 Explanation: Unbalanced. If ""<A>"" is closed, then ""<B>"" must be unmatched, and vice versa.
 
 Constraints:
 
  1 <= code.length <= 500
  code consists of English letters, digits, '<', '>', '/', '!', '[', ']', '.', and ' '.","typedef struct {
    size_t advance;
    string_view sv;
} expected_sv;
class Solution {
    using str_result = optional<expected_sv>;
    using result = optional<size_t>; // advance
    const size_t npos = string_view::npos;

    static bool isUpperAlpha(char c) { return c >= 'A' && c <= 'Z'; }
    str_result parseOpenTag(string_view sv) {
        // cout << ""parsing open "" << sv << ""\n"";
        if (!sv.starts_with(""<""))
            return nullopt;
        size_t end = sv.find('>');
        if (end == npos)
            return nullopt;
        if (end - 1 < 1 || end - 1 > 9)
            return nullopt;
        auto res = sv.substr(1, end-1);
        if (!all_of(res.begin(), res.end(), isUpperAlpha))
            return nullopt;
        return expected_sv{end + 1, res};
    }
    result parseCloseTag(string_view sv, string_view open_tag) {
                // cout << ""parsing close "" << sv << ""\n"";

        if (!sv.starts_with(""</""))
            return nullopt;
        size_t end = sv.find('>');
        if (end == npos)
            return nullopt;
        auto res = sv.substr(2, end-2);
        if (res != open_tag)
            return nullopt;
        return end + 1;
    }
    result parse_cdata(string_view sv) {
                // cout << ""parsing cdata "" << sv << ""\n"";

        if (!sv.starts_with(""<![CDATA[""))
            return nullopt;
        // size_t nstart = string(""<![CDATA["").size();
        size_t end = sv.find(""]]>"");
        if (end == npos)
            return nullopt;
        return end + 3;
    }
    result parse_tag(string_view sv) {
                // cout << ""parsing tag "" << sv << ""\n"";

        size_t cursor = 0;
        if (sv.size() == 0)
            return nullopt;
        if (sv[cursor] != '<')
            return nullopt;
        auto open = parseOpenTag(sv.substr(cursor));
        if (!open.has_value())
            return nullopt;
        cursor += open.value().advance;
        while (cursor < sv.size()) {
            while (cursor < sv.size() && sv[cursor] != '<') {
                cursor += 1;
            }
            if (cursor == sv.size())
                return cursor;
            // try close tag
            auto close = parseCloseTag(sv.substr(cursor), open.value().sv);
            if (close.has_value()) {
                cursor += close.value();
                return cursor;
            }
            // try tag
            auto tag = parse_tag(sv.substr(cursor));
            if (tag.has_value()) {
                cursor += tag.value();
                continue;
            }
            // try cdata
            tag = parse_cdata(sv.substr(cursor));
            if (tag.has_value()) {
                cursor += tag.value();
                continue;
            }
            return nullopt;
        }
        return nullopt;
    }

public:
    bool isValid(string code) {
        auto res = parse_tag(code);
        if (!res.has_value())
            return false;
        if (res.value() != code.size())
            return false;
        return true;
    }
};",https://leetcode.com/problems/tag-validator,"typedef struct {
    size_t advance;
    string_view sv;
} expected_sv;
class Solution {
    using str_result = optional<expected_sv>;
    using result = optional<size_t>; // advance
    const size_t npos = string_view::npos;

    static bool isUpperAlpha(char c) { return c >= 'A' && c <= 'Z'; }
    str_result parseOpenTag(string_view sv) {
        // cout << ""parsing open "" << sv << ""\n"";
        if (!sv.starts_with(""<""))
            return nullopt;
        size_t end = sv.find('>');
        if (end == npos)
            return nullopt;
        if (end - 1 < 1 || end - 1 > 9)
            return nullopt;
        auto res = sv.substr(1, end-1);
        if (!all_of(res.begin(), res.end(), isUpperAlpha))
            return nullopt;
        return expected_sv{end + 1, res};
    }
    result parseCloseTag(string_view sv, string_view open_tag) {
                // cout << ""parsing close "" << sv << ""\n"";

        if (!sv.starts_with(""</""))
            return nullopt;
        size_t end = sv.find('>');
        if (end == npos)
            return nullopt;
        auto res = sv.substr(2, end-2);
        if (res == open_tag)
            return nullopt;
        return end + 1;
    }
    result parse_cdata(string_view sv) {
                // cout << ""parsing cdata "" << sv << ""\n"";

        if (!sv.starts_with(""<![CDATA[""))
            return nullopt;
        // size_t nstart = string(""<![CDATA["").size();
        size_t end = sv.find(""]]>"");
        if (end == npos)
            return nullopt;
        return end + 3;
    }
    result parse_tag(string_view sv) {
                // cout << ""parsing tag "" << sv << ""\n"";

        size_t cursor = 0;
        if (sv.size() == 0)
            return nullopt;
        if (sv[cursor] != '<')
            return nullopt;
        auto open = parseOpenTag(sv.substr(cursor));
        if (!open.has_value())
            return nullopt;
        cursor += open.value().advance;
        while (cursor < sv.size()) {
            while (cursor < sv.size() && sv[cursor] != '<') {
                cursor += 1;
            }
            if (cursor == sv.size())
                return cursor;
            // try close tag
            auto close = parseCloseTag(sv.substr(cursor), open.value().sv);
            if (close.has_value()) {
                cursor += close.value();
                return cursor;
            }
            // try tag
            auto tag = parse_tag(sv.substr(cursor));
            if (tag.has_value()) {
                cursor += tag.value();
                continue;
            }
            // try cdata
            tag = parse_cdata(sv.substr(cursor));
            if (tag.has_value()) {
                cursor += tag.value();
                continue;
            }
            return nullopt;
        }
        return nullopt;
    }

public:
    bool isValid(string code) {
        auto res = parse_tag(code);
        if (!res.has_value())
            return false;
        if (res.value() != code.size())
            return false;
        return true;
    }
};",[Logic – Wrong condition operator] Changed the close-tag validation to reject matching tag names instead of mismatching tag names.,Wrong Answer,"code =
""<DIV>This is the first line <![CDATA[<div>]]></DIV>""",FALSE,TRUE,,qwen3.7-max,zero-shot,Wrong Answer,"""<A></A>""","""false""","""true""","The parseCloseTag function has inverted logic: it returns nullopt when the closing tag correctly matches the open tag, and returns a valid advance when it does not match. Furthermore, parse_tag incorrectly returns a valid advance when it reaches the end of the string without finding a closing tag, which would cause it to accept unclosed tags like '<A>abc'."
String,Hard,40,"Given an input string s and a pattern p, implement regular expression matching with support for '.' and '*' where:

	'.' Matches any single character.​​​​
	'*' Matches zero or more of the preceding element.

The matching should cover the entire input string (not partial).

Example 1:

Input: s = ""aa"", p = ""a""
Output: false
Explanation: ""a"" does not match the entire string ""aa"".

Example 2:

Input: s = ""aa"", p = ""a*""
Output: true
Explanation: '*' means zero or more of the preceding element, 'a'. Therefore, by repeating 'a' once, it becomes ""aa"".

Example 3:

Input: s = ""ab"", p = "".*""
Output: true
Explanation: "".*"" means ""zero or more (*) of any character (.)"".

Constraints:

	1 <= s.length <= 20
	1 <= p.length <= 20
	s contains only lowercase English letters.
	p contains only lowercase English letters, '.', and '*'.
	It is guaranteed for each appearance of the character '*', there will be a previous valid character to match.","			

class Solution {
 public:
  bool isMatch(string s, string p) {
    const int m = s.length();
    const int n = p.length();
    // dp[i][j] := true if s[0..i) matches p[0..j)
    vector<vector<bool>> dp(m + 1, vector<bool>(n + 1));
    dp[0][0] = true;

    auto isMatch = [&](int i, int j) -> bool {
      return j >= 0 && p[j] == '.' || s[i] == p[j];
    };

    for (int j = 0; j < p.length(); ++j)
      if (p[j] == '*' && dp[0][j - 1])
        dp[0][j + 1] = true;

    for (int i = 0; i < m; ++i)
      for (int j = 0; j < n; ++j)
        if (p[j] == '*') {
          const bool noRepeat = dp[i + 1][j - 1];  // Min index of '*' is 1
          const bool doRepeat = isMatch(i, j - 1) && dp[i][j + 1];
          dp[i + 1][j + 1] = noRepeat || doRepeat;
        } else if (isMatch(i, j)) {
          dp[i + 1][j + 1] = dp[i][j];
        }

    return dp[m][n];
  }
};",https://leetcode.com/problems/regular-expression-matching,"class Solution {
 public:
  bool isMatch(string s, string p) {
    const int m = s.length();
    const int n = p.length();
    // dp[i][j] := true if s[0..i) matches p[0..j)
    vector<vector<bool>> dp(m + 1, vector<bool>(n + 1));
    dp[0][0] = true;

    auto isMatch = [&](int i, int j) -> bool {
      return j >= 0 && p[j] == '.' || s[i] == p[j];
    };

    for (int j = 0; j < p.length(); ++j)
      if (p[j] == '*' && dp[0][j - 1])
        dp[0][j + 1] = true;

    for (int i = 0; i < m; ++i)
      for (int j = 0; j < n; ++j)
        if (p[j] = '*') {
          const bool noRepeat = dp[i + 1][j - 1];  // Min index of '*' is 1
          const bool doRepeat = isMatch(i, j - 1) && dp[i][j + 1];
          dp[i + 1][j + 1] = noRepeat || doRepeat;
        } else if (isMatch(i, j)) {
          dp[i + 1][j + 1] = dp[i][j];
        }

    return dp[m][n];
  }
};","[Logic – Assignment instead of comparison] Changed the star check in the DP transition from `p[j] == '*'` to `p[j] = '*'`, causing every pattern character visited there to be assigned `'*'`.",Runtime Error,"s =
""aa""
p =
""a""",,,"Line 21: Char 33:
=================================================================
==22==ERROR: AddressSanitizer: heap-buffer-overflow on address 0x502000000048 at pc 0x556b40c5171a bp 0x7ffc7a35c320 sp 0x7ffc7a35c318
READ of size 8 at 0x502000000048 thread T0
    #0 0x556b40c51719 in operator bool /usr/lib/gcc/x86_64-linux-gnu/14/../../../../include/c++/14/bits/stl_bvector.h:100:17
    #1 0x556b40c51719 in Solution::isMatch(std::__cxx11::basic_string<char, std::char_traits<char>, std::allocator<char>>, std::__cxx11::basic_string<char, std::char_traits<char>, std::allocator<char>>) solution.cpp:21:33
    #2 0x556b40c50a9f in __DriverSolution__::__helper__(std::__cxx11::basic_string<char, std::char_traits<char>, std::allocator<char>>, std::__cxx11::basic_string<char, std::char_traits<char>, std::allocator<char>>) solution.cpp:21:29",qwen3.7-max,zero-shot,Runtime Error,"""s = \""aa\"", p = \""a\""""",,"""false""","The condition `if (p[j] = '*')` uses the assignment operator `=` instead of the equality operator `==`. This assigns '*' to `p[j]` and always evaluates to true. When `j = 0`, the code attempts to access `dp[i + 1][j - 1]`, which evaluates to `dp[i + 1][-1]`. Because `std::vector::operator[]` takes an unsigned integer type (`size_type`), `-1` wraps around to a massive value, resulting in an out-of-bounds memory access and a segmentation fault."
String,Hard,41,"You are given a string s and an array of strings words. All the strings of words are of the same length.

A concatenated string is a string that exactly contains all the strings of any permutation of words concatenated.

	For example, if words = [""ab"",""cd"",""ef""], then ""abcdef"", ""abefcd"", ""cdabef"", ""cdefab"", ""efabcd"", and ""efcdab"" are all concatenated strings. ""acdbef"" is not a concatenated string because it is not the concatenation of any permutation of words.

Return an array of the starting indices of all the concatenated substrings in s. You can return the answer in any order.

Example 1:

Input: s = ""barfoothefoobarman"", words = [""foo"",""bar""]

Output: [0,9]

Explanation:

The substring starting at 0 is ""barfoo"". It is the concatenation of [""bar"",""foo""] which is a permutation of words.
The substring starting at 9 is ""foobar"". It is the concatenation of [""foo"",""bar""] which is a permutation of words.

Example 2:

Input: s = ""wordgoodgoodgoodbestword"", words = [""word"",""good"",""best"",""word""]

Output: []

Explanation:

There is no concatenated substring.

Example 3:

Input: s = ""barfoofoobarthefoobarman"", words = [""bar"",""foo"",""the""]

Output: [6,9,12]

Explanation:

The substring starting at 6 is ""foobarthe"". It is the concatenation of [""foo"",""bar"",""the""].
The substring starting at 9 is ""barthefoo"". It is the concatenation of [""bar"",""the"",""foo""].
The substring starting at 12 is ""thefoobar"". It is the concatenation of [""the"",""foo"",""bar""].

Constraints:

	1 <= s.length <= 104
	1 <= words.length <= 5000
	1 <= words[i].length <= 30
	s and words[i] consist of lowercase English letters.","			

class Solution {
 public:
  vector<int> findSubstring(string s, vector<string>& words) {
    if (s.empty() || words.empty())
      return {};

    const int k = words.size();
    const int n = words[0].length();
    vector<int> ans;
    unordered_map<string, int> count;

    for (const string& word : words)
      ++count[word];

    for (int i = 0; i < s.length() - k * n + 1; ++i) {
      unordered_map<string, int> seen;
      int j;
      for (j = 0; j < k; ++j) {
        const string& word = s.substr(i + j * n, n);
        if (++seen[word] > count[word])
          break;
      }
      if (j == k)
        ans.push_back(i);
    }

    return ans;
  }
};",https://leetcode.com/problems/substring-with-concatenation-of-all-words,"class Solution {
 public:
  vector<int> findSubstring(string s, vector<string>& words) {
    if (s.empty() || words.empty())
      return {};

    const int k = words.size();
    const int n = words[0].length();
    vector<int> ans;
    unordered_map<string, int> count;

    for (const string& word : words)
      ++count[word];

    for (int i = 0; i < s.length() - k * n + 1; ++i) {
      unordered_map<string, int> seen;
      int j;
      for (j = 0; j < k; ++j) {
        const string& word = s.substr(i + j * n, n);
        if (++seen[word] > count[word])
          break;
      }
      if (j != k)
        ans.push_back(i);
    }

    return ans;
  }
};","[Logic – Wrong condition operator] Changed the completion check from `if (j == k)` to `if (j != k)`, causing indices to be recorded when not all words match.",Wrong Answer,"s =
""barfoothefoobarman""
words =
[""foo"",""bar""]","[1,2,3,4,5,6,7,8,10,11,12]","[0,9]",,qwen3.7-max,zero-shot,Wrong Answer,"""s = \""barfoothefoobarman\"", words = [\""foo\"",\""bar\""]""","""[1,2,3,4,5,6,7,8,10,11,12]""","""[0,9]""",The condition to add the starting index to the result array is inverted. The code adds the index when `j != k` (which means the inner loop broke early due to a mismatch or excess word count) instead of when `j == k` (which means all words were successfully matched).
String,Hard,42,"Given a string containing just the characters '(' and ')', return the length of the longest valid (well-formed) parentheses substring.

Example 1:

Input: s = ""(()""
Output: 2
Explanation: The longest valid parentheses substring is ""()"".

Example 2:

Input: s = "")()())""
Output: 4
Explanation: The longest valid parentheses substring is ""()()"".

Example 3:

Input: s = """"
Output: 0

Constraints:

	0 <= s.length <= 3 * 104
	s[i] is '(', or ')'.","			

class Solution {
 public:
  int longestValidParentheses(string s) {
    const string s2 = "")"" + s;
    // dp[i] := Length of longest valid parentheses substring of s2[1..i]
    vector<int> dp(s2.length());

    for (int i = 1; i < s2.length(); ++i)
      if (s2[i] == ')' && s2[i - dp[i - 1] - 1] == '(')
        dp[i] = dp[i - 1] + dp[i - dp[i - 1] - 2] + 2;

    return *max_element(begin(dp), end(dp));
  }
};",https://leetcode.com/problems/longest-valid-parentheses,"class Solution {
 public:
  int longestValidParentheses(string s) {
    const string s2 = "")"" + s;
    // dp[i] := Length of longest valid parentheses substring of s2[1..i]
    vector<int> dp(s2.length());

    for (int i = 1; i < s2.length(); ++i)
      if (s2[i] == ')' && s2[i - dp[i - 1] - 1] == '(')
        dp[i] = dp[i - 1] + dp[i - dp[i - 1] - 2] - 2;

    return *max_element(begin(dp), end(dp));
  }
};","[Logic – Wrong arithmetic operator] Changed the final `+ 2` in the DP transition to `- 2`, causing matched parentheses pairs to reduce the computed length instead of increasing it.",Wrong Answer,"s =
""(()""",0,2,,qwen3.7-max,zero-shot,Wrong Answer,"""\""(()\""""","""0""","""2""",
String,Hard,43,"Given an input string (s) and a pattern (p), implement wildcard pattern matching with support for '?' and '*' where:

	'?' Matches any single character.
	'*' Matches any sequence of characters (including the empty sequence).

The matching should cover the entire input string (not partial).

Example 1:

Input: s = ""aa"", p = ""a""
Output: false
Explanation: ""a"" does not match the entire string ""aa"".

Example 2:

Input: s = ""aa"", p = ""*""
Output: true
Explanation: '*' matches any sequence.

Example 3:

Input: s = ""cb"", p = ""?a""
Output: false
Explanation: '?' matches 'c', but the second letter is 'a', which does not match 'b'.

Constraints:

	0 <= s.length, p.length <= 2000
	s contains only lowercase English letters.
	p contains only lowercase English letters, '?' or '*'.","			

class Solution {
 public:
  bool isMatch(string s, string p) {
    const int m = s.length();
    const int n = p.length();
    // dp[i][j] := true if s[0..i) matches p[0..j)
    vector<vector<bool>> dp(m + 1, vector<bool>(n + 1));
    dp[0][0] = true;

    auto isMatch = [&](int i, int j) -> bool {
      return j >= 0 && p[j] == '?' || s[i] == p[j];
    };

    for (int j = 0; j < p.length(); ++j)
      if (p[j] == '*')
        dp[0][j + 1] = dp[0][j];

    for (int i = 0; i < m; ++i)
      for (int j = 0; j < n; ++j)
        if (p[j] == '*') {
          const bool matchEmpty = dp[i + 1][j];
          const bool matchSome = dp[i][j + 1];
          dp[i + 1][j + 1] = matchEmpty || matchSome;
        } else if (isMatch(i, j)) {
          dp[i + 1][j + 1] = dp[i][j];
        }

    return dp[m][n];
  }
};",https://leetcode.com/problems/wildcard-matching,"class Solution {
 public:
  bool isMatch(string s, string p) {
    const int m = s.length();
    const int n = p.length();
    // dp[i][j] := true if s[0..i) matches p[0..j)
    vector<vector<bool>> dp(m + 1, vector<bool>(n + 1));
    dp[0][0] = true;

    auto isMatch = [&](int i, int j) -> bool {
      return j >= 0 && p[j] == '?' || s[i] == p[j];
    };

    for (int j = 0; j < p.length(); ++j)
      if (p[j] != '*')
        dp[0][j + 1] = dp[0][j];

    for (int i = 0; i < m; ++i)
      for (int j = 0; j < n; ++j)
        if (p[j] == '*') {
          const bool matchEmpty = dp[i + 1][j];
          const bool matchSome = dp[i][j + 1];
          dp[i + 1][j + 1] = matchEmpty || matchSome;
        } else if (isMatch(i, j)) {
          dp[i + 1][j + 1] = dp[i][j];
        }

    return dp[m][n];
  }
};",[Logic – Wrong condition operator] Changed the initialization condition for matching an empty string from checking `p[j] == '*'` to `p[j] != '*'`.,Wrong Answer,"s =
""aa""
p =
""*""",FALSE,TRUE,,qwen3.7-max,zero-shot,Wrong Answer,"""s = \""aa\"", p = \""*\""""","""false""","""true""","The initialization for the first row of the DP table (matching an empty string prefix) is incorrect. The code updates `dp[0][j + 1] = dp[0][j]` when `p[j] != '*'`, but it should do so when `p[j] == '*'` because only '*' can match an empty sequence. As a result, patterns containing '*' fail to properly match empty prefixes, causing the code to incorrectly return false for inputs like s=""aa"", p=""*""."
String,Hard,44,"Given an array of strings words and a width maxWidth, format the text such that each line has exactly maxWidth characters and is fully (left and right) justified.

You should pack your words in a greedy approach; that is, pack as many words as you can in each line. Pad extra spaces ' ' when necessary so that each line has exactly maxWidth characters.

Extra spaces between words should be distributed as evenly as possible. If the number of spaces on a line does not divide evenly between words, the empty slots on the left will be assigned more spaces than the slots on the right.

For the last line of text, it should be left-justified, and no extra space is inserted between words.

Note:

	A word is defined as a character sequence consisting of non-space characters only.
	Each word's length is guaranteed to be greater than 0 and not exceed maxWidth.
	The input array words contains at least one word.

Example 1:

Input: words = [""This"", ""is"", ""an"", ""example"", ""of"", ""text"", ""justification.""], maxWidth = 16
Output:
[
   ""This    is    an"",
   ""example  of text"",
   ""justification.  ""
]

Example 2:

Input: words = [""What"",""must"",""be"",""acknowledgment"",""shall"",""be""], maxWidth = 16
Output:
[
  ""What   must   be"",
  ""acknowledgment  "",
  ""shall be        ""
]
Explanation: Note that the last line is ""shall be    "" instead of ""shall     be"", because the last line must be left-justified instead of fully-justified.
Note that the second line is also left-justified because it contains only one word.

Example 3:

Input: words = [""Science"",""is"",""what"",""we"",""understand"",""well"",""enough"",""to"",""explain"",""to"",""a"",""computer."",""Art"",""is"",""everything"",""else"",""we"",""do""], maxWidth = 20
Output:
[
  ""Science  is  what we"",
  ""understand      well"",
  ""enough to explain to"",
  ""a  computer.  Art is"",
  ""everything  else  we"",
  ""do                  ""
]

Constraints:

	1 <= words.length <= 300
	1 <= words[i].length <= 20
	words[i] consists of only English letters and symbols.
	1 <= maxWidth <= 100
	words[i].length <= maxWidth","			

class Solution {
 public:
  vector<string> fullJustify(vector<string>& words, size_t maxWidth) {
    vector<string> ans;
    vector<string> row;
    size_t rowLetters = 0;

    for (const string& word : words) {
      // If we put the word in this row, it'll exceed the maxWidth,
      // So we cannot put the word to this row and have to pad spaces to
      // Each word in this row
      if (rowLetters + row.size() + word.length() > maxWidth) {
        const int spaces = maxWidth - rowLetters;
        if (row.size() == 1) {
          // Pad all spaces after row[0]
          for (int i = 0; i < spaces; ++i)
            row[0] += "" "";
        } else {
          // Evenly pad spaces to each word (expect the last one) in this row
          for (int i = 0; i < spaces; ++i)
            row[i % (row.size() - 1)] += "" "";
        }
        ans.push_back(join(row, """"));
        row.clear();
        rowLetters = 0;
      }
      row.push_back(word);
      rowLetters += word.length();
    }
    ans.push_back(ljust(join(row, "" ""), maxWidth));

    return ans;
  }

 private:
  string join(const vector<string>& v, const string& c) {
    string s;
    for (auto p = begin(v); p != end(v); ++p) {
      s += *p;
      if (p != end(v) - 1)
        s += c;
    }
    return s;
  }

  string ljust(string s, int width) {
    for (int i = 0; i < s.length() - width; ++i)
      s += "" "";
    return s;
  }
};",https://leetcode.com/problems/text-justification,"class Solution {
 public:
  vector<string> fullJustify(vector<string>& words, size_t maxWidth) {
    vector<string> ans;
    vector<string> row;
    size_t rowLetters = 0;

    for (const string& word : words) {
      // If we put the word in this row, it'll exceed the maxWidth,
      // So we cannot put the word to this row and have to pad spaces to
      // Each word in this row
      if (rowLetters + row.size() + word.length() > maxWidth) {
        const int spaces = maxWidth - rowLetters;
        if (row.size() == 1) {
          // Pad all spaces after row[0]
          for (int i = 0; i < spaces; ++i)
            row[0] += "" "";
        } else {
          // Evenly pad spaces to each word (expect the last one) in this row
          for (int i = 0; i < spaces; ++i)
            row[i % (row.size() - 1)] += "" "";
        }
        ans.push_back(join(row, """"));
        row.clear();
        rowLetters = 0;
      }
      row.push_back(word);
      rowLetters += word.length();
    }
    ans.push_back(ljust(join(row, "" ""), maxWidth));

    return ans;
  }

 private:
  string join(const vector<string>& v, const string& c) {
    string s;
    for (auto p = begin(v); p != end(v); ++p) {
      s += *p;
      if (p == end(v) - 1)
        s += c;
    }
    return s;
  }

  string ljust(string s, int width) {
    for (int i = 0; i < s.length() - width; ++i)
      s += "" "";
    return s;
  }
};","[Logic – Wrong condition operator] Changed the join delimiter condition from `p != end(v) - 1` to `p == end(v) - 1`, causing separators to be inserted only after the last word.",Wrong Answer,"words =
[""What"",""must"",""be"",""acknowledgment"",""shall"",""be""]
maxWidth =
16","[""What   must   be"",""acknowledgment  "",""shallbe         ""]","[""What   must   be"",""acknowledgment  "",""shall be        ""]",,qwen3.7-max,zero-shot,Time Limit Exceeded,"""words = [\""What\"",\""must\"",\""be\"",\""acknowledgment\"",\""shall\"",\""be\""], maxWidth = 16""",,"""[\""What   must   be\"", \""acknowledgment  \"", \""shall be        \""]""","The `join` function incorrectly appends the separator after the last element instead of between elements (using `p == end(v) - 1` instead of `p != end(v) - 1`). More critically, the `ljust` function evaluates `s.length() - width` using unsigned integer arithmetic (`size_t`). When the joined string's length is less than `width`, this subtraction underflows to a massive number, causing an infinite loop that continuously appends spaces until the program is killed for exceeding the time or memory limit."
String,Hard,45,"Given two strings s and t of lengths m and n respectively, return the minimum window substring of s such that every character in t (including duplicates) is included in the window. If there is no such substring, return the empty string """".

The testcases will be generated such that the answer is unique.

Example 1:

Input: s = ""ADOBECODEBANC"", t = ""ABC""
Output: ""BANC""
Explanation: The minimum window substring ""BANC"" includes 'A', 'B', and 'C' from string t.

Example 2:

Input: s = ""a"", t = ""a""
Output: ""a""
Explanation: The entire string s is the minimum window.

Example 3:

Input: s = ""a"", t = ""aa""
Output: """"
Explanation: Both 'a's from t must be included in the window.
Since the largest window of s only has one 'a', return empty string.

Constraints:

	m == s.length
	n == t.length
	1 <= m, n <= 105
	s and t consist of uppercase and lowercase English letters.

Follow up: Could you find an algorithm that runs in O(m + n) time?","			

class Solution {
 public:
  string minWindow(string s, string t) {
    vector<int> count(128);
    int required = t.length();
    int bestLeft = -1;
    int minLength = s.length() + 1;

    for (const char c : t)
      ++count[c];

    for (int l = 0, r = 0; r < s.length(); ++r) {
      if (--count[s[r]] >= 0)
        --required;
      while (required == 0) {
        if (r - l + 1 < minLength) {
          bestLeft = l;
          minLength = r - l + 1;
        }
        if (++count[s[l++]] > 0)
          ++required;
      }
    }

    return bestLeft == -1 ? """" : s.substr(bestLeft, minLength);
  }
};",https://leetcode.com/problems/minimum-window-substring,"class Solution {
 public:
  string minWindow(string s, string t) {
    vector<int> count(128);
    int required = t.length();
    int bestLeft = -1;
    int minLength = s.length() + 1;

    for (const char c : t)
      ++count[c];

    for (int l = 0, r = 0; r < s.length(); ++r) {
      if (--count[s[r]] >= 0)
        --required;
      while (required == 0) {
        if (r - l + 1 < minLength) {
          bestLeft = l;
          minLength = r - l + 1;
        }
        if (++count[s[l++]] >= 0)
          ++required;
      }
    }

    return bestLeft == -1 ? """" : s.substr(bestLeft, minLength);
  }
};","[Logic – Wrong condition operator] Changed the shrink-window condition from `> 0` to `>= 0`, causing `required` to increase even when the removed character is still sufficiently covered.",Wrong Answer,"s =
""ADOBECODEBANC""
t =
""ABC""","""ADOBEC""","""BANC""",,qwen3.7-max,zero-shot,Wrong Answer,"""s = \""BAA\"", t = \""A\""""","""\""BA\""""","""\""A\""""","The condition `++count[s[l++]] >= 0` incorrectly increments `required` when a character not present in `t` (or a character with excess) is removed from the left of the window. For characters not in `t`, their count drops to -1 when added, and goes back to 0 when removed, triggering the `>= 0` condition and falsely increasing `required`. The condition should be `> 0`."
String,Hard,46,"A transformation sequence from word beginWord to word endWord using a dictionary wordList is a sequence of words beginWord -> s1 -> s2 -> ... -> sk such that:

	Every adjacent pair of words differs by a single letter.
	Every si for 1 <= i <= k is in wordList. Note that beginWord does not need to be in wordList.
	sk == endWord

Given two words, beginWord and endWord, and a dictionary wordList, return all the shortest transformation sequences from beginWord to endWord, or an empty list if no such sequence exists. Each sequence should be returned as a list of the words [beginWord, s1, s2, ..., sk].

Example 1:

Input: beginWord = ""hit"", endWord = ""cog"", wordList = [""hot"",""dot"",""dog"",""lot"",""log"",""cog""]
Output: [[""hit"",""hot"",""dot"",""dog"",""cog""],[""hit"",""hot"",""lot"",""log"",""cog""]]
Explanation: There are 2 shortest transformation sequences:
""hit"" -> ""hot"" -> ""dot"" -> ""dog"" -> ""cog""
""hit"" -> ""hot"" -> ""lot"" -> ""log"" -> ""cog""

Example 2:

Input: beginWord = ""hit"", endWord = ""cog"", wordList = [""hot"",""dot"",""dog"",""lot"",""log""]
Output: []
Explanation: The endWord ""cog"" is not in wordList, therefore there is no valid transformation sequence.

Constraints:

	1 <= beginWord.length <= 5
	endWord.length == beginWord.length
	1 <= wordList.length <= 500
	wordList[i].length == beginWord.length
	beginWord, endWord, and wordList[i] consist of lowercase English letters.
	beginWord != endWord
	All the words in wordList are unique.
	The sum of all shortest transformation sequences does not exceed 105.","			

class Solution {
 public:
  vector<vector<string>> findLadders(string beginWord, string endWord,
                                     vector<string>& wordList) {
    unordered_set<string> wordSet{begin(wordList), end(wordList)};
    if (!wordSet.count(endWord))
      return {};

    // {""hit"": [""hot""], ""hot"": [""dot"", ""lot""], ...}
    unordered_map<string, vector<string>> graph;

    // Build graph from beginWord -> endWord
    if (!bfs(beginWord, endWord, wordSet, graph))
      return {};

    vector<vector<string>> ans;

    dfs(graph, beginWord, endWord, {beginWord}, ans);
    return ans;
  }

 private:
  bool bfs(const string& beginWord, const string& endWord,
           unordered_set<string>& wordSet,
           unordered_map<string, vector<string>>& graph) {
    unordered_set<string> currentLevelWords{beginWord};

    while (!currentLevelWords.empty()) {
      for (const string& word : currentLevelWords)
        wordSet.erase(word);
      unordered_set<string> nextLevelWords;
      bool reachEndWord = false;
      for (const string& parent : currentLevelWords) {
        vector<string> children;
        getChildren(parent, wordSet, children);
        for (const string& child : children) {
          if (wordSet.count(child)) {
            nextLevelWords.insert(child);
            graph[parent].push_back(child);
          }
          if (child == endWord)
            reachEndWord = true;
        }
      }
      if (reachEndWord)
        return true;
      currentLevelWords = move(nextLevelWords);
    }

    return true;
  }

  void getChildren(const string& parent, const unordered_set<string>& wordSet,
                   vector<string>& children) {
    string s(parent);

    for (int i = 0; i < s.length(); ++i) {
      const char cache = s[i];
      for (char c = 'a'; c <= 'z'; ++c) {
        if (c == cache)
          continue;
        s[i] = c;  // Now is `child`
        if (wordSet.count(s))
          children.push_back(s);
      }
      s[i] = cache;
    }
  }

  void dfs(const unordered_map<string, vector<string>>& graph,
           const string& word, const string& endWord, vector<string>&& path,
           vector<vector<string>>& ans) {
    if (word == endWord) {
      ans.push_back(path);
      return;
    }
    if (!graph.count(word))
      return;

    for (const string& child : graph.at(word)) {
      path.push_back(child);
      dfs(graph, child, endWord, move(path), ans);
      path.pop_back();
    }
  }
};",https://leetcode.com/problems/word-ladder-ii,"class Solution {
 public:
  vector<vector<string>> findLadders(string beginWord, string endWord,
                                     vector<string>& wordList) {
    unordered_set<string> wordSet{begin(wordList), end(wordList)};
    if (wordSet.count(endWord))
      return {};

    // {""hit"": [""hot""], ""hot"": [""dot"", ""lot""], ...}
    unordered_map<string, vector<string>> graph;

    // Build graph from beginWord -> endWord
    if (!bfs(beginWord, endWord, wordSet, graph))
      return {};

    vector<vector<string>> ans;

    dfs(graph, beginWord, endWord, {beginWord}, ans);
    return ans;
  }

 private:
  bool bfs(const string& beginWord, const string& endWord,
           unordered_set<string>& wordSet,
           unordered_map<string, vector<string>>& graph) {
    unordered_set<string> currentLevelWords{beginWord};

    while (!currentLevelWords.empty()) {
      for (const string& word : currentLevelWords)
        wordSet.erase(word);
      unordered_set<string> nextLevelWords;
      bool reachEndWord = false;
      for (const string& parent : currentLevelWords) {
        vector<string> children;
        getChildren(parent, wordSet, children);
        for (const string& child : children) {
          if (wordSet.count(child)) {
            nextLevelWords.insert(child);
            graph[parent].push_back(child);
          }
          if (child == endWord)
            reachEndWord = true;
        }
      }
      if (reachEndWord)
        return true;
      currentLevelWords = move(nextLevelWords);
    }

    return true;
  }

  void getChildren(const string& parent, const unordered_set<string>& wordSet,
                   vector<string>& children) {
    string s(parent);

    for (int i = 0; i < s.length(); ++i) {
      const char cache = s[i];
      for (char c = 'a'; c <= 'z'; ++c) {
        if (c == cache)
          continue;
        s[i] = c;  // Now is `child`
        if (wordSet.count(s))
          children.push_back(s);
      }
      s[i] = cache;
    }
  }

  void dfs(const unordered_map<string, vector<string>>& graph,
           const string& word, const string& endWord, vector<string>&& path,
           vector<vector<string>>& ans) {
    if (word == endWord) {
      ans.push_back(path);
      return;
    }
    if (!graph.count(word))
      return;

    for (const string& child : graph.at(word)) {
      path.push_back(child);
      dfs(graph, child, endWord, move(path), ans);
      path.pop_back();
    }
  }
};",[Logic – Wrong condition operator] Changed the endWord presence check to return empty when endWord exists in the word set.,Wrong Answer,"beginWord =
""hit""
endWord =
""cog""
wordList =
[""hot"",""dot"",""dog"",""lot"",""log"",""cog""]",[],"[[""hit"",""hot"",""dot"",""dog"",""cog""],[""hit"",""hot"",""lot"",""log"",""cog""]]",,qwen3.7-max,zero-shot,Wrong Answer,"""beginWord = \""hit\"", endWord = \""cog\"", wordList = [\""hot\"",\""dot\"",\""dog\"",\""lot\"",\""log\"",\""cog\""]""","""[]""","""[[\""hit\"",\""hot\"",\""dot\"",\""dog\"",\""cog\""],[\""hit\"",\""hot\"",\""lot\"",\""log\"",\""cog\""]]""","The condition `if (wordSet.count(endWord))` is inverted. It returns an empty list when the endWord is present in the wordList, which is exactly when a valid transformation sequence might exist. It should be `if (!wordSet.count(endWord))`."
String,Hard,47,"A transformation sequence from word beginWord to word endWord using a dictionary wordList is a sequence of words beginWord -> s1 -> s2 -> ... -> sk such that:

	Every adjacent pair of words differs by a single letter.
	Every si for 1 <= i <= k is in wordList. Note that beginWord does not need to be in wordList.
	sk == endWord

Given two words, beginWord and endWord, and a dictionary wordList, return the number of words in the shortest transformation sequence from beginWord to endWord, or 0 if no such sequence exists.

Example 1:

Input: beginWord = ""hit"", endWord = ""cog"", wordList = [""hot"",""dot"",""dog"",""lot"",""log"",""cog""]
Output: 5
Explanation: One shortest transformation sequence is ""hit"" -> ""hot"" -> ""dot"" -> ""dog"" -> cog"", which is 5 words long.

Example 2:

Input: beginWord = ""hit"", endWord = ""cog"", wordList = [""hot"",""dot"",""dog"",""lot"",""log""]
Output: 0
Explanation: The endWord ""cog"" is not in wordList, therefore there is no valid transformation sequence.

Constraints:

	1 <= beginWord.length <= 10
	endWord.length == beginWord.length
	1 <= wordList.length <= 5000
	wordList[i].length == beginWord.length
	beginWord, endWord, and wordList[i] consist of lowercase English letters.
	beginWord != endWord
	All the words in wordList are unique.","			

class Solution {
 public:
  int ladderLength(string beginWord, string endWord, vector<string>& wordList) {
    unordered_set<string> wordSet(begin(wordList), end(wordList));
    if (!wordSet.count(endWord))
      return 0;

    int ans = 0;
    queue<string> q{{beginWord}};

    while (!q.empty()) {
      ++ans;
      for (int sz = q.size(); sz > 0; --sz) {
        string word = q.front();
        q.pop();
        for (int i = 0; i < word.length(); ++i) {
          const char cache = word[i];
          for (char c = 'a'; c <= 'z'; ++c) {
            word[i] = c;
            if (word == endWord)
              return ans + 1;
            if (wordSet.count(word)) {
              q.push(word);
              wordSet.erase(word);
            }
          }
          word[i] = cache;
        }
      }
    }

    return 0;
  }
};",https://leetcode.com/problems/word-ladder,"class Solution {
 public:
  int ladderLength(string beginWord, string endWord, vector<string>& wordList) {
    unordered_set<string> wordSet(begin(wordList), end(wordList));
    if (wordSet.count(endWord))
      return 0;

    int ans = 0;
    queue<string> q{{beginWord}};

    while (!q.empty()) {
      ++ans;
      for (int sz = q.size(); sz > 0; --sz) {
        string word = q.front();
        q.pop();
        for (int i = 0; i < word.length(); ++i) {
          const char cache = word[i];
          for (char c = 'a'; c <= 'z'; ++c) {
            word[i] = c;
            if (word == endWord)
              return ans + 1;
            if (wordSet.count(word)) {
              q.push(word);
              wordSet.erase(word);
            }
          }
          word[i] = cache;
        }
      }
    }

    return 0;
  }
};",[Logic – Wrong condition operator] Changed the endWord existence check to return 0 when endWord is present in the word set instead of absent.,Wrong Answer,"beginWord =
""hit""
endWord =
""cog""
wordList =
[""hot"",""dot"",""dog"",""lot"",""log"",""cog""]",0,5,,qwen3.7-max,zero-shot,Wrong Answer,"""beginWord = \""hit\"", endWord = \""cog\"", wordList = [\""hot\"",\""dot\"",\""dog\"",\""lot\"",\""log\"",\""cog\""]""","""0""","""5""","The condition checking if endWord is in the dictionary is inverted. The code returns 0 when endWord is present in the wordSet, whereas it should return 0 when endWord is NOT present in the wordSet."
String,Hard,48,"Given a string s, partition s such that every substring of the partition is a palindrome.

Return the minimum cuts needed for a palindrome partitioning of s.

Example 1:

Input: s = ""aab""
Output: 1
Explanation: The palindrome partitioning [""aa"",""b""] could be produced using 1 cut.

Example 2:

Input: s = ""a""
Output: 0

Example 3:

Input: s = ""ab""
Output: 1

Constraints:

	1 <= s.length <= 2000
	s consists of lowercase English letters only.","			

class Solution {
 public:
  int minCut(string s) {
    const int n = s.length();
    // isPalindrome[i][j] := true if s[i..j] is a palindrome
    vector<vector<bool>> isPalindrome(n, vector<bool>(n, true));
    // dp[i] := min cuts needed for a palindrome partitioning of s[0..i]
    vector<int> dp(n, n);

    for (int l = 2; l <= n; ++l)
      for (int i = 0, j = l - 1; j < n; ++i, ++j)
        isPalindrome[i][j] = s[i] == s[j] && isPalindrome[i + 1][j - 1];

    for (int i = 0; i < n; ++i) {
      if (isPalindrome[0][i]) {
        dp[i] = 0;
        continue;
      }

      // Try all possible partitions
      for (int j = 0; j < i; ++j)
        if (isPalindrome[j + 1][i])
          dp[i] = min(dp[i], dp[j] + 1);
    }

    return dp.back();
  }
};",https://leetcode.com/problems/palindrome-partitioning-ii,"class Solution {
 public:
  int minCut(string s) {
    const int n = s.length();
    // isPalindrome[i][j] := true if s[i..j] is a palindrome
    vector<vector<bool>> isPalindrome(n, vector<bool>(n, true));
    // dp[i] := min cuts needed for a palindrome partitioning of s[0..i]
    vector<int> dp(n, n);

    for (int l = 2; l <= n; ++l)
      for (int i = 0, j = l - 1; j < n; ++i, ++j)
        isPalindrome[i][j] = s[i] != s[j] && isPalindrome[i + 1][j - 1];

    for (int i = 0; i < n; ++i) {
      if (isPalindrome[0][i]) {
        dp[i] = 0;
        continue;
      }

      // Try all possible partitions
      for (int j = 0; j < i; ++j)
        if (isPalindrome[j + 1][i])
          dp[i] = min(dp[i], dp[j] + 1);
    }

    return dp.back();
  }
};",[Logic – Wrong condition operator] Replaced the palindrome character equality check with inequality when building the palindrome table.,Wrong Answer,"s =
""aab""",0,1,,qwen3.7-max,zero-shot,Wrong Answer,"""aab""","""0""","""1""","The condition `s[i] != s[j]` is incorrectly used instead of `s[i] == s[j]` when building the palindrome table, causing incorrect palindrome identification and wrong minimum cuts."
String,Hard,49,"Given a string s and a dictionary of strings wordDict, add spaces in s to construct a sentence where each word is a valid dictionary word. Return all such possible sentences in any order.

Note that the same word in the dictionary may be reused multiple times in the segmentation.

Example 1:

Input: s = ""catsanddog"", wordDict = [""cat"",""cats"",""and"",""sand"",""dog""]
Output: [""cats and dog"",""cat sand dog""]

Example 2:

Input: s = ""pineapplepenapple"", wordDict = [""apple"",""pen"",""applepen"",""pine"",""pineapple""]
Output: [""pine apple pen apple"",""pineapple pen apple"",""pine applepen apple""]
Explanation: Note that you are allowed to reuse a dictionary word.

Example 3:

Input: s = ""catsandog"", wordDict = [""cats"",""dog"",""sand"",""and"",""cat""]
Output: []

Constraints:

	1 <= s.length <= 20
	1 <= wordDict.length <= 1000
	1 <= wordDict[i].length <= 10
	s and wordDict[i] consist of only lowercase English letters.
	All the strings of wordDict are unique.
	Input is generated in a way that the length of the answer doesn't exceed 105.","			

class Solution {
 public:
  vector<string> wordBreak(string s, vector<string>& wordDict) {
    unordered_set<string> wordSet{begin(wordDict), end(wordDict)};
    unordered_map<string, vector<string>> memo;
    return wordBreak(s, wordSet, memo);
  }

 private:
  vector<string> wordBreak(const string& s,
                           const unordered_set<string>& wordSet,
                           unordered_map<string, vector<string>>& memo) {
    if (memo.count(s))
      return memo[s];

    vector<string> ans;

    // 1 <= prefix.length() < s.length()
    for (int i = 1; i < s.length(); ++i) {
      const string& prefix = s.substr(0, i);
      const string& suffix = s.substr(i);
      if (wordSet.count(prefix))
        for (const string& word : wordBreak(suffix, wordSet, memo))
          ans.push_back(prefix + "" "" + word);
    }

    // Contains whole string, so don't add any space
    if (wordSet.count(s))
      ans.push_back(s);

    return memo[s] = ans;
  }
};",https://leetcode.com/problems/word-break-ii,"class Solution {
 public:
  vector<string> wordBreak(string s, vector<string>& wordDict) {
    unordered_set<string> wordSet{begin(wordDict), end(wordDict)};
    unordered_map<string, vector<string>> memo;
    return wordBreak(s, wordSet, memo);
  }

 private:
  vector<string> wordBreak(const string& s,
                           const unordered_set<string>& wordSet,
                           unordered_map<string, vector<string>>& memo) {
    if (memo.count(s))
      return memo[s];

    vector<string> ans;

    // 1 <= prefix.length() < s.length()
    for (int i = 1; i < s.length(); ++i) {
      const string& prefix = s.substr(0, i);
      const string& suffix = s.substr(i);
      if (wordSet.count(prefix))
        for (const string& word : wordBreak(suffix, wordSet, memo))
          ans.push_back(prefix + "" "" + word);
    }

    // Contains whole string, so don't add any space
    if (!wordSet.count(s))
      ans.push_back(s);

    return memo[s] = ans;
  }
};",[Logic – Wrong condition operator] Changed the whole-string dictionary membership check to add the string when it is not in the word set.,Wrong Answer,"s =
""catsanddog""
wordDict =
[""cat"",""cats"",""and"",""sand"",""dog""]","[""cat sanddog"",""cats anddog"",""catsanddog""]","[""cats and dog"",""cat sand dog""]",,qwen3.7-max,zero-shot,Wrong Answer,"""s = \""catsanddog\"", wordDict = [\""cat\"",\""cats\"",\""and\"",\""sand\"",\""dog\""]""","""[]""","""[\""cats and dog\"",\""cat sand dog\""]""",
String,Hard,50,"Given an m x n board of characters and a list of strings words, return all words on the board.

Each word must be constructed from letters of sequentially adjacent cells, where adjacent cells are horizontally or vertically neighboring. The same letter cell may not be used more than once in a word.

Example 1:

Input: board = [[""o"",""a"",""a"",""n""],[""e"",""t"",""a"",""e""],[""i"",""h"",""k"",""r""],[""i"",""f"",""l"",""v""]], words = [""oath"",""pea"",""eat"",""rain""]
Output: [""eat"",""oath""]

Example 2:

Input: board = [[""a"",""b""],[""c"",""d""]], words = [""abcb""]
Output: []

Constraints:

	m == board.length
	n == board[i].length
	1 <= m, n <= 12
	board[i][j] is a lowercase English letter.
	1 <= words.length <= 3 * 104
	1 <= words[i].length <= 10
	words[i] consists of lowercase English letters.
	All the strings of words are unique.","			

struct TrieNode {
  vector<shared_ptr<TrieNode>> children;
  const string* word = nullptr;
  TrieNode() : children(26) {}
};

class Solution {
 public:
  vector<string> findWords(vector<vector<char>>& board, vector<string>& words) {
    vector<string> ans;

    for (const string& word : words)
      insert(word);

    for (int i = 0; i < board.size(); ++i)
      for (int j = 0; j < board[0].size(); ++j)
        dfs(board, i, j, root, ans);

    return ans;
  }

 private:
  shared_ptr<TrieNode> root = make_shared<TrieNode>();

  void insert(const string& word) {
    shared_ptr<TrieNode> node = root;
    for (const char c : word) {
      const int i = c - 'a';
      if (node->children[i] == nullptr)
        node->children[i] = make_shared<TrieNode>();
      node = node->children[i];
    }
    node->word = &word;
  }

  void dfs(vector<vector<char>>& board, int i, int j, shared_ptr<TrieNode> node,
           vector<string>& ans) {
    if (i < 0 || i == board.size() || j < 0 || j == board[0].size())
      return;
    if (board[i][j] == '*')
      return;

    const char c = board[i][j];
    shared_ptr<TrieNode> child = node->children[c - 'a'];
    if (child == nullptr)
      return;
    if (child->word != nullptr) {
      ans.push_back(*child->word);
      child->word = nullptr;
    }

    board[i][j] = '*';
    dfs(board, i + 1, j, child, ans);
    dfs(board, i - 1, j, child, ans);
    dfs(board, i, j + 1, child, ans);
    dfs(board, i, j - 1, child, ans);
    board[i][j] = c;
  }
};",https://leetcode.com/problems/word-search-ii,"struct TrieNode {
  vector<shared_ptr<TrieNode>> children;
  const string* word = nullptr;
  TrieNode() : children(26) {}
};

class Solution {
 public:
  vector<string> findWords(vector<vector<char>>& board, vector<string>& words) {
    vector<string> ans;

    for (const string& word : words)
      insert(word);

    for (int i = 0; i < board.size(); ++i)
      for (int j = 0; j < board[0].size(); ++j)
        dfs(board, i, j, root, ans);

    return ans;
  }

 private:
  shared_ptr<TrieNode> root = make_shared<TrieNode>();

  void insert(const string& word) {
    shared_ptr<TrieNode> node = root;
    for (const char c : word) {
      const int i = c - 'a';
      if (node->children[i] == nullptr)
        node->children[i] = make_shared<TrieNode>();
      node = node->children[i];
    }
    node->word = &word;
  }

  void dfs(vector<vector<char>>& board, int i, int j, shared_ptr<TrieNode> node,
           vector<string>& ans) {
    if (i < 0 || i == board.size() || j < 0 || j == board[0].size())
      return;
    if (board[i][j] == '*')
      return;

    const char c = board[i][j];
    shared_ptr<TrieNode> child = node->children[c - 'a'];
    if (child != nullptr)
      return;
    if (child->word != nullptr) {
      ans.push_back(*child->word);
      child->word = nullptr;
    }

    board[i][j] = '*';
    dfs(board, i + 1, j, child, ans);
    dfs(board, i - 1, j, child, ans);
    dfs(board, i, j + 1, child, ans);
    dfs(board, i, j - 1, child, ans);
    board[i][j] = c;
  }
};",[Logic – Wrong condition operator] Changed the trie child existence check in dfs from returning when the child is null to returning when the child is non-null.,Runtime Error,"board =
[[""o"",""a"",""a"",""n""],[""e"",""t"",""a"",""e""],[""i"",""h"",""k"",""r""],[""i"",""f"",""l"",""v""]]
words =
[""oath"",""pea"",""eat"",""rain""]",,,"Line 47: Char 16: runtime error: member access within null pointer of type 'element_type' (aka 'TrieNode') (solution.cpp)
SUMMARY: UndefinedBehaviorSanitizer: undefined-behavior prog_joined.cpp:56:16",qwen3.7-max,zero-shot,Runtime Error,"""board = [[\""o\"",\""a\"",\""a\"",\""n\""],[\""e\"",\""t\"",\""a\"",\""e\""],[\""i\"",\""h\"",\""k\"",\""r\""],[\""i\"",\""f\"",\""l\"",\""v\""]], words = [\""oath\"",\""pea\"",\""eat\"",\""rain\""]""",,"""[\""eat\"",\""oath\""]""","The code contains a logical error in the DFS function: `if (child != nullptr) return;` should be `if (child == nullptr) return;`. Because of this typo, when a character on the board does not match any child in the Trie, `child` is null, the condition evaluates to false, and the subsequent line `child->word` dereferences the null pointer, leading to a segmentation fault (Runtime Error)."
Bit manipulation,Easy,51,"Given an integer n, return an array ans of length n + 1 such that for each i (0 <= i <= n), ans[i] is the number of 1's in the binary representation of i.
 
 Example 1:
 
 Input: n = 2
 Output: [0,1,1]
 Explanation:
 0 --> 0
 1 --> 1
 2 --> 10
 
 Example 2:
 
 Input: n = 5
 Output: [0,1,1,2,1,2]
 Explanation:
 0 --> 0
 1 --> 1
 2 --> 10
 3 --> 11
 4 --> 100
 5 --> 101
 
 Constraints:
 
  0 <= n <= 105
 
 Follow up:
 
  It is very easy to come up with a solution with a runtime of O(n log n). Can you do it in linear time O(n) and possibly in a single pass?
  Can you do it without using any built-in function (i.e., like __builtin_popcount in C++)?","class Solution {
public:
    vector<int> countBits(int n) {
        vector<int>dp(n+1,0);
        if(n==0) return {0};
        dp[0]=0;
        dp[1]=1;
        for(int i=2;i<=n;i++){
            dp[i]=dp[i/2]+dp[i%2];
        }
        return dp;
    }
};
#pragma GCC target(""abm"")
#pragma GCC target(""bmi"")
#pragma GCC target(""avx2"")
#pragma GCC target(""bmi2"")
#pragma GCC target(""lzcnt"")
#pragma GCC target(""popcnt"")
#pragma GCC target(""native"")
#pragma GCC optimize(""O3"")
#pragma GCC optimize(""Ofast"")
#pragma GCC optimize(""inline"")
#pragma GCC optimize(""-fgcse"")
#pragma GCC optimize(""fast-math"")
#pragma GCC optimize(""-fgcse-lm"")
#pragma GCC optimize(""-fipa-sra"")
#pragma GCC optimize(""-ftree-pre"")
#pragma GCC optimize(""-ftree-vrp"")
#pragma GCC optimize(""-fpeephole2"")
#pragma GCC optimize(""-ffast-math"")
#pragma GCC optimize(""-fsched-spec"")
#pragma GCC optimize(""unroll-loops"")
#pragma GCC optimize(""-march=native"")
#pragma GCC optimize(""-falign-jumps"")
#pragma GCC optimize(""-falign-loops"")
#pragma GCC optimize(""-falign-labels"")
#pragma GCC optimize(""-fdevirtualize"")
#pragma GCC optimize(""-fcaller-saves"")
#pragma GCC optimize(""-fcrossjumping"")
#pragma GCC optimize(""-fthread-jumps"")
#pragma GCC optimize(""-funroll-loops"")
#pragma GCC optimize(""-freorder-blocks"")
#pragma GCC optimize(""-fschedule-insns"")
#pragma GCC optimize(""inline-functions"")
#pragma GCC optimize(""-ftree-tail-merge"")
#pragma GCC optimize(""-fschedule-insnS2"")
#pragma GCC optimize(""-fstrict-aliasing"")
#pragma GCC optimize(""-falign-functions"")
#pragma GCC optimize(""-fcse-follow-jumps"")
#pragma GCC optimize(""-fsched-interblock"")
#pragma GCC optimize(""-fpartial-inlining"")
#pragma GCC optimize(""no-stack-protector"")
#pragma GCC optimize(""-freorder-functions"")
#pragma GCC optimize(""-findirect-inlining"")
#pragma GCC optimize(""-fhoist-adjacent-loads"")
#pragma GCC optimize(""-frerun-cse-after-loop"")
#pragma GCC optimize(""inline-small-functions"")
#pragma GCC optimize(""-finline-small-functions"")
#pragma GCC optimize(""-ftree-switch-conversion"")
#pragma GCC optimize(""-foptimize-sibling-calls"")
#pragma GCC optimize(""-fexpensive-optimizations"")
#pragma GCC optimize(""inline-functions-called-once"")
#pragma GCC optimize(""-fdelete-null-Pointer-checks"")
static const bool __boost = []() {
   cin.tie(nullptr);
   cout.tie(nullptr);
   return std::ios_base::sync_with_stdio(false);
}();
const size_t BUFFER_SIZE = 0x6fafffff;
alignas(std::max_align_t) char buffer[BUFFER_SIZE];
size_t buffer_pos = 0;
void* operator new(size_t size) {
   constexpr std::size_t alignment = alignof(std::max_align_t);
   size_t padding = (alignment - (buffer_pos % alignment)) % alignment;
   size_t total_size = size + padding;
   char* aligned_ptr = &buffer[buffer_pos + padding];
   buffer_pos += total_size;
   return aligned_ptr;
}
void operator delete(void* ptr, unsigned long) {}
void operator delete(void* ptr) {}
void operator delete[](void* ptr) {}
const auto __ = []() {
   struct Leetcode {
       static void _() { std::ofstream(""display_runtime.txt"") << 0 << '\n'; }
   };
   std::atexit(&Leetcode::_);
   return 0;
}();",https://leetcode.com/problems/counting-bits,"class Solution {
public:
    vector<int> countBits(int n) {
        vector<int>dp(n+1,0);
        if(n==0) return {0};
        dp[0]=0;
        dp[1]=1;
        for(int i=2;i<=n;i++){
            dp[i]=dp[i/2]-dp[i%2];
        }
        return dp;
    }
};
#pragma GCC target(""abm"")
#pragma GCC target(""bmi"")
#pragma GCC target(""avx2"")
#pragma GCC target(""bmi2"")
#pragma GCC target(""lzcnt"")
#pragma GCC target(""popcnt"")
#pragma GCC target(""native"")
#pragma GCC optimize(""O3"")
#pragma GCC optimize(""Ofast"")
#pragma GCC optimize(""inline"")
#pragma GCC optimize(""-fgcse"")
#pragma GCC optimize(""fast-math"")
#pragma GCC optimize(""-fgcse-lm"")
#pragma GCC optimize(""-fipa-sra"")
#pragma GCC optimize(""-ftree-pre"")
#pragma GCC optimize(""-ftree-vrp"")
#pragma GCC optimize(""-fpeephole2"")
#pragma GCC optimize(""-ffast-math"")
#pragma GCC optimize(""-fsched-spec"")
#pragma GCC optimize(""unroll-loops"")
#pragma GCC optimize(""-march=native"")
#pragma GCC optimize(""-falign-jumps"")
#pragma GCC optimize(""-falign-loops"")
#pragma GCC optimize(""-falign-labels"")
#pragma GCC optimize(""-fdevirtualize"")
#pragma GCC optimize(""-fcaller-saves"")
#pragma GCC optimize(""-fcrossjumping"")
#pragma GCC optimize(""-fthread-jumps"")
#pragma GCC optimize(""-funroll-loops"")
#pragma GCC optimize(""-freorder-blocks"")
#pragma GCC optimize(""-fschedule-insns"")
#pragma GCC optimize(""inline-functions"")
#pragma GCC optimize(""-ftree-tail-merge"")
#pragma GCC optimize(""-fschedule-insnS2"")
#pragma GCC optimize(""-fstrict-aliasing"")
#pragma GCC optimize(""-falign-functions"")
#pragma GCC optimize(""-fcse-follow-jumps"")
#pragma GCC optimize(""-fsched-interblock"")
#pragma GCC optimize(""-fpartial-inlining"")
#pragma GCC optimize(""no-stack-protector"")
#pragma GCC optimize(""-freorder-functions"")
#pragma GCC optimize(""-findirect-inlining"")
#pragma GCC optimize(""-fhoist-adjacent-loads"")
#pragma GCC optimize(""-frerun-cse-after-loop"")
#pragma GCC optimize(""inline-small-functions"")
#pragma GCC optimize(""-finline-small-functions"")
#pragma GCC optimize(""-ftree-switch-conversion"")
#pragma GCC optimize(""-foptimize-sibling-calls"")
#pragma GCC optimize(""-fexpensive-optimizations"")
#pragma GCC optimize(""inline-functions-called-once"")
#pragma GCC optimize(""-fdelete-null-Pointer-checks"")
static const bool __boost = []() {
   cin.tie(nullptr);
   cout.tie(nullptr);
   return std::ios_base::sync_with_stdio(false);
}();
const size_t BUFFER_SIZE = 0x6fafffff;
alignas(std::max_align_t) char buffer[BUFFER_SIZE];
size_t buffer_pos = 0;
void* operator new(size_t size) {
   constexpr std::size_t alignment = alignof(std::max_align_t);
   size_t padding = (alignment - (buffer_pos % alignment)) % alignment;
   size_t total_size = size + padding;
   char* aligned_ptr = &buffer[buffer_pos + padding];
   buffer_pos += total_size;
   return aligned_ptr;
}
void operator delete(void* ptr, unsigned long) {}
void operator delete(void* ptr) {}
void operator delete[](void* ptr) {}
const auto __ = []() {
   struct Leetcode {
       static void _() { std::ofstream(""display_runtime.txt"") << 0 << '\n'; }
   };
   std::atexit(&Leetcode::_);
   return 0;
}();",[Logic – Wrong arithmetic operator] Changed the bit-count recurrence to subtract the low-bit contribution instead of adding it.,Wrong Answer,"n =
5","[0,1,1,0,1,0]","[0,1,1,2,1,2]",,qwen3.7-max,zero-shot,Wrong Answer,"""5""","""[0,1,1,0,1,0]""","""[0,1,1,2,1,2]""",
Bit manipulation,Easy,52,"Given a non-emptyÂ array of integers nums, every element appears twice except for one. Find that single one.
 
 You mustÂ implement a solution with a linear runtime complexity and useÂ only constantÂ extra space.
 
 Example 1:
 
 Input: nums = [2,2,1]
 
 Output: 1
 
 Example 2:
 
 Input: nums = [4,1,2,1,2]
 
 Output: 4
 
 Example 3:
 
 Input: nums = [1]
 
 Output: 1
 
 Constraints:
 
  1 <= nums.length <= 3 * 104
  -3 * 104 <= nums[i] <= 3 * 104
  Each element in the array appears twice except for one element which appears only once.","class Solution {
public:
    int singleNumber(vector<int>& nums) {
        int res = 0;
        for(auto i: nums) {
            res ^= i; 
        }
        return res;
    }
};",https://leetcode.com/problems/single-number,"class Solution {
public:
    int singleNumber(vector<int>& nums) {
        int res = 0;
        for(auto i: nums) {
            res |= i; 
        }
        return res;
    }
};","[Logic – Wrong arithmetic operator] Replaced the XOR accumulation operator with bitwise OR, causing duplicate values to no longer cancel out.",Wrong Answer,"nums =
[2,2,1]",3,1,,qwen3.7-max,zero-shot,Wrong Answer,"""[2,2,1]""","""3""","""1""",
Bit manipulation,Easy,53,"Reverse bits of a given 32 bits unsigned integer.
  
  Note:
  
  Note that in some languages, such as Java, there is no unsigned integer type. In this case, both input and output will be given as a signed integer type. They should not affect your implementation, as the integer's internal binary representation is the same, whether it is signed or unsigned.
  In Java, the compiler represents the signed integers using 2's complement notation. Therefore, in Example 2 above, the input represents the signed integer -3 and the output represents the signed integer -1073741825.
  
  Example 1:
  
  Input: n = 00000010100101000001111010011100
  Output: 964176192 (00111001011110000010100101000000)
  Explanation: The input binary string 00000010100101000001111010011100 represents the unsigned integer 43261596, so return 964176192 which its binary representation is 00111001011110000010100101000000.
  
  Example 2:
  
  Input: n = 11111111111111111111111111111101
  Output: 3221225471 (10111111111111111111111111111111)
  Explanation: The input binary string 11111111111111111111111111111101 represents the unsigned integer 4294967293, so return 3221225471 which its binary representation is 10111111111111111111111111111111.
  
  Constraints:
  
  The input must be a binary string of length 32
  
  Follow up: If this function is called many times, how would you optimize it?","class Solution {
public:
    uint32_t reverseBits(uint32_t n) {
        uint32_t res = 0;
        for (int i = 0; i < 32; i++) {
            res <<= 1;
            res |= (n & 1);
            n >>= 1;
        }
        return res;
    }
};",https://leetcode.com/problems/reverse-bits,"class Solution {
public:
    uint32_t reverseBits(uint32_t n) {
        uint32_t res = 0;
        for (int i = 0; i < 32; i++) {
            res >>= 1;
            res |= (n & 1);
            n >>= 1;
        }
        return res;
    }
};",[Logic – Wrong arithmetic operator] Changed the result shift from left shift to right shift before appending each bit.,Wrong Answer,"n =
43261596",0,964176192,,qwen3.7-max,zero-shot,Wrong Answer,"""43261596""","""0""","""964176192""","The code incorrectly shifts `res` to the right (`res >>= 1`) instead of to the left (`res <<= 1`). This causes the previously accumulated bits to be shifted out and lost, leaving only the last processed bit (the MSB of the original number) at the LSB position."
Bit manipulation,Easy,54,"Given a positive integer n, write a function that returns the number of set bits in its binary representation (also known as the Hamming weight).
 
 Example 1:
 
 Input: n = 11
 
 Output: 3
 
 Explanation:
 
 The input binary string 1011 has a total of three set bits.
 
 Example 2:
 
 Input: n = 128
 
 Output: 1
 
 Explanation:
 
 The input binary string 10000000 has a total of one set bit.
 
 Example 3:
 
 Input: n = 2147483645
 
 Output: 30
 
 Explanation:
 
 The input binary string 1111111111111111111111111111101 has a total of thirty set bits.
 
 Constraints:
 
  1 <= n <= 231 - 1
 
 Follow up: If this function is called many times, how would you optimize it?","class Solution {
  public:
  int hammingWeight(uint32_t n) {
  int ans = 0;
 
  for (int i = 0; i < 32; ++i)
  if ((n >> i) & 1)
  ++ans;
 
  return ans;
  }
 };",https://leetcode.com/problems/number-of-1-bits,"class Solution {
  public:
  int hammingWeight(uint32_t n) {
  int ans = 0;
 
  for (int i = 0; i < 32; ++i)
  if (((n >> i) & 1) == 0)
  ++ans;
 
  return ans;
  }
 };",[Logic – Wrong condition operator] Changed the bit-check condition to count unset bits instead of set bits.,Wrong Answer,"n =
11",29,3,,qwen3.7-max,zero-shot,Wrong Answer,"""11""","""29""","""3""",
Bit manipulation,Easy,55,"Given an integer n, return true if it is a power of two. Otherwise, return false.
 
 
 
 An integer n is a power of two, if there exists an integer x such that n == 2x.
 
 
 
 Example 1:
 
 
 
 Input: n = 1
 
 Output: true
 
 Explanation: 20 = 1
 
 
 
 Example 2:
 
 
 
 Input: n = 16
 
 Output: true
 
 Explanation: 24 = 16
 
 
 
 Example 3:
 
 
 
 Input: n = 3
 
 Output: false
 
 
 
 Constraints:
 
 
 
 -231 <= n <= 231 - 1
 
 
 
 Follow up: Could you solve it without loops/recursion?","class Solution {
  public:
  bool isPowerOfTwo(int n) {
  return n < 0 ? false : __builtin_popcountll(n) == 1;
  }
  };",https://leetcode.com/problems/power-of-two,"class Solution {
  public:
  bool isPowerOfTwo(int n) {
  return n > 0 ? false : __builtin_popcountll(n) == 1;
  }
  };","[Logic – Wrong condition operator] Changed the negative-input guard from `n < 0` to `n > 0`, causing positive powers of two to return false.",Wrong Answer,"n =
1",FALSE,TRUE,,qwen3.7-max,zero-shot,Wrong Answer,"""n = 1""","""false""","""true""",
Bit manipulation,Easy,56,"A binary watch has 4 LEDs on the top to represent the hours (0-11), and 6 LEDs on the bottom to representÂ the minutes (0-59). Each LED represents a zero or one, with the least significant bit on the right.

	For example, the below binary watch reads ""4:51"".

Given an integer turnedOn which represents the number of LEDs that are currently on (ignoring the PM), return all possible times the watch could represent. You may return the answer in any order.

The hour must not contain a leading zero.

	For example, ""01:00"" is not valid. It should be ""1:00"".

The minute mustÂ consist of two digits and may contain a leading zero.

	For example, ""10:2"" is not valid. It should be ""10:02"".

Example 1:
Input: turnedOn = 1
Output: [""0:01"",""0:02"",""0:04"",""0:08"",""0:16"",""0:32"",""1:00"",""2:00"",""4:00"",""8:00""]
Example 2:
Input: turnedOn = 9
Output: []

Constraints:

	0 <= turnedOn <= 10","class Solution {
public:
    vector<string> readBinaryWatch(int turnedOn) {
        int mh = (1<<4) - 1, mm = (1<<6) - 1;
        vector<string> ans;
        for(int ih=0; ih<=mh; ih++){
            for(int im=0; im<=mm; im++){
                if(__builtin_popcount(ih) + __builtin_popcount(im) != turnedOn)
                    continue;
                int hr = 0, mn = 0;
                for(int i=0; i<=5; i++){
                    if((ih>>i)&1)
                        hr += (1<<i);
                    if((im>>i)&1)
                        mn += (1<<i);
                } 
                if(hr>=12 || mn>=60)
                        continue;
                string tm = ""00:00"";
                tm[0] += hr/10, tm[1] += hr%10;
                tm[3] += mn/10, tm[4] += mn%10;
                if(tm[0]=='0')
                    tm.erase(tm.begin());
                ans.push_back(tm);
                
            }
        }
        return ans;
    }
};",https://leetcode.com/problems/binary-watch,"class Solution {
public:
    vector<string> readBinaryWatch(int turnedOn) {
        int mh = (1<<4) - 1, mm = (1<<6) - 1;
        vector<string> ans;
        for(int ih=0; ih<=mh; ih++){
            for(int im=0; im<=mm; im++){
                if(__builtin_popcount(ih) + __builtin_popcount(im) == turnedOn)
                    continue;
                int hr = 0, mn = 0;
                for(int i=0; i<=5; i++){
                    if((ih>>i)&1)
                        hr += (1<<i);
                    if((im>>i)&1)
                        mn += (1<<i);
                } 
                if(hr>=12 || mn>=60)
                        continue;
                string tm = ""00:00"";
                tm[0] += hr/10, tm[1] += hr%10;
                tm[3] += mn/10, tm[4] += mn%10;
                if(tm[0]=='0')
                    tm.erase(tm.begin());
                ans.push_back(tm);
                
            }
        }
        return ans;
    }
};","[Logic – Wrong condition operator] Changed the LED-count filter from `!= turnedOn` to `== turnedOn`, causing valid combinations to be skipped.",Wrong Answer,"turnedOn =
1","[""0:00"",""0:03"",""0:05"",""0:06"",""0:07"",""0:09"",""0:10"",""0:11"",""0:12"",""0:13"",""0:14"",""0:15"",""0:17"",""0:18"",""0:19"",""0:20"",""0:21"",""0:22"",""0:23"",""0:24"",""0:25"",""0:26"",""0:27"",""0:28"",""0:29"",""0:30"",""0:31"",""0:33"",""0:34"",""0:35"",""0:36"",""0:37"",""0:38"",""0:39"",""0:40"",""0:41"",""0:42"",""0:43"",""0:44"",""0:45"",""0:46"",""0:47"",""0:48"",""0:49"",""0:50"",""0:51"",""0:52"",""0:53"",""0:54"",""0:55"",""0:56"",""0:57"",""0:58"",""0:59"",""1:01"",""1:02"",""1:03"",""1:04"",""1:05"",""1:06"",""1:07"",""1:08"",""1:09"",""1:10"",""1:11"",""1:12"",""1:13"",""1:14"",""1:15"",""1:16"",""1:17"",""1:18"",""1:19"",""1:20"",""1:21"",""1:22"",""1:23"",""1:24"",""1:25"",""1:26"",""1:27"",""1:28"",""1:29"",""1:30"",""1:31"",""1:32"",""1:33"",""1:34"",""1:35"",""1:36"",""1:37"",""1:38"",""1:39"",""1:40"",""1:41"",""1:42"",""1:43"",""1:44"",""1:45"",""1:46"",""1:47"",""1:48"",""1:49"",""1:50"",""1:51"",""1:52"",""1:53"",""1:54"",""1:55"",""1:56"",""1:57"",""1:58"",""1:59"",""2:01"",""2:02"",""2:03"",""2:04"",""2:05"",""2:06"",""2:07"",""2:08"",""2:09"",""2:10"",""2:11"",""2:12"",""2:13"",""2:14"",""2:15"",""2:16"",""2:17"",""2:18"",""2:19"",""2:20"",""2:21"",""2:22"",""2:23"",""2:24"",""2:25"",""2:26"",""2:27"",""2:28"",""2:29"",""2:30"",""2:31"",""2:32"",""2:33"",""2:34"",""2:35"",""2:36"",""2:37"",""2:38"",""2:39"",""2:40"",""2:41"",""2:42"",""2:43"",""2:44"",""2:45"",""2:46"",""2:47"",""2:48"",""2:49"",""2:50"",""2:51"",""2:52"",""2:53"",""2:54"",""2:55"",""2:56"",""2:57"",""2:58"",""2:59"",""3:00"",""3:01"",""3:02"",""3:03"",""3:04"",""3:05"",""3:06"",""3:07"",""3:08"",""3:09"",""3:10"",""3:11"",""3:12"",""3:13"",""3:14"",""3:15"",""3:16"",""3:17"",""3:18"",""3:19"",""3:20"",""3:21"",""3:22"",""3:23"",""3:24"",""3:25"",""3:26"",""3:27"",""3:28"",""3:29"",""3:30"",""3:31"",""3:32"",""3:33"",""3:34"",""3:35"",""3:36"",""3:37"",""3:38"",""3:39"",""3:40"",""3:41"",""3:42"",""3:43"",""3:44"",""3:45"",""3:46"",""3:47"",""3:48"",""3:49"",""3:50"",""3:51"",""3:52"",""3:53"",""3:54"",""3:55"",""3:56"",""3:57"",""3:58"",""3:59"",""4:01"",""4:02"",""4:03"",""4:04"",""4:05"",""4:06"",""4:07"",""4:08"",""4:09"",""4:10"",""4:11"",""4:12"",""4:13"",""4:14"",""4:15"",""4:16"",""4:17"",""4:18"",""4:19"",""4:20"",""4:21"",""4:22"",""4:23"",""4:24"",""4:25"",""4:26"",""4:27"",""4:28"",""4:29"",""4:30"",""4:31"",""4:32"",""4:33"",""4:34"",""4:35"",""4:36"",""4:37"",""4:38"",""4:39"",""4:40"",""4:41"",""4:42"",""4:43"",""4:44"",""4:45"",""4:46"",""4:47"",""4:48"",""4:49"",""4:50"",""4:51"",""4:52"",""4:53"",""4:54"",""4:55"",""4:56"",""4:57"",""4:58"",""4:59"",""5:00"",""5:01"",""5:02"",""5:03"",""5:04"",""5:05"",""5:06"",""5:07"",""5:08"",""5:09"",""5:10"",""5:11"",""5:12"",""5:13"",""5:14"",""5:15"",""5:16"",""5:17"",""5:18"",""5:19"",""5:20"",""5:21"",""5:22"",""5:23"",""5:24"",""5:25"",""5:26"",""5:27"",""5:28"",""5:29"",""5:30"",""5:31"",""5:32"",""5:33"",""5:34"",""5:35"",""5:36"",""5:37"",""5:38"",""5:39"",""5:40"",""5:41"",""5:42"",""5:43"",""5:44"",""5:45"",""5:46"",""5:47"",""5:48"",""5:49"",""5:50"",""5:51"",""5:52"",""5:53"",""5:54"",""5:55"",""5:56"",""5:57"",""5:58"",""5:59"",""6:00"",""6:01"",""6:02"",""6:03"",""6:04"",""6:05"",""6:06"",""6:07"",""6:08"",""6:09"",""6:10"",""6:11"",""6:12"",""6:13"",""6:14"",""6:15"",""6:16"",""6:17"",""6:18"",""6:19"",""6:20"",""6:21"",""6:22"",""6:23"",""6:24"",""6:25"",""6:26"",""6:27"",""6:28"",""6:29"",""6:30"",""6:31"",""6:32"",""6:33"",""6:34"",""6:35"",""6:36"",""6:37"",""6:38"",""6:39"",""6:40"",""6:41"",""6:42"",""6:43"",""6:44"",""6:45"",""6:46"",""6:47"",""6:48"",""6:49"",""6:50"",""6:51"",""6:52"",""6:53"",""6:54"",""6:55"",""6:56"",""6:57"",""6:58"",""6:59"",""7:00"",""7:01"",""7:02"",""7:03"",""7:04"",""7:05"",""7:06"",""7:07"",""7:08"",""7:09"",""7:10"",""7:11"",""7:12"",""7:13"",""7:14"",""7:15"",""7:16"",""7:17"",""7:18"",""7:19"",""7:20"",""7:21"",""7:22"",""7:23"",""7:24"",""7:25"",""7:26"",""7:27"",""7:28"",""7:29"",""7:30"",""7:31"",""7:32"",""7:33"",""7:34"",""7:35"",""7:36"",""7:37"",""7:38"",""7:39"",""7:40"",""7:41"",""7:42"",""7:43"",""7:44"",""7:45"",""7:46"",""7:47"",""7:48"",""7:49"",""7:50"",""7:51"",""7:52"",""7:53"",""7:54"",""7:55"",""7:56"",""7:57"",""7:58"",""7:59"",""8:01"",""8:02"",""8:03"",""8:04"",""8:05"",""8:06"",""8:07"",""8:08"",""8:09"",""8:10"",""8:11"",""8:12"",""8:13"",""8:14"",""8:15"",""8:16"",""8:17"",""8:18"",""8:19"",""8:20"",""8:21"",""8:22"",""8:23"",""8:24"",""8:25"",""8:26"",""8:27"",""8:28"",""8:29"",""8:30"",""8:31"",""8:32"",""8:33"",""8:34"",""8:35"",""8:36"",""8:37"",""8:38"",""8:39"",""8:40"",""8:41"",""8:42"",""8:43"",""8:44"",""8:45"",""8:46"",""8:47"",""8:48"",""8:49"",""8:50"",""8:51"",""8:52"",""8:53"",""8:54"",""8:55"",""8:56"",""8:57"",""8:58"",""8:59"",""9:00"",""9:01"",""9:02"",""9:03"",""9:04"",""9:05"",""9:06"",""9:07"",""9:08"",""9:09"",""9:10"",""9:11"",""9:12"",""9:13"",""9:14"",""9:15"",""9:16"",""9:17"",""9:18"",""9:19"",""9:20"",""9:21"",""9:22"",""9:23"",""9:24"",""9:25"",""9:26"",""9:27"",""9:28"",""9:29"",""9:30"",""9:31"",""9:32"",""9:33"",""9:34"",""9:35"",""9:36"",""9:37"",""9:38"",""9:39"",""9:40"",""9:41"",""9:42"",""9:43"",""9:44"",""9:45"",""9:46"",""9:47"",""9:48"",""9:49"",""9:50"",""9:51"",""9:52"",""9:53"",""9:54"",""9:55"",""9:56"",""9:57"",""9:58"",""9:59"",""10:00"",""10:01"",""10:02"",""10:03"",""10:04"",""10:05"",""10:06"",""10:07"",""10:08"",""10:09"",""10:10"",""10:11"",""10:12"",""10:13"",""10:14"",""10:15"",""10:16"",""10:17"",""10:18"",""10:19"",""10:20"",""10:21"",""10:22"",""10:23"",""10:24"",""10:25"",""10:26"",""10:27"",""10:28"",""10:29"",""10:30"",""10:31"",""10:32"",""10:33"",""10:34"",""10:35"",""10:36"",""10:37"",""10:38"",""10:39"",""10:40"",""10:41"",""10:42"",""10:43"",""10:44"",""10:45"",""10:46"",""10:47"",""10:48"",""10:49"",""10:50"",""10:51"",""10:52"",""10:53"",""10:54"",""10:55"",""10:56"",""10:57"",""10:58"",""10:59"",""11:00"",""11:01"",""11:02"",""11:03"",""11:04"",""11:05"",""11:06"",""11:07"",""11:08"",""11:09"",""11:10"",""11:11"",""11:12"",""11:13"",""11:14"",""11:15"",""11:16"",""11:17"",""11:18"",""11:19"",""11:20"",""11:21"",""11:22"",""11:23"",""11:24"",""11:25"",""11:26"",""11:27"",""11:28"",""11:29"",""11:30"",""11:31"",""11:32"",""11:33"",""11:34"",""11:35"",""11:36"",""11:37"",""11:38"",""11:39"",""11:40"",""11:41"",""11:42"",""11:43"",""11:44"",""11:45"",""11:46"",""11:47"",""11:48"",""11:49"",""11:50"",""11:51"",""11:52"",""11:53"",""11:54"",""11:55"",""11:56"",""11:57"",""11:58"",""11:59""]","[""0:01"",""0:02"",""0:04"",""0:08"",""0:16"",""0:32"",""1:00"",""2:00"",""4:00"",""8:00""]",,qwen3.7-max,zero-shot,Wrong Answer,"""1""","""[\""0:00\"",\""0:03\"",\""0:05\"",\""0:06\"",\""0:07\"",\""0:09\"",\""0:10\"", ...]""","""[\""0:01\"",\""0:02\"",\""0:04\"",\""0:08\"",\""0:16\"",\""0:32\"",\""1:00\"",\""2:00\"",\""4:00\"",\""8:00\""]""",
Bit manipulation,Easy,57,"The Hamming distance between two integers is the number of positions at which the corresponding bits are different.
 
 Given two integers x and y, return the Hamming distance between them.
 
 Example 1:
 
 Input: x = 1, y = 4
 Output: 2
 Explanation:
 1 (0 0 0 1)
 4 (0 1 0 0)
  â†‘ â†‘
 The above arrows point to positions where the corresponding bits are different.
 
 Example 2:
 
 Input: x = 3, y = 1
 Output: 1
 
 Constraints:
 
  0 <=Â x, y <= 231 - 1
 
 Note: This question is the same as 2220: Minimum Bit Flips to Convert Number.","class Solution {
  public:
  int hammingDistance(int x, int y) {
  int ans = 0;
 
  while (x || y) {
  ans += (x & 1) ^ (y & 1);
  x >>= 1;
  y >>= 1;
  }
 
  return ans;
  }
 };",https://leetcode.com/problems/hamming-distance,"class Solution {
  public:
  int hammingDistance(int x, int y) {
  int ans = 0;
 
  while (x || y) {
  ans += (x & 1) ^ (y & 1);
  x >>= 1;
  y <<= 1;
  }
 
  return ans;
  }
 };","[Logic – Wrong arithmetic operator] Changed the right shift on y to a left shift, causing y to move in the wrong bit direction during comparison.",Wrong Answer,"x =
1
y =
4",1,2,,qwen3.7-max,zero-shot,Wrong Answer,"""x = 1, y = 4""","""1""","""2""",
Bit manipulation,Easy,58,"The complement of an integer is the integer you get when you flip all the 0's to 1's and all the 1's to 0's in its binary representation.
 
  For example, The integer 5 is ""101"" in binary and its complement is ""010"" which is the integer 2.
 
 Given an integer num, return its complement.
 
 Example 1:
 
 Input: num = 5
 Output: 2
 Explanation: The binary representation of 5 is 101 (no leading zero bits), and its complement is 010. So you need to output 2.
 
 Example 2:
 
 Input: num = 1
 Output: 0
 Explanation: The binary representation of 1 is 1 (no leading zero bits), and its complement is 0. So you need to output 0.
 
 Constraints:
 
  1 <= num < 231
 
 Note: This question is the same as 1009: https://leetcode.com/problems/complement-of-base-10-integer/","class Solution {
public:
    int findComplement(int num) {
     int temp =num;
     int m =0;
     if(num==0){
        return 1;
     }
     while(temp>0){
        m= (m<<1)|1;
        temp = temp>>1;
     }
     return m^num;
    }
};",https://leetcode.com/problems/number-complement,"class Solution {
public:
    int findComplement(int num) {
     int temp =num;
     int m =0;
     if(num==0){
        return 1;
     }
     while(temp>0){
        m= (m>>1)|1;
        temp = temp>>1;
     }
     return m^num;
    }
};","[Logic – Wrong arithmetic operator] Changed the mask construction update from left shift to right shift, preventing the bitmask from growing correctly.",Wrong Answer,"num =
5",4,2,,qwen3.7-max,zero-shot,Wrong Answer,"""5""","""4""","""2""","The mask generation logic uses a right shift `m = (m >> 1) | 1` instead of a left shift `m = (m << 1) | 1`. As a result, `m` remains 1 throughout the loop for any `num > 0`, which causes the code to only flip the least significant bit instead of all bits in the binary representation."
Bit manipulation,Easy,59,"You have a set of integers s, which originally contains all the numbers from 1 to n. Unfortunately, due to some error, one of the numbers in s got duplicated to another number in the set, which results in repetition of one number and loss of another number.
 
 You are given an integer array nums representing the data status of this set after the error.
 
 Find the number that occurs twice and the number that is missing and return them in the form of an array.
 
 Example 1:
 Input: nums = [1,2,2,4]
 Output: [2,3]
 Example 2:
 Input: nums = [1,1]
 Output: [1,2]
 
 Constraints:
 
  2 <= nums.length <= 104
  1 <= nums[i] <= 104","class Solution {
  public:
  vector<int> findErrorNums(vector<int>& nums) {
  int duplicate;
 
  for (const int num : nums)
  if (nums[abs(num) - 1] < 0)
  duplicate = abs(num);
  else
  nums[abs(num) - 1] *= -1;
 
  for (int i = 0; i < nums.size(); ++i)
  if (nums[i] > 0)
  return {duplicate, i + 1};
 
  throw;
  }
 };",https://leetcode.com/problems/set-mismatch,"class Solution {
  public:
  vector<int> findErrorNums(vector<int>& nums) {
  int duplicate;
 
  for (const int num : nums)
  if (nums[abs(num) - 1] < 0)
  duplicate = abs(num);
  else
  nums[abs(num) - 1] *= -1;
 
  for (int i = 0; i < nums.size(); ++i)
  if (nums[i] > 0)
  return {duplicate, i - 1};
 
  throw;
  }
 };",[Logic – Wrong arithmetic operator] Changed the missing number returned from `i + 1` to `i - 1`.,Wrong Answer,"nums =
[1,2,2,4]","[2,1]","[2,3]",,qwen3.7-max,zero-shot,Wrong Answer,"""[1,2,2,4]""","""[2,1]""","""[2,3]""",
Bit manipulation,Easy,60,"Given the root of a complete binary tree, return the number of the nodes in the tree.

According to Wikipedia, every level, except possibly the last, is completely filled in a complete binary tree, and all nodes in the last level are as far left as possible. It can have between 1 and 2h nodes inclusive at the last level h.

Design an algorithm that runs in less than O(n) time complexity.

Example 1:

Input: root = [1,2,3,4,5,6]
Output: 6

Example 2:

Input: root = []
Output: 0

Example 3:

Input: root = [1]
Output: 1

Constraints:

	The number of nodes in the tree is in the range [0, 5 * 104].
	0 <= Node.val <= 5 * 104
	The tree is guaranteed to be complete.","			

class Solution {
 public:
  int countNodes(TreeNode* root) {
    if (root == nullptr)
      return 0;
    return 1 + countNodes(root->left) + countNodes(root->right);
  }
};",https://leetcode.com/problems/count-complete-tree-nodes,"class Solution {
 public:
  int countNodes(TreeNode* root) {
    if (root != nullptr)
      return 0;
    return 1 + countNodes(root->left) + countNodes(root->right);
  }
};","[Logic – Wrong condition operator] Changed the null-root check from `root == nullptr` to `root != nullptr`, causing non-null trees to return 0 immediately.",Runtime Error,"root =
[]",,,"Line 6: Char 33: runtime error: member access within null pointer of type 'TreeNode' (solution.cpp)
SUMMARY: UndefinedBehaviorSanitizer: undefined-behavior prog_joined.cpp:15:33",qwen3.7-max,zero-shot,Wrong Answer,"""root = [1,2,3,4,5,6]""","""0""","""6""","The base case condition is inverted (`root != nullptr` instead of `root == nullptr`), causing the function to immediately return 0 for any non-empty tree. Additionally, if the tree is empty, it will dereference a null pointer (`root->left`), leading to a Runtime Error. Even if the base case were correct, the O(n) time complexity would violate the problem's constraints."
Bit manipulation,Easy,61,"Given an array nums containing n distinct numbers in the range [0, n], return the only number in the range that is missing from the array.

Example 1:

Input: nums = [3,0,1]

Output: 2

Explanation:

n = 3 since there are 3 numbers, so all numbers are in the range [0,3]. 2 is the missing number in the range since it does not appear in nums.

Example 2:

Input: nums = [0,1]

Output: 2

Explanation:

n = 2 since there are 2 numbers, so all numbers are in the range [0,2]. 2 is the missing number in the range since it does not appear in nums.

Example 3:

Input: nums = [9,6,4,2,3,5,7,0,1]

Output: 8

Explanation:

n = 9 since there are 9 numbers, so all numbers are in the range [0,9]. 8 is the missing number in the range since it does not appear in nums.

Constraints:

	n == nums.length
	1 <= n <= 104
	0 <= nums[i] <= n
	All the numbers of nums are unique.

Follow up: Could you implement a solution using only O(1) extra space complexity and O(n) runtime complexity?","			

class Solution {
 public:
  int missingNumber(vector<int>& nums) {
    int ans = nums.size();

    for (int i = 0; i < nums.size(); ++i)
      ans ^= i ^ nums[i];

    return ans;
  }
};",https://leetcode.com/problems/missing-number,"class Solution {
 public:
  int missingNumber(vector<int>& nums) {
    int ans = nums.size();

    for (int i = 0; i < nums.size(); ++i)
      ans += i ^ nums[i];

    return ans;
  }
};",[Logic – Wrong arithmetic operator] Replaced the XOR assignment update with an addition assignment in the loop.,Wrong Answer,"nums =
[3,0,1]",10,2,,qwen3.7-max,zero-shot,Wrong Answer,"""[3,0,1]""","""10""","""2""",
Bit manipulation,Easy,62,"Given an integer n, return true if it is a power of four. Otherwise, return false.

An integer n is a power of four, if there exists an integer x such that n == 4x.

Example 1:
Input: n = 16
Output: true
Example 2:
Input: n = 5
Output: false
Example 3:
Input: n = 1
Output: true

Constraints:

	-231 <= n <= 231 - 1

Follow up: Could you solve it without loops/recursion?","                        

class Solution {
 public:
  bool isPowerOfFour(int n) {
    // Why (4^n - 1) % 3 == 0?
    // (4^n - 1) = (2^n - 1)(2^n + 1) and 2^n - 1, 2^n, 2^n + 1 are
    // Three consecutive numbers; among one of them, there must be a multiple
    // Of 3, and that can't be 2^n, so it must be either 2^n - 1 or 2^n + 1.
    // Therefore, 4^n - 1 is a multiple of 3.
    return n > 0 && __builtin_popcountll(n) == 1 && (n - 1) % 3 == 0;
  }
};",https://leetcode.com/problems/power-of-four,"class Solution {
 public:
  bool isPowerOfFour(int n) {
    // Why (4^n - 1) % 3 == 0?
    // (4^n - 1) = (2^n - 1)(2^n + 1) and 2^n - 1, 2^n, 2^n + 1 are
    // Three consecutive numbers; among one of them, there must be a multiple
    // Of 3, and that can't be 2^n, so it must be either 2^n - 1 or 2^n + 1.
    // Therefore, 4^n - 1 is a multiple of 3.
    return n > 0 && __builtin_popcountll(n) == 1 && (n - 1) % 3 != 0;
  }
};",[Logic – Wrong condition operator] Changed the divisibility check from `(n - 1) % 3 == 0` to `(n - 1) % 3 != 0`.,Wrong Answer,"n =
16",FALSE,TRUE,,qwen3.7-max,zero-shot,Wrong Answer,"""16""","""false""","""true""",
Bit manipulation,Easy,63,"You are given two strings s and t.

String t is generated by random shuffling string s and then add one more letter at a random position.

Return the letter that was added to t.

Example 1:

Input: s = ""abcd"", t = ""abcde""
Output: ""e""
Explanation: 'e' is the letter that was added.

Example 2:

Input: s = """", t = ""y""
Output: ""y""

Constraints:

	0 <= s.length <= 1000
	t.length == s.length + 1
	s and t consist of lowercase English letters.","			

class Solution {
 public:
  char findTheDifference(string s, string t) {
    char ans = 0;

    for (const char c : s)
      ans ^= c;

    for (const char c : t)
      ans ^= c;

    return ans;
  }
};",https://leetcode.com/problems/find-the-difference,"class Solution {
 public:
  char findTheDifference(string s, string t) {
    char ans = 0;

    for (const char c : s)
      ans ^= c;

    for (const char c : t)
      ans += c;

    return ans;
  }
};","[Logic – Wrong arithmetic operator] Changed the XOR accumulation in the second loop to addition, which breaks the cancellation logic.",Runtime Error,"s =
""abcd""
t =
""abcde""",,,"Line 66: Char 12: runtime error: index -13 out of bounds for type 'string[256]' (aka 'basic_string<char>[256]') (_Serializer_.cpp)
SUMMARY: UndefinedBehaviorSanitizer: undefined-behavior _Serializer_.cpp:75:12",qwen3.7-max,zero-shot,Wrong Answer,"""s = \""a\"", t = \""aa\""""","""\""#\""""","""\""a\""""",
Bit manipulation,Easy,64,"Given a 32-bit integer num, return a string representing its hexadecimal representation. For negative integers, two’s complement method is used.

All the letters in the answer string should be lowercase characters, and there should not be any leading zeros in the answer except for the zero itself.

Note: You are not allowed to use any built-in library method to directly solve this problem.

Example 1:
Input: num = 26
Output: ""1a""
Example 2:
Input: num = -1
Output: ""ffffffff""

Constraints:

	-231 <= num <= 231 - 1","			

class Solution {
 public:
  string toHex(unsigned num) {
    const vector<char> hex{'0', '1', '2', '3', '4', '5', '6', '7',
                           '8', '9', 'a', 'b', 'c', 'd', 'e', 'f'};
    string ans;

    while (num) {
      ans += hex[num & 0xf];
      num >>= 4;
    }

    reverse(begin(ans), end(ans));
    return ans.empty() ? ""0"" : ans;
  }
};",https://leetcode.com/problems/convert-a-number-to-hexadecimal,"class Solution {
 public:
  string toHex(unsigned num) {
    const vector<char> hex{'0', '1', '2', '3', '4', '5', '6', '7',
                           '8', '9', 'a', 'b', 'c', 'd', 'e', 'f'};
    string ans;

    while (num) {
      ans += hex[num & 0xf];
      num >>= 1;
    }

    reverse(begin(ans), end(ans));
    return ans.empty() ? ""0"" : ans;
  }
};",[Logic – Wrong arithmetic operator] Changed the bit shift step from shifting by 4 bits to shifting by 1 bit when consuming hexadecimal digits.,Wrong Answer,"num =
26","""136da""","""1a""",,qwen3.7-max,zero-shot,Wrong Answer,"""26""","""136da""","""1a""",
Bit manipulation,Easy,65,"Given two integers left and right, return the count of numbers in the inclusive range [left, right] having a prime number of set bits in their binary representation.

Recall that the number of set bits an integer has is the number of 1's present when written in binary.

	For example, 21 written in binary is 10101, which has 3 set bits.

Example 1:

Input: left = 6, right = 10
Output: 4
Explanation:
6  -> 110 (2 set bits, 2 is prime)
7  -> 111 (3 set bits, 3 is prime)
8  -> 1000 (1 set bit, 1 is not prime)
9  -> 1001 (2 set bits, 2 is prime)
10 -> 1010 (2 set bits, 2 is prime)
4 numbers have a prime number of set bits.

Example 2:

Input: left = 10, right = 15
Output: 5
Explanation:
10 -> 1010 (2 set bits, 2 is prime)
11 -> 1011 (3 set bits, 3 is prime)
12 -> 1100 (2 set bits, 2 is prime)
13 -> 1101 (3 set bits, 3 is prime)
14 -> 1110 (3 set bits, 3 is prime)
15 -> 1111 (4 set bits, 4 is not prime)
5 numbers have a prime number of set bits.

Constraints:

	1 <= left <= right <= 106
	0 <= right - left <= 104","			

class Solution {
 public:
  int countPrimeSetBits(int L, int R) {
    // { 2, 3, 5, 7, 11, 13, 17, 19 }th bits are 1s
    // (10100010100010101100)2 = (665772)10
    constexpr int magic = 665772;
    int ans = 0;

    for (int n = L; n <= R; ++n)
      if (magic & 1 << __builtin_popcountll(n))
        ++ans;

    return ans;
  }
};",https://leetcode.com/problems/prime-number-of-set-bits-in-binary-representation,"class Solution {
 public:
  int countPrimeSetBits(int L, int R) {
    // { 2, 3, 5, 7, 11, 13, 17, 19 }th bits are 1s
    // (10100010100010101100)2 = (665772)10
    constexpr int magic = 665772;
    int ans = 0;

    for (int n = L; n <= R; ++n)
      if (magic >> __builtin_popcountll(n))
        ++ans;

    return ans;
  }
};",[Logic – Wrong arithmetic operator] Changed the bit mask check to shift the magic constant right by the popcount instead of shifting 1 left by the popcount.,Wrong Answer,"left =
6
right =
10",5,4,,qwen3.7-max,zero-shot,Wrong Answer,"""left = 10, right = 15""","""6""","""5""","The condition `magic >> __builtin_popcountll(n)` checks if the shifted value is non-zero, rather than checking if the specific bit is set. It should be `(magic >> __builtin_popcountll(n)) & 1`. Because of this, numbers with a non-prime number of set bits (like 4) are incorrectly counted, as `magic >> 4` is still non-zero."
Bit manipulation,Easy,66,"Given an n x n binary matrix image, flip the image horizontally, then invert it, and return the resulting image.

To flip an image horizontally means that each row of the image is reversed.

	For example, flipping [1,1,0] horizontally results in [0,1,1].

To invert an image means that each 0 is replaced by 1, and each 1 is replaced by 0.

	For example, inverting [0,1,1] results in [1,0,0].

Example 1:

Input: image = [[1,1,0],[1,0,1],[0,0,0]]
Output: [[1,0,0],[0,1,0],[1,1,1]]
Explanation: First reverse each row: [[0,1,1],[1,0,1],[0,0,0]].
Then, invert the image: [[1,0,0],[0,1,0],[1,1,1]]

Example 2:

Input: image = [[1,1,0,0],[1,0,0,1],[0,1,1,1],[1,0,1,0]]
Output: [[1,1,0,0],[0,1,1,0],[0,0,0,1],[1,0,1,0]]
Explanation: First reverse each row: [[0,0,1,1],[1,0,0,1],[1,1,1,0],[0,1,0,1]].
Then invert the image: [[1,1,0,0],[0,1,1,0],[0,0,0,1],[1,0,1,0]]

Constraints:

	n == image.length
	n == image[i].length
	1 <= n <= 20
	images[i][j] is either 0 or 1.","			

class Solution {
 public:
  vector<vector<int>> flipAndInvertImage(vector<vector<int>>& A) {
    const int n = A.size();

    for (int i = 0; i < n; ++i)
      for (int j = 0; j < (n + 1) / 2; ++j) {
        const int temp = A[i][j];
        A[i][j] = A[i][n - j - 1] ^ 1;
        A[i][n - j - 1] = temp ^ 1;
      }

    return A;
  }
};",https://leetcode.com/problems/flipping-an-image,"class Solution {
 public:
  vector<vector<int>> flipAndInvertImage(vector<vector<int>>& A) {
    const int n = A.size();

    for (int i = 0; i < n; ++i)
      for (int j = 0; j < (n - 1) / 2; ++j) {
        const int temp = A[i][j];
        A[i][j] = A[i][n - j - 1] ^ 1;
        A[i][n - j - 1] = temp ^ 1;
      }

    return A;
  }
};","[Logic – Wrong arithmetic operator] Changed the inner loop bound from `(n + 1) / 2` to `(n - 1) / 2`, causing the middle element of odd-length rows to be skipped.",Wrong Answer,"image =
[[1,1,0],[1,0,1],[0,0,0]]","[[1,1,0],[0,0,0],[1,0,1]]","[[1,0,0],[0,1,0],[1,1,1]]",,qwen3.7-max,zero-shot,Wrong Answer,"""[[1,1,0],[1,0,1],[0,0,0]]""","""[[1,1,0],[0,0,0],[1,0,1]]""","""[[1,0,0],[0,1,0],[1,1,1]]""",
Bit manipulation,Easy,67,"Given a positive integer n, find and return the longest distance between any two adjacent 1's in the binary representation of n. If there are no two adjacent 1's, return 0.

Two 1's are adjacent if there are only 0's separating them (possibly no 0's). The distance between two 1's is the absolute difference between their bit positions. For example, the two 1's in ""1001"" have a distance of 3.

Example 1:

Input: n = 22
Output: 2
Explanation: 22 in binary is ""10110"".
The first adjacent pair of 1's is ""10110"" with a distance of 2.
The second adjacent pair of 1's is ""10110"" with a distance of 1.
The answer is the largest of these two distances, which is 2.
Note that ""10110"" is not a valid pair since there is a 1 separating the two 1's underlined.

Example 2:

Input: n = 8
Output: 0
Explanation: 8 in binary is ""1000"".
There are not any adjacent pairs of 1's in the binary representation of 8, so we return 0.

Example 3:

Input: n = 5
Output: 2
Explanation: 5 in binary is ""101"".

Constraints:

	1 <= n <= 109","			

class Solution {
 public:
  int binaryGap(int n) {
    int ans = 0;

    // D := distance between any two 1's
    // Initialized to a reasonable small value
    for (int d = -32; n; n /= 2, ++d)
      if (n & 1) {
        ans = max(ans, d);
        d = 0;
      }

    return ans;
  }
};",https://leetcode.com/problems/binary-gap,"class Solution {
 public:
  int binaryGap(int n) {
    int ans = 0;

    // D := distance between any two 1's
    // Initialized to a reasonable small value
    for (int d = -32; n; n /= 2, --d)
      if (n & 1) {
        ans = max(ans, d);
        d = 0;
      }

    return ans;
  }
};",[Logic – Wrong arithmetic operator] Changed the distance counter update from incrementing `d` to decrementing `d` in the loop update expression.,Wrong Answer,"n =
22",0,2,,qwen3.7-max,zero-shot,Wrong Answer,"""22""","""0""","""2""",
Bit manipulation,Easy,68,"The complement of an integer is the integer you get when you flip all the 0's to 1's and all the 1's to 0's in its binary representation.

	For example, The integer 5 is ""101"" in binary and its complement is ""010"" which is the integer 2.

Given an integer n, return its complement.

Example 1:

Input: n = 5
Output: 2
Explanation: 5 is ""101"" in binary, with complement ""010"" in binary, which is 2 in base-10.

Example 2:

Input: n = 7
Output: 0
Explanation: 7 is ""111"" in binary, with complement ""000"" in binary, which is 0 in base-10.

Example 3:

Input: n = 10
Output: 5
Explanation: 10 is ""1010"" in binary, with complement ""0101"" in binary, which is 5 in base-10.

Constraints:

	0 <= n < 109

Note: This question is the same as 476: https://leetcode.com/problems/number-complement/","			

class Solution {
 public:
  int bitwiseComplement(int N) {
    int mask = 1;

    while (mask < N)
      mask = (mask << 1) + 1;

    return mask ^ N;
  }
};",https://leetcode.com/problems/complement-of-base-10-integer,"class Solution {
 public:
  int bitwiseComplement(int N) {
    int mask = 1;

    while (mask <= N)
      mask = (mask << 1) + 1;

    return mask ^ N;
  }
};","[Logic – Wrong condition operator] Changed the loop condition from `mask < N` to `mask <= N`, causing the mask to grow one step too far when `N` equals the current mask.",Wrong Answer,"n =
7",8,0,,qwen3.7-max,zero-shot,Wrong Answer,"""7""","""8""","""0""",
Bit manipulation,Easy,69,"You are given a binary array nums (0-indexed).

We define xi as the number whose binary representation is the subarray nums[0..i] (from most-significant-bit to least-significant-bit).

	For example, if nums = [1,0,1], then x0 = 1, x1 = 2, and x2 = 5.

Return an array of booleans answer where answer[i] is true if xi is divisible by 5.

Example 1:

Input: nums = [0,1,1]
Output: [true,false,false]
Explanation: The input numbers in binary are 0, 01, 011; which are 0, 1, and 3 in base-10.
Only the first number is divisible by 5, so answer[0] is true.

Example 2:

Input: nums = [1,1,1]
Output: [false,false,false]

Constraints:

	1 <= nums.length <= 105
	nums[i] is either 0 or 1.","                        

class Solution {
 public:
  vector<bool> prefixesDivBy5(vector<int>& A) {
    vector<bool> ans;
    int num = 0;

    for (int a : A) {
      num = (num * 2 + a) % 5;
      ans.push_back(num % 5 == 0);
    }

    return ans;
  }
};",https://leetcode.com/problems/binary-prefix-divisible-by-5,"class Solution {
 public:
  vector<bool> prefixesDivBy5(vector<int>& A) {
    vector<bool> ans;
    int num = 0;

    for (int a : A) {
      num = (num / 2 + a) % 5;
      ans.push_back(num % 5 == 0);
    }

    return ans;
  }
};",[Logic – Wrong arithmetic operator] Changed the binary prefix update from multiplying by 2 to dividing by 2 before adding the next bit.,Wrong Answer,"nums =
[1,0,1]","[false,true,false]","[false,false,true]",,qwen3.7-max,zero-shot,Wrong Answer,"""[1,0,1]""","""[false,true,false]""","""[false,false,true]""",
Bit manipulation,Medium,70,"Given two integers dividend and divisor, divide two integers without using multiplication, division, and mod operator.
  
  The integer division should truncate toward zero, which means losing its fractional part. For example, 8.345 would be truncated to 8, and -2.7335 would be truncated to -2.
  
  Return the quotient after dividing dividend by divisor.
  
  Note: Assume we are dealing with an environment that could only store integers within the 32-bit signed integer range: [âˆ’231, 231 âˆ’ 1]. For this problem, if the quotient is strictly greater than 231 - 1, then return 231 - 1, and if the quotient is strictly less than -231, then return -231.
  
  Example 1:
  
  Input: dividend = 10, divisor = 3
  Output: 3
  Explanation: 10/3 = 3.33333.. which is truncated to 3.
  
  Example 2:
  
  Input: dividend = 7, divisor = -3
  Output: -2
  Explanation: 7/-3 = -2.33333.. which is truncated to -2.
  
  Constraints:
  
  -231 <= dividend, divisor <= 231 - 1
  divisor != 0","class Solution {
public:
    int divide(int dividend, int divisor) {
        if(dividend == INT_MIN && divisor == -1)
            return INT_MAX;
        if(dividend==divisor) return 1;
        bool sign=true;
        if(dividend>=0&&divisor<0) sign=false;
        else if(dividend<=0&&divisor>0) sign=false;
        long n=labs((long)dividend);
        long d=labs((long)divisor);
        long ans=0;
        while(n>=d){
            int c=0;
            while(n>(d<<(c+1)))
                c++;
            ans+=1<<c;
            n-=(d<<c);
        }
        if(ans==(1<<31)&&sign) return INT_MAX;
        if(ans==(1<<31)&&!sign) return INT_MIN;
        return sign?ans:-ans;
    }
};",https://leetcode.com/problems/divide-two-integers,"class Solution {
public:
    int divide(int dividend, int divisor) {
        if(dividend == INT_MIN && divisor == -1)
            return INT_MAX;
        if(dividend==divisor) return 1;
        bool sign=true;
        if(dividend>=0&&divisor<0) sign=false;
        else if(dividend<=0&&divisor>0) sign=false;
        long n=labs((long)dividend);
        long d=labs((long)divisor);
        long ans=0;
        while(n>d){
            int c=0;
            while(n>(d<<(c+1)))
                c++;
            ans+=1<<c;
            n-=(d<<c);
        }
        if(ans==(1<<31)&&sign) return INT_MAX;
        if(ans==(1<<31)&&!sign) return INT_MIN;
        return sign?ans:-ans;
    }
};","[Logic – Wrong condition operator] Changed the main subtraction loop condition from `while(n>=d)` to `while(n>d)`, causing exact remaining divisibility cases to be skipped.",Wrong Answer,"dividend =
6
divisor =
3",1,2,,qwen3.7-max,zero-shot,Wrong Answer,"""dividend = 6, divisor = 3""","""1""","""2""","The condition in the outer while loop uses strict inequality `n > d` instead of `n >= d`, and similarly the inner loop uses `n > (d << (c+1))` instead of `n >= (d << (c+1))`. This causes the algorithm to terminate prematurely and produce incorrect results for exact multiples or when the remaining dividend equals the divisor. For example, 6 / 3 returns 1 instead of 2."
Bit manipulation,Medium,71,"Given an integer array nums whereÂ every element appears three times except for one, which appears exactly once. Find the single element and return it.
  
  You mustÂ implement a solution with a linear runtime complexity and useÂ only constantÂ extra space.
  
  Example 1:
  Input: nums = [2,2,3,2]
  Output: 3
  Example 2:
  Input: nums = [0,1,0,1,0,1,99]
  Output: 99
  
  Constraints:
  
  1 <= nums.length <= 3 * 104
  -231 <= nums[i] <= 231 - 1
  Each element in nums appears exactly three times except for one element which appears once.","static const bool __boost = []() {
   cin.tie(nullptr);
   cout.tie(nullptr);
   return std::ios_base::sync_with_stdio(false);
}();
const size_t BUFFER_SIZE = 0x6fafffff;
alignas(std::max_align_t) char buffer[BUFFER_SIZE];
size_t buffer_pos = 0;
void* operator new(size_t size) {
   constexpr std::size_t alignment = alignof(std::max_align_t);
   size_t padding = (alignment - (buffer_pos % alignment)) % alignment;
   size_t total_size = size + padding;
   char* aligned_ptr = &buffer[buffer_pos + padding];
   buffer_pos += total_size;
   return aligned_ptr;
}
void operator delete(void* ptr, unsigned long) {}
void operator delete(void* ptr) {}
void operator delete[](void* ptr) {}

class Solution {
 public:
  int singleNumber(vector<int>& nums) {
    int ones = 0;
    int twos = 0;

    for (const int num : nums) {
      ones ^= (num & ~twos);
      twos ^= (num & ~ones);
    }

    return ones;
  }
};",https://leetcode.com/problems/single-number-ii,"static const bool __boost = []() {
   cin.tie(nullptr);
   cout.tie(nullptr);
   return std::ios_base::sync_with_stdio(false);
}();
const size_t BUFFER_SIZE = 0x6fafffff;
alignas(std::max_align_t) char buffer[BUFFER_SIZE];
size_t buffer_pos = 0;
void* operator new(size_t size) {
   constexpr std::size_t alignment = alignof(std::max_align_t);
   size_t padding = (alignment - (buffer_pos % alignment)) % alignment;
   size_t total_size = size + padding;
   char* aligned_ptr = &buffer[buffer_pos + padding];
   buffer_pos += total_size;
   return aligned_ptr;
}
void operator delete(void* ptr, unsigned long) {}
void operator delete(void* ptr) {}
void operator delete[](void* ptr) {}

class Solution {
 public:
  int singleNumber(vector<int>& nums) {
    int ones = 0;
    int twos = 0;

    for (const int num : nums) {
      ones ^= (num & ~twos);
      twos |= (num & ~ones);
    }

    return ones;
  }
};","[Logic – Wrong arithmetic operator] Changed the update of `twos` from XOR assignment to OR assignment, causing the bit-state tracking logic to accumulate bits incorrectly.",Wrong Answer,"nums =
[2,2,3,2]",1,3,,qwen3.7-max,zero-shot,Wrong Answer,"""[2,2,2,3]""","""1""","""3""",
Bit manipulation,Medium,72,"Given two integers left and right that represent the range [left, right], return the bitwise AND of all numbers in this range, inclusive.
  
  Example 1:
  
  Input: left = 5, right = 7
  Output: 4
  
  Example 2:
  
  Input: left = 0, right = 0
  Output: 0
  
  Example 3:
  
  Input: left = 1, right = 2147483647
  Output: 0
  
  Constraints:
  
  0 <= left <= right <= 231 - 1","class Solution {
  public:
  int rangeBitwiseAnd(int m, int n) {
  int shiftBits = 0;
  
  while (m != n) {
  m >>= 1;
  n >>= 1;
  ++shiftBits;
  }
  
  return m << shiftBits;
  }
  };",https://leetcode.com/problems/bitwise-and-of-numbers-range,"class Solution {
  public:
  int rangeBitwiseAnd(int m, int n) {
  int shiftBits = 0;
  
  while (m == n) {
  m >>= 1;
  n >>= 1;
  ++shiftBits;
  }
  
  return m << shiftBits;
  }
  };",[Logic – Wrong condition operator] Changed the loop condition from `while (m != n)` to `while (m == n)`.,Runtime Error,"left =
0
right =
0",,,"Line 9: Char 3: runtime error: signed integer overflow: 2147483647 + 1 cannot be represented in type 'int' (solution.cpp)
SUMMARY: UndefinedBehaviorSanitizer: undefined-behavior prog_joined.cpp:18:3",qwen3.7-max,zero-shot,Wrong Answer,"""left = 5, right = 7""","""5""","""4""",
Bit manipulation,Medium,73,"Given an integer array nums, in which exactly two elements appear only once and all the other elements appear exactly twice. Find the two elements that appear only once. You can return the answer in any order.
  
  You must write anÂ algorithm that runs in linear runtime complexity and usesÂ only constant extra space.
  
  Example 1:
  
  Input: nums = [1,2,1,3,2,5]
  Output: [3,5]
  Explanation: [5, 3] is also a valid answer.
  
  Example 2:
  
  Input: nums = [-1,0]
  Output: [-1,0]
  
  Example 3:
  
  Input: nums = [0,1]
  Output: [1,0]
  
  Constraints:
  
  2 <= nums.length <= 3 * 104
  -231 <= nums[i] <= 231 - 1
  Each integer in nums will appear twice, only two integers will appear once.","class Solution {
public:
    vector<int> singleNumber(vector<int>& nums) {
        long long xorAll = 0;
        for(const int& e : nums) {
            xorAll = xorAll ^ e;
        }
        long long diff = xorAll & (-xorAll);
        int x = 0;
        int y = 0;
        for(const int& e : nums) {
            if((e&diff) != 0) {
                x = x^e;
            } else {
                y = y^e;
            }
        }
        return {x, y};
    }
};",https://leetcode.com/problems/single-number-iii,"class Solution {
public:
    vector<int> singleNumber(vector<int>& nums) {
        long long xorAll = 0;
        for(const int& e : nums) {
            xorAll = xorAll ^ e;
        }
        long long diff = xorAll & (-xorAll);
        int x = 0;
        int y = 0;
        for(const int& e : nums) {
            if((e&diff) == 0) {
                x = x^e;
            } else {
                y = y^e;
            }
        }
        return {x, y};
    }
};",[Logic – Wrong condition operator] Changed the partition condition from checking whether the distinguishing bit is set to checking whether it is not set.,Accepted,,,,,qwen3.7-max,zero-shot,Accepted,"""""","""""","""""",
Bit manipulation,Medium,74,"Given two integers a and b, return the sum of the two integers without using the operators + and -.
  
  Example 1:
  Input: a = 1, b = 2
  Output: 3
  Example 2:
  Input: a = 2, b = 3
  Output: 5
  
  Constraints:
  
  -1000 <= a, b <= 1000","class Solution {
public:
    int getSum(int a, int b) {
        int x = 0;
        int c = 0;
        for (int i = 0; i < 32; ++i) {
            int v = c;
            if (a & (1 << i)) {
                v++;
            }
            if (b & (1 << i)) {
                v++;
            }
            c = 0;
            if (v == 2) {
                v = 0;
                c = 1;
            }else if (v == 3) {
                v = 1;
                c = 1;
            }
            if (v) {
                x |= (1 << i);
            }
        }
        return x;
    }
};",https://leetcode.com/problems/sum-of-two-integers,"class Solution {
public:
    int getSum(int a, int b) {
        int x = 0;
        int c = 0;
        for (int i = 0; i < 32; ++i) {
            int v = c;
            if (a & (1 << i)) {
                v++;
            }
            if (b & (1 << i)) {
                v++;
            }
            c = 0;
            if (v = 2) {
                v = 0;
                c = 1;
            }else if (v == 3) {
                v = 1;
                c = 1;
            }
            if (v) {
                x |= (1 << i);
            }
        }
        return x;
    }
};","[Logic – Assignment instead of comparison] Changed the carry handling condition from `if (v == 2)` to `if (v = 2)`, causing the branch to always execute after assigning 2 to `v`.",Wrong Answer,"a =
1
b =
2",0,3,,qwen3.7-max,zero-shot,Wrong Answer,"""a = 1, b = 2""","""0""","""3""",
Bit manipulation,Medium,75,"Given an integer array data representing the data, return whether it is a valid UTF-8 encoding (i.e. it translates to a sequence of valid UTF-8 encoded characters).
 
 
 
 A character in UTF8 can be from 1 to 4 bytes long, subjected to the following rules:
 
 
 
 For a 1-byte character, the first bit is a 0, followed by its Unicode code.
 
 For an n-bytes character, the first n bits are all one's, the n + 1 bit is 0, followed by n - 1 bytes with the most significant 2 bits being 10.
 
 
 
 This is how the UTF-8 encoding would work:
 
 
 
  Number of Bytes | UTF-8 Octet Sequence
 
  | (binary)
 
  --------------------+-----------------------------------------
 
  1 | 0xxxxxxx
 
  2 | 110xxxxx 10xxxxxx
 
  3 | 1110xxxx 10xxxxxx 10xxxxxx
 
  4 | 11110xxx 10xxxxxx 10xxxxxx 10xxxxxx
 
 
 
 x denotes a bit in the binary form of a byte that may be either 0 or 1.
 
 
 
 Note: The input is an array of integers. Only the least significant 8 bits of each integer is used to store the data. This means each integer represents only 1 byte of data.
 
 
 
 Example 1:
 
 
 
 Input: data = [197,130,1]
 
 Output: true
 
 Explanation: data represents the octet sequence: 11000101 10000010 00000001.
 
 It is a valid utf-8 encoding for a 2-bytes character followed by a 1-byte character.
 
 
 
 Example 2:
 
 
 
 Input: data = [235,140,4]
 
 Output: false
 
 Explanation: data represented the octet sequence: 11101011 10001100 00000100.
 
 The first 3 bits are all one's and the 4th bit is 0 means it is a 3-bytes character.
 
 The next byte is a continuation byte which starts with 10 and that's correct.
 
 But the second continuation byte does not start with 10, so it is invalid.
 
 
 
 Constraints:
 
 
 
 1 <= data.length <= 2 * 104
 
 0 <= data[i] <= 255","class Solution {
  public:
  bool validUtf8(vector<int>& data) {
  int leftToCheck = 0;
 
  for (const int d : data)
  if (leftToCheck == 0) {
  if ((d >> 3) == 0b11110)
  leftToCheck = 3;
  else if ((d >> 4) == 0b1110)
  leftToCheck = 2;
  else if ((d >> 5) == 0b110)
  leftToCheck = 1;
  else if ((d >> 7) == 0b0)
  leftToCheck = 0;
  else
  return false;
  } else {
  if ((d >> 6) != 0b10)
  return false;
  --leftToCheck;
  }
 
  return leftToCheck == 0;
  }
 };",https://leetcode.com/problems/utf-8-validation,"class Solution {
  public:
  bool validUtf8(vector<int>& data) {
  int leftToCheck = 0;
 
  for (const int d : data)
  if (leftToCheck == 0) {
  if ((d >> 3) == 0b11110)
  leftToCheck = 3;
  else if ((d >> 4) == 0b1110)
  leftToCheck = 2;
  else if ((d >> 5) == 0b110)
  leftToCheck = 1;
  else if ((d >> 7) == 0b0)
  leftToCheck = 0;
  else
  return false;
  } else {
  if ((d >> 6) == 0b10)
  return false;
  --leftToCheck;
  }
 
  return leftToCheck == 0;
  }
 };",[Logic – Wrong condition operator] Changed the continuation-byte validation condition from `!= 0b10` to `== 0b10`.,Wrong Answer,"data =
[197,130,1]",FALSE,TRUE,,qwen3.7-max,zero-shot,Wrong Answer,"""[197,130,1]""","""false""","""true""","The condition for checking continuation bytes is inverted. The code returns false when the continuation byte correctly starts with '10' ((d >> 6) == 0b10), instead of returning false when it does not."
Bit manipulation,Medium,76,"Given an integer array nums of unique elements, return all possible subsets (the power set).

The solution set must not contain duplicate subsets. Return the solution in any order.

Example 1:

Input: nums = [1,2,3]
Output: [[],[1],[2],[1,2],[3],[1,3],[2,3],[1,2,3]]

Example 2:

Input: nums = [0]
Output: [[],[0]]

Constraints:

	1 <= nums.length <= 10
	-10 <= nums[i] <= 10
	All the numbers of nums are unique.","			

class Solution {
 public:
  vector<vector<int>> subsets(vector<int>& nums) {
    vector<vector<int>> ans;
    dfs(nums, 0, {}, ans);
    return ans;
  }

 private:
  void dfs(const vector<int>& nums, int s, vector<int>&& path,
           vector<vector<int>>& ans) {
    ans.push_back(path);

    for (int i = s; i < nums.size(); ++i) {
      path.push_back(nums[i]);
      dfs(nums, i + 1, move(path), ans);
      path.pop_back();
    }
  }
};",https://leetcode.com/problems/subsets,"class Solution {
 public:
  vector<vector<int>> subsets(vector<int>& nums) {
    vector<vector<int>> ans;
    dfs(nums, 0, {}, ans);
    return ans;
  }

 private:
  void dfs(const vector<int>& nums, int s, vector<int>&& path,
           vector<vector<int>>& ans) {
    ans.push_back(path);

    for (int i = s; i <= nums.size(); ++i) {
      path.push_back(nums[i]);
      dfs(nums, i + 1, move(path), ans);
      path.pop_back();
    }
  }
};","[Logic – Wrong condition operator] Changed the DFS loop condition from `i < nums.size()` to `i <= nums.size()`, allowing one out-of-bounds iteration.",Runtime Error,"nums =
[0]",,,"Line 15: Char 12:
=================================================================
==23==ERROR: AddressSanitizer: heap-buffer-overflow on address 0x502000000374 at pc 0x55dae87b00fd bp 0x7ffd6720a820 sp 0x7ffd6720a818
READ of size 4 at 0x502000000374 thread T0
    #0 0x55dae87b00fc in construct_at<int, const int &> /usr/lib/gcc/x86_64-linux-gnu/14/../../../../include/c++/14/bits/stl_construct.h:97:43
    #1 0x55dae87b00fc in construct<int, const int &> /usr/lib/gcc/x86_64-linux-gnu/14/../../../../include/c++/14/bits/alloc_traits.h:536:4
    #2 0x55dae87b00fc in void std::vector<int, std::allocator<int>>::_M_realloc_append<int const&>(int const&) /usr/lib/gcc/x86_64-linux-gnu/14/../../../../include/c++/14/bits/vector.tcc:634:2
    #3 0x55dae87af6db in push_back /usr/lib/gcc/x86_64-linux-gnu/14/../../../../include/c++/14/bits/stl_vector.h:1294:4
    #4 0x55dae87af6db in Solution::dfs(std::vector<int, std::allocator<int>> const&, int, std::vector<int, std::allocator<int>>&&, std::vector<std::vector<int, std::allocator<int>>, std::allocator<std::vector<int, std::allocator<int>>>>&) solution.cpp:15:12
    #5 0x55dae87af703 in Solution::dfs(std::vector<int, std::allocator<int>> const&, int, std::vector<int, std::allocator<int>>&&, std::vector<std::vector<int, std::allocator<int>>, std::allocator<std::vector<int, std::allocator<int>>>>&) solution.cpp:15:7
    #6 0x55dae87aec80 in subsets solution.cpp:15:5
    #7 0x55dae87aec80 in __helper__ solution.cpp:15:44
    #8 0x55dae87aec80 in main solution.cpp:15:56
    #9 0x7fc8f8b271c9  (/lib/x86_64-linux-gnu/libc.so.6+0x2a1c9) (BuildId: 8e9fd827446c24067541ac5390e6f527fb5947bb)
    #10 0x7fc8f8b2728a in __libc_start_main (/lib/x86_64-linux-gnu/libc.so.6+0x2a28a) (BuildId: 8e9fd827446c24067541ac5390e6f527fb5947bb)
    #11 0x55dae86d87d4 in _start (solution+0xb37d4)
0x502000000374 is located 0 bytes after 4-byte region [0x502000000370,0x502000000374)
allocated by thread T0 here:
    #0 0x55dae87ac3fd in operator new(unsigned long) /root/llvm-project/compiler-rt/lib/asan/asan_new_delete.cpp:86:3
    #1 0x55dae87c972e in void std::vector<int, std::allocator<int>>::_M_realloc_append<int>(int&&) (solution+0x1a472e)
    #2 0x55dae87c95d6 in int& std::vector<int, std::allocator<int>>::emplace_back<int>(int&&) (solution+0x1a45d6)
    #3 0x55dae87c8901 in std::vector<int, std::allocator<int>> _Deserializer_::deserialize<int>(rapidjson::GenericValue<rapidjson::UTF8<char>, rapidjson::MemoryPoolAllocator<rapidjson::CrtAllocator>>&, std::vector<int, std::allocator<int>>*) (solution+0x1a3901)
    #4 0x55dae87c86bd in std::vector<int, std::allocator<int>> _Deserializer_::deserialize<std::vector<int, std::allocator<int>>>(std::__cxx11::basic_string<char, std::char_traits<char>, std::allocator<char>> const&) (solution+0x1a36bd)
    #5 0x55dae87aec07 in main solution.cpp:15:37
    #6 0x7fc8f8b271c9  (/lib/x86_64-linux-gnu/libc.so.6+0x2a1c9) (BuildId: 8e9fd827446c24067541ac5390e6f527fb5947bb)
    #7 0x7fc8f8b2728a in __libc_start_main (/lib/x86_64-linux-gnu/libc.so.6+0x2a28a) (BuildId: 8e9fd827446c24067541ac5390e6f527fb5947bb)
    #8 0x55dae86d87d4 in _start (solution+0xb37d4)
SUMMARY: AddressSanitizer: heap-buffer-overflow solution.cpp:15:12 in Solution::dfs(std::vector<int, std::allocator<int>> const&, int, std::vector<int, std::allocator<int>>&&, std::vector<std::vector<int, std::allocator<int>>, std::allocator<std::vector<int, std::allocator<int>>>>&)
Shadow bytes around the buggy address:
  0x502000000080: fa fa fd fd fa fa fd fa fa fa fd fa fa fa fd fa
  0x502000000100: fa fa fd fa fa fa fd fd fa fa fd fd fa fa fd fd
  0x502000000180: fa fa fd fd fa fa fd fa fa fa fd fd fa fa fd fa
  0x502000000200: fa fa fd fa fa fa fd fa fa fa fd fd fa fa fd fa
  0x502000000280: fa fa fd fa fa fa fd fa fa fa fd fa fa fa fd fa
=>0x502000000300: fa fa fd fa fa fa fd fa fa fa fd fa fa fa[04]fa
  0x502000000380: fa fa 04 fa fa fa 04 fa fa fa 00 fa fa fa fa fa
  0x502000000400: fa fa fa fa fa fa fa fa fa fa fa fa fa fa fa fa
  0x502000000480: fa fa fa fa fa fa fa fa fa fa fa fa fa fa fa fa
  0x502000000500: fa fa fa fa fa fa fa fa fa fa fa fa fa fa fa fa
  0x502000000580: fa fa fa fa fa fa fa fa fa fa fa fa fa fa fa fa
Shadow byte legend (one shadow byte represents 8 application bytes):
  Addressable:           00
  Partially addressable: 01 02 03 04 05 06 07
  Heap left redzone:       fa
  Freed heap region:       fd
  Stack left redzone:      f1
  Stack mid redzone:       f2
  Stack right redzone:     f3
  Stack after return:      f5
  Stack use after scope:   f8
  Global redzone:          f9
  Global init order:       f6
  Poisoned by user:        f7
  Container overflow:      fc
  Array cookie:            ac
  Intra object redzone:    bb
  ASan internal:           fe
  Left alloca redzone:     ca
  Right alloca redzone:    cb
==23==ABORTING",qwen3.7-max,zero-shot,Runtime Error,"""[1,2,3]""",,"""[[],[1],[2],[1,2],[3],[1,3],[2,3],[1,2,3]]""","The loop condition `i <= nums.size()` in the `dfs` function causes an out-of-bounds memory access when `i` equals `nums.size()`, leading to a runtime error (segmentation fault)."
Bit manipulation,Medium,77,"An n-bit gray code sequence is a sequence of 2n integers where:

	Every integer is in the inclusive range [0, 2n - 1],
	The first integer is 0,
	An integer appears no more than once in the sequence,
	The binary representation of every pair of adjacent integers differs by exactly one bit, and
	The binary representation of the first and last integers differs by exactly one bit.

Given an integer n, return any valid n-bit gray code sequence.

Example 1:

Input: n = 2
Output: [0,1,3,2]
Explanation:
The binary representation of [0,1,3,2] is [00,01,11,10].
- 00 and 01 differ by one bit
- 01 and 11 differ by one bit
- 11 and 10 differ by one bit
- 10 and 00 differ by one bit
[0,2,3,1] is also a valid gray code sequence, whose binary representation is [00,10,11,01].
- 00 and 10 differ by one bit
- 10 and 11 differ by one bit
- 11 and 01 differ by one bit
- 01 and 00 differ by one bit

Example 2:

Input: n = 1
Output: [0,1]

Constraints:

	1 <= n <= 16","			

class Solution {
 public:
  vector<int> grayCode(int n) {
    vector<int> ans{0};

    for (int i = 0; i < n; ++i)
      for (int j = ans.size() - 1; j >= 0; --j)
        ans.push_back(ans[j] | 1 << i);

    return ans;
  }
};",https://leetcode.com/problems/gray-code,"class Solution {
 public:
  vector<int> grayCode(int n) {
    vector<int> ans{0};

    for (int i = 0; i < n; ++i)
      for (int j = ans.size() - 1; j >= 0; --j)
        ans.push_back(ans[j] | 1 >> i);

    return ans;
  }
};",[Logic – Wrong arithmetic operator] Replaced the left shift used to set the reflected Gray code bit with a right shift.,Wrong Answer,"n =
2","[0,1,1,0]","[0,1,3,2]",,qwen3.7-max,zero-shot,Wrong Answer,"""2""","""[0,1,1,0]""","""[0,1,3,2]""",
Bit manipulation,Medium,78,"Given an integer array nums that may contain duplicates, return all possible subsets (the power set).

The solution set must not contain duplicate subsets. Return the solution in any order.

Example 1:
Input: nums = [1,2,2]
Output: [[],[1],[1,2],[1,2,2],[2],[2,2]]
Example 2:
Input: nums = [0]
Output: [[],[0]]

Constraints:

	1 <= nums.length <= 10
	-10 <= nums[i] <= 10","			

class Solution {
 public:
  vector<vector<int>> subsetsWithDup(vector<int>& nums) {
    vector<vector<int>> ans;
    sort(begin(nums), end(nums));
    dfs(nums, 0, {}, ans);
    return ans;
  }

 private:
  void dfs(const vector<int>& nums, int s, vector<int>&& path,
           vector<vector<int>>& ans) {
    ans.push_back(path);

    for (int i = s; i < nums.size(); ++i) {
      if (i > s && nums[i] == nums[i - 1])
        continue;
      path.push_back(nums[i]);
      dfs(nums, i + 1, move(path), ans);
      path.pop_back();
    }
  }
};",https://leetcode.com/problems/subsets-ii,"class Solution {
 public:
  vector<vector<int>> subsetsWithDup(vector<int>& nums) {
    vector<vector<int>> ans;
    sort(begin(nums), end(nums));
    dfs(nums, 0, {}, ans);
    return ans;
  }

 private:
  void dfs(const vector<int>& nums, int s, vector<int>&& path,
           vector<vector<int>>& ans) {
    ans.push_back(path);

    for (int i = s; i < nums.size(); ++i) {
      if (i > s && nums[i] != nums[i - 1])
        continue;
      path.push_back(nums[i]);
      dfs(nums, i + 1, move(path), ans);
      path.pop_back();
    }
  }
};",[Logic – Wrong condition operator] Changed the duplicate-skipping condition from checking equal adjacent values to checking unequal adjacent values.,Wrong Answer,"nums =
[1,2,2]","[[],[1],[1,2],[1,2,2],[1,2],[2]]","[[],[1],[1,2],[1,2,2],[2],[2,2]]",,qwen3.7-max,zero-shot,Wrong Answer,"""[1,2,2]""","""[[],[1],[1,2],[1,2,2],[1,2,2],[2]]""","""[[],[1],[1,2],[1,2,2],[2],[2,2]]""","The condition to skip duplicate elements is inverted. The code uses `nums[i] != nums[i - 1]` instead of `nums[i] == nums[i - 1]`. This causes the algorithm to skip distinct elements and incorrectly generate duplicate subsets while missing valid ones like [2,2]."
Bit manipulation,Medium,79,"The DNA sequence is composed of a series of nucleotides abbreviated as 'A', 'C', 'G', and 'T'.

	For example, ""ACGAATTCCG"" is a DNA sequence.

When studying DNA, it is useful to identify repeated sequences within the DNA.

Given a string s that represents a DNA sequence, return all the 10-letter-long sequences (substrings) that occur more than once in a DNA molecule. You may return the answer in any order.

Example 1:
Input: s = ""AAAAACCCCCAAAAACCCCCCAAAAAGGGTTT""
Output: [""AAAAACCCCC"",""CCCCCAAAAA""]
Example 2:
Input: s = ""AAAAAAAAAAAAA""
Output: [""AAAAAAAAAA""]

Constraints:

	1 <= s.length <= 105
	s[i] is either 'A', 'C', 'G', or 'T'.","			

class Solution {
 public:
  vector<string> findRepeatedDnaSequences(string s) {
    unordered_set<string> ans;
    unordered_set<string_view> seen;
    const string_view sv(s);

    for (int i = 0; i + 10 <= s.length(); ++i) {
      if (seen.count(sv.substr(i, 10)))
        ans.insert(s.substr(i, 10));
      seen.insert(sv.substr(i, 10));
    }

    return {begin(ans), end(ans)};
  }
};",https://leetcode.com/problems/repeated-dna-sequences,"class Solution {
 public:
  vector<string> findRepeatedDnaSequences(string s) {
    unordered_set<string> ans;
    unordered_set<string_view> seen;
    const string_view sv(s);

    for (int i = 0; i + 10 < s.length(); ++i) {
      if (seen.count(sv.substr(i, 10)))
        ans.insert(s.substr(i, 10));
      seen.insert(sv.substr(i, 10));
    }

    return {begin(ans), end(ans)};
  }
};","[Logic – Wrong condition operator] Changed the loop boundary from `i + 10 <= s.length()` to `i + 10 < s.length()`, causing the final 10-character window to be skipped.",Wrong Answer,"s =
""AAAAAAAAAAA""",[],"[""AAAAAAAAAA""]",,qwen3.7-max,zero-shot,Wrong Answer,"""\""AAAAAAAAAAA\""""","""[]""","""[\""AAAAAAAAAA\""]""","The loop condition `i + 10 < s.length()` has an off-by-one error and should be `i + 10 <= s.length()`. Due to the strict inequality, the last possible 10-letter substring is never evaluated. If a repeated sequence's second (or subsequent) occurrence starts exactly at the last valid index, it is skipped and never added to the answer set."
Bit manipulation,Medium,80,"Given an array of integers nums containing n + 1 integers where each integer is in the range [1, n] inclusive.

There is only one repeated number in nums, return this repeated number.

You must solve the problem without modifying the array nums and using only constant extra space.

Example 1:

Input: nums = [1,3,4,2,2]
Output: 2

Example 2:

Input: nums = [3,1,3,4,2]
Output: 3

Example 3:

Input: nums = [3,3,3,3,3]
Output: 3

Constraints:

	1 <= n <= 105
	nums.length == n + 1
	1 <= nums[i] <= n
	All the integers in nums appear only once except for precisely one integer which appears two or more times.

Follow up:

	How can we prove that at least one duplicate number must exist in nums?
	Can you solve the problem in linear runtime complexity?","			

class Solution {
 public:
  int findDuplicate(vector<int>& nums) {
    int slow = nums[nums[0]];
    int fast = nums[nums[nums[0]]];

    while (slow != fast) {
      slow = nums[slow];
      fast = nums[nums[fast]];
    }

    slow = nums[0];

    while (slow != fast) {
      slow = nums[slow];
      fast = nums[fast];
    }

    return slow;
  }
};",https://leetcode.com/problems/find-the-duplicate-number,"class Solution {
 public:
  int findDuplicate(vector<int>& nums) {
    int slow = nums[nums[0]];
    int fast = nums[nums[nums[0]]];

    while (slow == fast) {
      slow = nums[slow];
      fast = nums[nums[fast]];
    }

    slow = nums[0];

    while (slow != fast) {
      slow = nums[slow];
      fast = nums[fast];
    }

    return slow;
  }
};",[Logic – Wrong condition operator] Changed the first cycle-detection loop condition from `slow != fast` to `slow == fast`.,Time Limit Exceeded,"nums =
[3,1,3,4,2]",,,,qwen3.7-max,zero-shot,Time Limit Exceeded,"""[3,1,3,4,2]""",,"""3""","The condition for the first while loop is `while (slow == fast)` instead of `while (slow != fast)`. This causes the cycle detection phase to be skipped when slow and fast are not initially equal, which leads to an infinite loop in the second while loop."
Bit manipulation,Medium,81,"Given a string array words, return the maximum value of length(word[i]) * length(word[j]) where the two words do not share common letters. If no such two words exist, return 0.

Example 1:

Input: words = [""abcw"",""baz"",""foo"",""bar"",""xtfn"",""abcdef""]
Output: 16
Explanation: The two words can be ""abcw"", ""xtfn"".

Example 2:

Input: words = [""a"",""ab"",""abc"",""d"",""cd"",""bcd"",""abcd""]
Output: 4
Explanation: The two words can be ""ab"", ""cd"".

Example 3:

Input: words = [""a"",""aa"",""aaa"",""aaaa""]
Output: 0
Explanation: No such pair of words.

Constraints:

	2 <= words.length <= 1000
	1 <= words[i].length <= 1000
	words[i] consists only of lowercase English letters.","			

class Solution {
 public:
  int maxProduct(vector<string>& words) {
    size_t ans = 0;
    vector<int> masks;

    for (const string& word : words)
      masks.push_back(getMask(word));

    for (int i = 0; i < words.size(); ++i)
      for (int j = 0; j < i; ++j)
        if ((masks[i] & masks[j]) == 0)
          ans = max(ans, words[i].length() * words[j].length());

    return ans;
  }

 private:
  int getMask(const string& word) {
    int mask = 0;
    for (const char c : word)
      mask |= 1 << c - 'a';
    return mask;
  }
};",https://leetcode.com/problems/maximum-product-of-word-lengths,"class Solution {
 public:
  int maxProduct(vector<string>& words) {
    size_t ans = 0;
    vector<int> masks;

    for (const string& word : words)
      masks.push_back(getMask(word));

    for (int i = 0; i < words.size(); ++i)
      for (int j = 0; j < i; ++j)
        if ((masks[i] & masks[j]) != 0)
          ans = max(ans, words[i].length() * words[j].length());

    return ans;
  }

 private:
  int getMask(const string& word) {
    int mask = 0;
    for (const char c : word)
      mask |= 1 << c - 'a';
    return mask;
  }
};","[Logic – Wrong condition operator] Changed the disjoint-mask check from `== 0` to `!= 0`, so word pairs sharing letters are considered instead.",Wrong Answer,"words =
[""abcw"",""baz"",""foo"",""bar"",""xtfn"",""abcdef""]",24,16,,qwen3.7-max,zero-shot,Wrong Answer,"""[\""abcw\"",\""baz\"",\""foo\"",\""bar\"",\""xtfn\"",\""abcdef\""]""","""24""","""16""","The condition `(masks[i] & masks[j]) != 0` incorrectly checks if the words DO share common letters. To satisfy the problem requirement that the words do NOT share common letters, the condition should be `(masks[i] & masks[j]) == 0`."
Bit manipulation,Medium,82,"Given a positive integer n, you can apply one of the following operations:

	If n is even, replace n with n / 2.
	If n is odd, replace n with either n + 1 or n - 1.

Return the minimum number of operations needed for n to become 1.

Example 1:

Input: n = 8
Output: 3
Explanation: 8 -> 4 -> 2 -> 1

Example 2:

Input: n = 7
Output: 4
Explanation: 7 -> 8 -> 4 -> 2 -> 1
or 7 -> 6 -> 3 -> 2 -> 1

Example 3:

Input: n = 4
Output: 2

Constraints:

	1 <= n <= 231 - 1","			

class Solution {
 public:
  int integerReplacement(long n) {
    int ans = 0;

    for (; n > 1; ++ans)
      if ((n & 1) == 0)  // Ends w/ 0
        n >>= 1;
      else if (n == 3 || ((n >> 1) & 1) == 0)  // N = 3 or ends w/ 01
        --n;
      else  // Ends w/ 11
        ++n;

    return ans;
  }
};",https://leetcode.com/problems/integer-replacement,"class Solution {
 public:
  int integerReplacement(long n) {
    int ans = 0;

    for (; n > 1; ++ans)
      if ((n & 1) == 0)  // Ends w/ 0
        n >>= 1;
      else if (n != 3 || ((n >> 1) & 1) == 0)  // N = 3 or ends w/ 01
        --n;
      else  // Ends w/ 11
        ++n;

    return ans;
  }
};","[Logic – Wrong condition operator] Changed the special-case comparison `n == 3` to `n != 3`, causing most odd values to decrement regardless of the intended bit-pattern rule.",Wrong Answer,"n =
7",5,4,,qwen3.7-max,zero-shot,Wrong Answer,"""7""","""5""","""4""",
Bit manipulation,Medium,83,"Given an integer array nums, return the maximum result of nums[i] XOR nums[j], where 0 <= i <= j < n.

Example 1:

Input: nums = [3,10,5,25,2,8]
Output: 28
Explanation: The maximum result is 5 XOR 25 = 28.

Example 2:

Input: nums = [14,70,53,83,49,91,36,80,92,51,66,70]
Output: 127

Constraints:

	1 <= nums.length <= 2 * 105
	0 <= nums[i] <= 231 - 1","			

class Solution {
 public:
  int findMaximumXOR(vector<int>& nums) {
    int ans = 0;
    int mask = 0;

    // If ans is 11100 at i = 2, it means before we reach the last two bits,
    // 11100 is the maximum XOR we have, and we're going to explore if we can
    // Get another two '1's and put them into ans
    for (int i = 31; i >= 0; --i) {
      // Mask grows like: 100...000, 110...000, 111...000, ..., 111...111
      mask |= 1 << i;
      unordered_set<int> prefixes;
      // We only care about the left parts,
      // If i = 2, nums = {1110, 1011, 0111}
      // -> prefixes = {1100, 1000, 0100}
      for (const int num : nums)
        prefixes.insert(num & mask);
      // If i = 1 and before this iteration, the ans is 1100,
      // We hope to grow ans to 1110, so find a candidate
      // Which can give a greedy try
      const int candidate = ans | 1 << i;
      for (const int prefix : prefixes)
        if (prefixes.count(prefix ^ candidate)) {
          ans = candidate;
          break;
        }
    }

    return ans;
  }
};",https://leetcode.com/problems/maximum-xor-of-two-numbers-in-an-array,"class Solution {
 public:
  int findMaximumXOR(vector<int>& nums) {
    int ans = 0;
    int mask = 0;

    // If ans is 11100 at i = 2, it means before we reach the last two bits,
    // 11100 is the maximum XOR we have, and we're going to explore if we can
    // Get another two '1's and put them into ans
    for (int i = 31; i >= 0; --i) {
      // Mask grows like: 100...000, 110...000, 111...000, ..., 111...111
      mask |= 1 >> i;
      unordered_set<int> prefixes;
      // We only care about the left parts,
      // If i = 2, nums = {1110, 1011, 0111}
      // -> prefixes = {1100, 1000, 0100}
      for (const int num : nums)
        prefixes.insert(num & mask);
      // If i = 1 and before this iteration, the ans is 1100,
      // We hope to grow ans to 1110, so find a candidate
      // Which can give a greedy try
      const int candidate = ans | 1 << i;
      for (const int prefix : prefixes)
        if (prefixes.count(prefix ^ candidate)) {
          ans = candidate;
          break;
        }
    }

    return ans;
  }
};","[Logic – Wrong arithmetic operator] Changed the mask update from a left shift to a right shift, preventing the prefix mask from growing correctly.",Wrong Answer,"nums =
[3,10,5,25,2,8]",1,28,,qwen3.7-max,zero-shot,Wrong Answer,"""[3,10,5,25,2,8]""","""1""","""28""",
Bit manipulation,Medium,84,"In the ""100 game"" two players take turns adding, to a running total, any integer from 1 to 10. The player who first causes the running total to reach or exceed 100 wins.

What if we change the game so that players cannot re-use integers?

For example, two players might take turns drawing from a common pool of numbers from 1 to 15 without replacement until they reach a total >= 100.

Given two integers maxChoosableInteger and desiredTotal, return true if the first player to move can force a win, otherwise, return false. Assume both players play optimally.

Example 1:

Input: maxChoosableInteger = 10, desiredTotal = 11
Output: false
Explanation:
No matter which integer the first player choose, the first player will lose.
The first player can choose an integer from 1 up to 10.
If the first player choose 1, the second player can only choose integers from 2 up to 10.
The second player will win by choosing 10 and get a total = 11, which is >= desiredTotal.
Same with other integers chosen by the first player, the second player will always win.

Example 2:

Input: maxChoosableInteger = 10, desiredTotal = 0
Output: true

Example 3:

Input: maxChoosableInteger = 10, desiredTotal = 1
Output: true

Constraints:

	1 <= maxChoosableInteger <= 20
	0 <= desiredTotal <= 300","			

class Solution {
 public:
  bool canIWin(int maxChoosableInteger, int desiredTotal) {
    if (desiredTotal <= 0)
      return true;

    const int sum = maxChoosableInteger * (maxChoosableInteger + 1) / 2;
    if (sum < desiredTotal)
      return false;

    return dp(desiredTotal, 0, maxChoosableInteger);
  }

 private:
  unordered_map<int, bool> memo;  // True: can win, false: can't win

  // State: record integers that have been chosen
  bool dp(int total, int state, int n) {
    if (total <= 0)
      return false;
    if (memo.count(state))
      return memo[state];

    for (int i = 1; i <= n; ++i) {
      if (state & 1 << i)  // Integer i is used
        continue;
      if (!dp(total - i, state | 1 << i, n))
        return true;
    }

    return memo[state] = false;
  }
};",https://leetcode.com/problems/can-i-win,"class Solution {
 public:
  bool canIWin(int maxChoosableInteger, int desiredTotal) {
    if (desiredTotal <= 0)
      return true;

    const int sum = maxChoosableInteger * (maxChoosableInteger + 1) / 2;
    if (sum > desiredTotal)
      return false;

    return dp(desiredTotal, 0, maxChoosableInteger);
  }

 private:
  unordered_map<int, bool> memo;  // True: can win, false: can't win

  // State: record integers that have been chosen
  bool dp(int total, int state, int n) {
    if (total <= 0)
      return false;
    if (memo.count(state))
      return memo[state];

    for (int i = 1; i <= n; ++i) {
      if (state & 1 << i)  // Integer i is used
        continue;
      if (!dp(total - i, state | 1 << i, n))
        return true;
    }

    return memo[state] = false;
  }
};","[Logic – Wrong condition operator] Changed the feasibility check from `sum < desiredTotal` to `sum > desiredTotal`, causing some winnable cases to be rejected.",Wrong Answer,"maxChoosableInteger =
10
desiredTotal =
1",FALSE,TRUE,,qwen3.7-max,zero-shot,Wrong Answer,"""10, 1""","""false""","""true""",
Bit manipulation,Medium,85,"You are given an integer array matchsticks where matchsticks[i] is the length of the ith matchstick. You want to use all the matchsticks to make one square. You should not break any stick, but you can link them up, and each matchstick must be used exactly one time.

Return true if you can make this square and false otherwise.

Example 1:

Input: matchsticks = [1,1,2,2,2]
Output: true
Explanation: You can form a square with length 2, one side of the square came two sticks with length 1.

Example 2:

Input: matchsticks = [3,3,3,3,4]
Output: false
Explanation: You cannot find a way to form a square with all the matchsticks.

Constraints:

	1 <= matchsticks.length <= 15
	1 <= matchsticks[i] <= 108","			

class Solution {
 public:
  bool makesquare(vector<int>& matchsticks) {
    if (matchsticks.size() < 4)
      return false;

    const int perimeter = accumulate(begin(matchsticks), end(matchsticks), 0);
    if (perimeter % 4 != 0)
      return false;

    sort(begin(matchsticks), end(matchsticks), greater<int>());
    return dfs(matchsticks, 0, vector<int>(4, perimeter / 4));
  }

 private:
  bool dfs(const vector<int>& matchsticks, int selected, vector<int>&& edges) {
    if (selected == matchsticks.size())
      return all_of(begin(edges), end(edges),
                    [](int edge) { return edge == 0; });

    for (int i = 0; i < 4; ++i) {
      if (matchsticks[selected] > edges[i])
        continue;
      edges[i] -= matchsticks[selected];
      if (dfs(matchsticks, selected + 1, move(edges)))
        return true;
      edges[i] += matchsticks[selected];
    }

    return false;
  }
};",https://leetcode.com/problems/matchsticks-to-square,"class Solution {
 public:
  bool makesquare(vector<int>& matchsticks) {
    if (matchsticks.size() < 4)
      return false;

    const int perimeter = accumulate(begin(matchsticks), end(matchsticks), 0);
    if (perimeter % 4 == 0)
      return false;

    sort(begin(matchsticks), end(matchsticks), greater<int>());
    return dfs(matchsticks, 0, vector<int>(4, perimeter / 4));
  }

 private:
  bool dfs(const vector<int>& matchsticks, int selected, vector<int>&& edges) {
    if (selected == matchsticks.size())
      return all_of(begin(edges), end(edges),
                    [](int edge) { return edge == 0; });

    for (int i = 0; i < 4; ++i) {
      if (matchsticks[selected] > edges[i])
        continue;
      edges[i] -= matchsticks[selected];
      if (dfs(matchsticks, selected + 1, move(edges)))
        return true;
      edges[i] += matchsticks[selected];
    }

    return false;
  }
};",[Logic – Wrong condition operator] Changed the divisibility check so the function returns false when the perimeter is divisible by 4.,Wrong Answer,"matchsticks =
[1,1,2,2,2]",FALSE,TRUE,,qwen3.7-max,zero-shot,Wrong Answer,"""[1,1,2,2,2]""","""false""","""true""",The code incorrectly returns false when the perimeter is divisible by 4 (`perimeter % 4 == 0`). It should return false when the perimeter is NOT divisible by 4 (`perimeter % 4 != 0`).
Bit manipulation,Medium,86,"The Hamming distance between two integers is the number of positions at which the corresponding bits are different.

Given an integer array nums, return the sum of Hamming distances between all the pairs of the integers in nums.

Example 1:

Input: nums = [4,14,2]
Output: 6
Explanation: In binary representation, the 4 is 0100, 14 is 1110, and 2 is 0010 (just
showing the four bits relevant in this case).
The answer will be:
HammingDistance(4, 14) + HammingDistance(4, 2) + HammingDistance(14, 2) = 2 + 2 + 2 = 6.

Example 2:

Input: nums = [4,14,4]
Output: 4

Constraints:

	1 <= nums.length <= 104
	0 <= nums[i] <= 109
	The answer for the given input will fit in a 32-bit integer.","			

class Solution {
 public:
  int totalHammingDistance(vector<int>& nums) {
    int ans = 0;
    int mask = 1;

    for (int i = 0; i < 30; ++i) {
      const int onesCount = count_if(begin(nums), end(nums),
                                     [&mask](int num) { return num & mask; });
      const int zerosCount = nums.size() - onesCount;
      ans += onesCount * zerosCount;
      mask <<= 1;
    }

    return ans;
  }
};",https://leetcode.com/problems/total-hamming-distance,"class Solution {
 public:
  int totalHammingDistance(vector<int>& nums) {
    int ans = 0;
    int mask = 1;

    for (int i = 0; i < 30; ++i) {
      const int onesCount = count_if(begin(nums), end(nums),
                                     [&mask](int num) { return num & mask; });
      const int zerosCount = nums.size() - onesCount;
      ans += onesCount * zerosCount;
      mask >>= 1;
    }

    return ans;
  }
};","[Logic – Wrong arithmetic operator] Changed the bit mask update from left shift to right shift, so subsequent bit positions are not checked correctly.",Wrong Answer,"nums =
[4,14,2]",0,6,,qwen3.7-max,zero-shot,Wrong Answer,"""[4,14,2]""","""0""","""6""",
Bit manipulation,Medium,87,"Given an integer array nums, return all the different possible non-decreasing subsequences of the given array with at least two elements. You may return the answer in any order.

Example 1:

Input: nums = [4,6,7,7]
Output: [[4,6],[4,6,7],[4,6,7,7],[4,7],[4,7,7],[6,7],[6,7,7],[7,7]]

Example 2:

Input: nums = [4,4,3,2,1]
Output: [[4,4]]

Constraints:

	1 <= nums.length <= 15
	-100 <= nums[i] <= 100","			

class Solution {
 public:
  vector<vector<int>> findSubsequences(vector<int>& nums) {
    vector<vector<int>> ans;
    dfs(nums, 0, {}, ans);
    return ans;
  }

 private:
  void dfs(const vector<int>& nums, int s, vector<int>&& path,
           vector<vector<int>>& ans) {
    if (path.size() > 1)
      ans.push_back(path);

    unordered_set<int> used;

    for (int i = s; i < nums.size(); ++i) {
      if (used.count(nums[i]))
        continue;
      if (path.empty() || nums[i] >= path.back()) {
        used.insert(nums[i]);
        path.push_back(nums[i]);
        dfs(nums, i + 1, move(path), ans);
        path.pop_back();
      }
    }
  }
};",https://leetcode.com/problems/non-decreasing-subsequences,"class Solution {
 public:
  vector<vector<int>> findSubsequences(vector<int>& nums) {
    vector<vector<int>> ans;
    dfs(nums, 0, {}, ans);
    return ans;
  }

 private:
  void dfs(const vector<int>& nums, int s, vector<int>&& path,
           vector<vector<int>>& ans) {
    if (path.size() > 1)
      ans.push_back(path);

    unordered_set<int> used;

    for (int i = s; i < nums.size(); ++i) {
      if (used.count(nums[i]))
        continue;
      if (path.empty() || nums[i] > path.back()) {
        used.insert(nums[i]);
        path.push_back(nums[i]);
        dfs(nums, i + 1, move(path), ans);
        path.pop_back();
      }
    }
  }
};","[Logic – Wrong condition operator] Changed the non-decreasing check from `nums[i] >= path.back()` to `nums[i] > path.back()`, incorrectly rejecting equal adjacent values.",Wrong Answer,"nums =
[4,6,7,7]","[[4,6],[4,6,7],[4,7],[6,7]]","[[4,6],[4,6,7],[4,6,7,7],[4,7],[4,7,7],[6,7],[6,7,7],[7,7]]",,qwen3.7-max,zero-shot,Wrong Answer,"""[4,4,3,2,1]""","""[]""","""[[4,4]]""",
Bit manipulation,Medium,88,"Suppose you have n integers labeled 1 through n. A permutation of those n integers perm (1-indexed) is considered a beautiful arrangement if for every i (1 <= i <= n), either of the following is true:

	perm[i] is divisible by i.
	i is divisible by perm[i].

Given an integer n, return the number of the beautiful arrangements that you can construct.

Example 1:

Input: n = 2
Output: 2
Explanation: 
The first beautiful arrangement is [1,2]:
    - perm[1] = 1 is divisible by i = 1
    - perm[2] = 2 is divisible by i = 2
The second beautiful arrangement is [2,1]:
    - perm[1] = 2 is divisible by i = 1
    - i = 2 is divisible by perm[2] = 1

Example 2:

Input: n = 1
Output: 1

Constraints:

	1 <= n <= 15","			

class Solution {
 public:
  int countArrangement(int N) {
    return dfs(N, 1, string(N + 1, 'x'), {});
  }

 private:
  int dfs(int N, int num, string&& filled, unordered_map<string, int>&& memo) {
    if (num == N + 1)
      return 1;
    if (memo.count(filled))
      return memo[filled];

    int count = 0;

    for (int i = 1; i <= N; ++i)
      if (filled[i] == 'x' && (num % i == 0 || i % num == 0)) {
        filled[i] = 'o';
        count += dfs(N, num + 1, move(filled), move(memo));
        filled[i] = 'x';
      }

    return memo[filled] = count;
  }
};",https://leetcode.com/problems/beautiful-arrangement,"class Solution {
 public:
  int countArrangement(int N) {
    return dfs(N, 1, string(N + 1, 'x'), {});
  }

 private:
  int dfs(int N, int num, string&& filled, unordered_map<string, int>&& memo) {
    if (num == N + 1)
      return 1;
    if (memo.count(filled))
      return memo[filled];

    int count = 0;

    for (int i = 1; i <= N; ++i)
      if (filled[i] == 'o' && (num % i == 0 || i % num == 0)) {
        filled[i] = 'o';
        count += dfs(N, num + 1, move(filled), move(memo));
        filled[i] = 'x';
      }

    return memo[filled] = count;
  }
};","[Logic – Wrong condition operator] Changed the availability check from `filled[i] == 'x'` to `filled[i] == 'o'`, preventing valid empty positions from being selected.",Wrong Answer,"n =
2",0,2,,qwen3.7-max,zero-shot,Wrong Answer,"""2""","""0""","""2""",
Bit manipulation,Medium,89,"In LeetCode Store, there are n items to sell. Each item has a price. However, there are some special offers, and a special offer consists of one or more different kinds of items with a sale price.

You are given an integer array price where price[i] is the price of the ith item, and an integer array needs where needs[i] is the number of pieces of the ith item you want to buy.

You are also given an array special where special[i] is of size n + 1 where special[i][j] is the number of pieces of the jth item in the ith offer and special[i][n] (i.e., the last integer in the array) is the price of the ith offer.

Return the lowest price you have to pay for exactly certain items as given, where you could make optimal use of the special offers. You are not allowed to buy more items than you want, even if that would lower the overall price. You could use any of the special offers as many times as you want.

Example 1:

Input: price = [2,5], special = [[3,0,5],[1,2,10]], needs = [3,2]
Output: 14
Explanation: There are two kinds of items, A and B. Their prices are $2 and $5 respectively. 
In special offer 1, you can pay $5 for 3A and 0B
In special offer 2, you can pay $10 for 1A and 2B. 
You need to buy 3A and 2B, so you may pay $10 for 1A and 2B (special offer #2), and $4 for 2A.

Example 2:

Input: price = [2,3,4], special = [[1,1,0,4],[2,2,1,9]], needs = [1,2,1]
Output: 11
Explanation: The price of A is $2, and $3 for B, $4 for C. 
You may pay $4 for 1A and 1B, and $9 for 2A ,2B and 1C. 
You need to buy 1A ,2B and 1C, so you may pay $4 for 1A and 1B (special offer #1), and $3 for 1B, $4 for 1C. 
You cannot add more items, though only $9 for 2A ,2B and 1C.

Constraints:

	n == price.length == needs.length
	1 <= n <= 6
	0 <= price[i], needs[i] <= 10
	1 <= special.length <= 100
	special[i].length == n + 1
	0 <= special[i][j] <= 50
	The input is generated that at least one of special[i][j] is non-zero for 0 <= j <= n - 1.","			

class Solution {
 public:
  int shoppingOffers(vector<int>& price, vector<vector<int>>& special,
                     vector<int>& needs) {
    return dfs(price, special, needs, 0);
  }

 private:
  int dfs(const vector<int>& price, const vector<vector<int>>& special,
          vector<int>& needs, int s) {
    int ans = 0;
    for (int i = 0; i < price.size(); ++i)
      ans += price[i] * needs[i];

    for (int i = s; i < special.size(); ++i)
      if (isValid(special[i], needs)) {
        // Use special[i]
        for (int j = 0; j < needs.size(); ++j)
          needs[j] -= special[i][j];
        ans = min(ans, special[i].back() + dfs(price, special, needs, i));
        // Backtracking - unuse special[i]
        for (int j = 0; j < needs.size(); ++j)
          needs[j] += special[i][j];
      }

    return ans;
  }

  // Check if this special offer is a valid one
  bool isValid(const vector<int>& offer, const vector<int>& needs) {
    for (int i = 0; i < needs.size(); ++i)
      if (needs[i] < offer[i])
        return false;
    return true;
  }
};",https://leetcode.com/problems/shopping-offers,"class Solution {
 public:
  int shoppingOffers(vector<int>& price, vector<vector<int>>& special,
                     vector<int>& needs) {
    return dfs(price, special, needs, 0);
  }

 private:
  int dfs(const vector<int>& price, const vector<vector<int>>& special,
          vector<int>& needs, int s) {
    int ans = 0;
    for (int i = 0; i < price.size(); ++i)
      ans += price[i] * needs[i];

    for (int i = s; i < special.size(); ++i)
      if (isValid(special[i], needs)) {
        // Use special[i]
        for (int j = 0; j < needs.size(); ++j)
          needs[j] -= special[i][j];
        ans = min(ans, special[i].back() + dfs(price, special, needs, i));
        // Backtracking - unuse special[i]
        for (int j = 0; j < needs.size(); ++j)
          needs[j] += special[i][j];
      }

    return ans;
  }

  // Check if this special offer is a valid one
  bool isValid(const vector<int>& offer, const vector<int>& needs) {
    for (int i = 0; i < needs.size(); ++i)
      if (needs[i] <= offer[i])
        return false;
    return true;
  }
};",[Logic – Wrong condition operator] Changed the validity check to reject offers when an item's needed quantity is exactly equal to the offered quantity.,Wrong Answer,"price =
[2,5]
special =
[[3,0,5],[1,2,10]]
needs =
[3,2]",16,14,,qwen3.7-max,zero-shot,Wrong Answer,"""price = [2,5], special = [[3,0,5],[1,2,10]], needs = [3,2]""","""16""","""14""","The isValid function incorrectly uses `needs[i] <= offer[i]` instead of `needs[i] < offer[i]`. This causes the algorithm to reject valid special offers where the offer quantity exactly matches the needed quantity, leading to a suboptimal (higher) total price."
Bit manipulation,Medium,90,"There is a room with n bulbs labeled from 1 to n that all are turned on initially, and four buttons on the wall. Each of the four buttons has a different functionality where:

	Button 1: Flips the status of all the bulbs.
	Button 2: Flips the status of all the bulbs with even labels (i.e., 2, 4, ...).
	Button 3: Flips the status of all the bulbs with odd labels (i.e., 1, 3, ...).
	Button 4: Flips the status of all the bulbs with a label j = 3k + 1 where k = 0, 1, 2, ... (i.e., 1, 4, 7, 10, ...).

You must make exactly presses button presses in total. For each press, you may pick any of the four buttons to press.

Given the two integers n and presses, return the number of different possible statuses after performing all presses button presses.

Example 1:

Input: n = 1, presses = 1
Output: 2
Explanation: Status can be:
- [off] by pressing button 1
- [on] by pressing button 2

Example 2:

Input: n = 2, presses = 1
Output: 3
Explanation: Status can be:
- [off, off] by pressing button 1
- [on, off] by pressing button 2
- [off, on] by pressing button 3

Example 3:

Input: n = 3, presses = 1
Output: 4
Explanation: Status can be:
- [off, off, off] by pressing button 1
- [off, on, off] by pressing button 2
- [on, off, on] by pressing button 3
- [off, on, on] by pressing button 4

Constraints:

	1 <= n <= 1000
	0 <= presses <= 1000","			

class Solution {
 public:
  int flipLights(int n, int m) {
    n = min(n, 3);

    if (m == 0)
      return 1;
    if (m == 1)
      return vector{2, 3, 4}[n - 1];
    if (m == 2)
      return vector{2, 4, 7}[n - 1];

    return pow(2, n);
  }
};",https://leetcode.com/problems/bulb-switcher-ii,"class Solution {
 public:
  int flipLights(int n, int m) {
    n = min(n, 3);

    if (m == 0)
      return 1;
    if (m == 1)
      return vector{2, 3, 4}[n - 1];
    if (m = 2)
      return vector{2, 4, 7}[n - 1];

    return pow(2, n);
  }
};","[Logic – Assignment instead of comparison] Changed the `m == 2` condition to `m = 2`, causing the branch to always be taken for remaining cases.",Wrong Answer,"n =
3
presses =
3",7,8,,qwen3.7-max,zero-shot,Wrong Answer,"""n = 3, presses = 3""","""7""","""8""","The condition `if (m = 2)` uses the assignment operator `=` instead of the equality operator `==`. This causes the condition to always evaluate to true (and mutate `m` to 2) for any initial `m > 1`, incorrectly returning the hardcoded result for 2 presses when 3 or more presses are provided."
Bit manipulation,Hard,91,"We are given n different types of stickers. Each sticker has a lowercase English word on it.

You would like to spell out the given string target by cutting individual letters from your collection of stickers and rearranging them. You can use each sticker more than once if you want, and you have infinite quantities of each sticker.

Return the minimum number of stickers that you need to spell out target. If the task is impossible, return -1.

Note: In all test cases, all words were chosen randomly from the 1000 most common US English words, and target was chosen as a concatenation of two random words.

Example 1:

Input: stickers = [""with"",""example"",""science""], target = ""thehat""
Output: 3
Explanation:
We can use 2 ""with"" stickers, and 1 ""example"" sticker.
After cutting and rearrange the letters of those stickers, we can form the target ""thehat"".
Also, this is the minimum number of stickers necessary to form the target string.

Example 2:

Input: stickers = [""notice"",""possible""], target = ""basicbasic""
Output: -1
Explanation:
We cannot form the target ""basicbasic"" from cutting letters from the given stickers.

Constraints:

	n == stickers.length
	1 <= n <= 50
	1 <= stickers[i].length <= 10
	1 <= target.length <= 15
	stickers[i] and target consist of lowercase English letters.","			

class Solution {
 public:
  int minStickers(vector<string>& stickers, string target) {
    const int n = target.size();
    const int maxMask = 1 << n;
    // dp[i] := min # of stickers to spell out i,
    // Where i is the bit representation of target
    vector<int> dp(maxMask, INT_MAX);
    dp[0] = 0;

    for (int mask = 0; mask < maxMask; ++mask) {
      if (dp[mask] == INT_MAX)
        continue;
      // Try to expand from `mask` by using each sticker
      for (const string& sticker : stickers) {
        int superMask = mask;
        for (const char c : sticker)
          for (int i = 0; i < n; ++i)
            // Try to apply it on a missing char
            if (c == target[i] && !(superMask >> i & 1)) {
              superMask |= 1 << i;
              break;
            }
        dp[superMask] = min(dp[superMask], dp[mask] + 1);
      }
    }

    return dp.back() == INT_MAX ? -1 : dp.back();
  }
};",https://leetcode.com/problems/stickers-to-spell-word,"class Solution {
 public:
  int minStickers(vector<string>& stickers, string target) {
    const int n = target.size();
    const int maxMask = 1 << n;
    // dp[i] := min # of stickers to spell out i,
    // Where i is the bit representation of target
    vector<int> dp(maxMask, INT_MAX);
    dp[0] = 0;

    for (int mask = 0; mask < maxMask; ++mask) {
      if (dp[mask] != INT_MAX)
        continue;
      // Try to expand from `mask` by using each sticker
      for (const string& sticker : stickers) {
        int superMask = mask;
        for (const char c : sticker)
          for (int i = 0; i < n; ++i)
            // Try to apply it on a missing char
            if (c == target[i] && !(superMask >> i & 1)) {
              superMask |= 1 << i;
              break;
            }
        dp[superMask] = min(dp[superMask], dp[mask] + 1);
      }
    }

    return dp.back() == INT_MAX ? -1 : dp.back();
  }
};","[Logic – Wrong condition operator] Changed the DP skip condition from `dp[mask] == INT_MAX` to `dp[mask] != INT_MAX`, causing reachable states to be skipped.",Runtime Error,"stickers =
[""with"",""example"",""science""]
target =
""thehat""",,,"Line 24: Char 53: runtime error: signed integer overflow: 2147483647 + 1 cannot be represented in type 'int' (solution.cpp)
SUMMARY: UndefinedBehaviorSanitizer: undefined-behavior prog_joined.cpp:33:53",qwen3.7-max,zero-shot,Wrong Answer,"""stickers = [\""with\"",\""example\"",\""science\""], target = \""thehat\""""","""-1""","""3""","The condition `if (dp[mask] != INT_MAX) continue;` is logically inverted. It should be `if (dp[mask] == INT_MAX) continue;`. As written, the code skips all reachable states (including the base case `mask = 0`) and instead attempts to expand from unreachable states. This leads to integer overflow (`INT_MAX + 1`) and ultimately produces an incorrect result."
Bit manipulation,Hard,92,"You are given an n x n binary grid board. In each move, you can swap any two rows with each other, or any two columns with each other.

Return the minimum number of moves to transform the board into a chessboard board. If the task is impossible, return -1.

A chessboard board is a board where no 0's and no 1's are 4-directionally adjacent.

Example 1:

Input: board = [[0,1,1,0],[0,1,1,0],[1,0,0,1],[1,0,0,1]]
Output: 2
Explanation: One potential sequence of moves is shown.
The first move swaps the first and second column.
The second move swaps the second and third row.

Example 2:

Input: board = [[0,1],[1,0]]
Output: 0
Explanation: Also note that the board with 0 in the top left corner, is also a valid chessboard.

Example 3:

Input: board = [[1,0],[1,0]]
Output: -1
Explanation: No matter what sequence of moves you make, you cannot end with a valid chessboard.

Constraints:

	n == board.length
	n == board[i].length
	2 <= n <= 30
	board[i][j] is either 0 or 1.","			

class Solution {
 public:
  int movesToChessboard(vector<vector<int>>& board) {
    const int n = board.size();
    int rowSum = 0;
    int colSum = 0;
    int rowSwaps = 0;
    int colSwaps = 0;

    for (int i = 0; i < n; ++i)
      for (int j = 0; j < n; ++j)
        if (board[0][0] ^ board[i][0] ^ board[0][j] ^ board[i][j] == 1)
          return -1;

    for (int i = 0; i < n; ++i) {
      rowSum += board[0][i];
      colSum += board[i][0];
    }

    if (rowSum != n / 2 && rowSum != (n + 1) / 2)
      return -1;
    if (colSum != n / 2 && colSum != (n + 1) / 2)
      return -1;

    for (int i = 0; i < n; ++i) {
      rowSwaps += board[i][0] == (i & 1);
      colSwaps += board[0][i] == (i & 1);
    }

    if (n & 1) {
      if (rowSwaps & 1)
        rowSwaps = n - rowSwaps;
      if (colSwaps & 1)
        colSwaps = n - colSwaps;
    } else {
      rowSwaps = min(rowSwaps, n - rowSwaps);
      colSwaps = min(colSwaps, n - colSwaps);
    }

    return (rowSwaps + colSwaps) / 2;
  }
};",https://leetcode.com/problems/transform-to-chessboard,"class Solution {
 public:
  int movesToChessboard(vector<vector<int>>& board) {
    const int n = board.size();
    int rowSum = 0;
    int colSum = 0;
    int rowSwaps = 0;
    int colSwaps = 0;

    for (int i = 0; i < n; ++i)
      for (int j = 0; j < n; ++j)
        if (board[0][0] ^ board[i][0] ^ board[0][j] ^ board[i][j] == 1)
          return -1;

    for (int i = 0; i < n; ++i) {
      rowSum += board[0][i];
      colSum += board[i][0];
    }

    if (rowSum == n / 2 && rowSum != (n + 1) / 2)
      return -1;
    if (colSum != n / 2 && colSum != (n + 1) / 2)
      return -1;

    for (int i = 0; i < n; ++i) {
      rowSwaps += board[i][0] == (i & 1);
      colSwaps += board[0][i] == (i & 1);
    }

    if (n & 1) {
      if (rowSwaps & 1)
        rowSwaps = n - rowSwaps;
      if (colSwaps & 1)
        colSwaps = n - colSwaps;
    } else {
      rowSwaps = min(rowSwaps, n - rowSwaps);
      colSwaps = min(colSwaps, n - colSwaps);
    }

    return (rowSwaps + colSwaps) / 2;
  }
};",[Logic – Wrong condition operator] Changed the row sum validity check from rejecting counts not equal to either allowed value to rejecting counts equal to the lower allowed value.,Wrong Answer,"board =
[[1,1,1,0],[1,1,1,0],[0,0,0,1],[0,0,0,1]]",1,-1,,qwen3.7-max,zero-shot,Wrong Answer,"""[[1,1,1,0],[1,1,1,0],[0,0,0,1],[0,0,0,1]]""","""1""","""true""",The condition to check if rowSum is valid is incorrect. It uses `rowSum == n / 2 && rowSum != (n + 1) / 2` instead of `rowSum != n / 2 && rowSum != (n + 1) / 2`. This causes the code to accept invalid row sums and return a wrong number of swaps instead of -1.
Bit manipulation,Hard,93,"You are given an integer array nums.

You should move each element of nums into one of the two arrays A and B such that A and B are non-empty, and average(A) == average(B).

Return true if it is possible to achieve that and false otherwise.

Note that for an array arr, average(arr) is the sum of all the elements of arr over the length of arr.

Example 1:

Input: nums = [1,2,3,4,5,6,7,8]
Output: true
Explanation: We can split the array into [1,4,5,8] and [2,3,6,7], and both of them have an average of 4.5.

Example 2:

Input: nums = [3,1]
Output: false

Constraints:

	1 <= nums.length <= 30
	0 <= nums[i] <= 104","			

class Solution {
 public:
  bool splitArraySameAverage(vector<int>& A) {
    const int n = A.size();
    const int sum = accumulate(begin(A), end(A), 0);
    if (!isPossible(sum, n))
      return false;

    vector<unordered_set<int>> sums(n / 2 + 1);
    sums[0].insert(0);

    for (const int a : A)
      for (int i = n / 2; i > 0; --i)
        for (const int num : sums[i - 1])
          sums[i].insert(a + num);

    for (int i = 1; i < n / 2 + 1; ++i)
      if (i * sum % n == 0 && sums[i].count(i * sum / n))
        return true;

    return false;
  }

 private:
  bool isPossible(int sum, int n) {
    for (int i = 1; i < n / 2 + 1; ++i)
      if (i * sum % n == 0)
        return true;
    return false;
  }
};",https://leetcode.com/problems/split-array-with-same-average,"class Solution {
 public:
  bool splitArraySameAverage(vector<int>& A) {
    const int n = A.size();
    const int sum = accumulate(begin(A), end(A), 0);
    if (!isPossible(sum, n))
      return false;

    vector<unordered_set<int>> sums(n / 2 + 1);
    sums[0].insert(0);

    for (const int a : A)
      for (int i = n / 2; i > 0; --i)
        for (const int num : sums[i - 1])
          sums[i].insert(a + num);

    for (int i = 1; i < n / 2 + 1; ++i)
      if (i * sum % n != 0 && sums[i].count(i * sum / n))
        return true;

    return false;
  }

 private:
  bool isPossible(int sum, int n) {
    for (int i = 1; i < n / 2 + 1; ++i)
      if (i * sum % n == 0)
        return true;
    return false;
  }
};",[Logic – Wrong condition operator] Changed the final subset-average divisibility check from `i * sum % n == 0` to `i * sum % n != 0`.,Wrong Answer,"nums =
[6,4,2]",FALSE,TRUE,,qwen3.7-max,zero-shot,Wrong Answer,"""[6,4,2]""","""false""",,"The condition `i * sum % n != 0` in the final check loop is a typo and should be `i * sum % n == 0`. Because of this, the code skips checking subset sizes where the target sum is an exact integer, and only checks sizes where it is not (which can only accidentally return true if the truncated integer happens to be in the set). For the input [6,4,2], the valid subset size is 1 with sum 6, but the code skips it and incorrectly returns false."
Bit manipulation,Hard,94,"You are given an array of integers nums represents the numbers written on a chalkboard.

Alice and Bob take turns erasing exactly one number from the chalkboard, with Alice starting first. If erasing a number causes the bitwise XOR of all the elements of the chalkboard to become 0, then that player loses. The bitwise XOR of one element is that element itself, and the bitwise XOR of no elements is 0.

Also, if any player starts their turn with the bitwise XOR of all the elements of the chalkboard equal to 0, then that player wins.

Return true if and only if Alice wins the game, assuming both players play optimally.

Example 1:

Input: nums = [1,1,2]
Output: false
Explanation: 
Alice has two choices: erase 1 or erase 2. 
If she erases 1, the nums array becomes [1, 2]. The bitwise XOR of all the elements of the chalkboard is 1 XOR 2 = 3. Now Bob can remove any element he wants, because Alice will be the one to erase the last element and she will lose. 
If Alice erases 2 first, now nums become [1, 1]. The bitwise XOR of all the elements of the chalkboard is 1 XOR 1 = 0. Alice will lose.

Example 2:

Input: nums = [0,1]
Output: true

Example 3:

Input: nums = [1,2,3]
Output: true

Constraints:

	1 <= nums.length <= 1000
	0 <= nums[i] < 216","			

class Solution {
 public:
  bool xorGame(vector<int>& nums) {
    const int xors = accumulate(begin(nums), end(nums), 0, bit_xor<int>());
    return xors == 0 || nums.size() % 2 == 0;
  }
};",https://leetcode.com/problems/chalkboard-xor-game,"class Solution {
 public:
  bool xorGame(vector<int>& nums) {
    const int xors = accumulate(begin(nums), end(nums), 0, bit_xor<int>());
    return xors != 0 || nums.size() % 2 == 0;
  }
};",[Logic – Wrong condition operator] Replaced the zero-xor winning condition comparison `xors == 0` with `xors != 0`.,Wrong Answer,"nums =
[1,1,2]",TRUE,FALSE,,qwen3.7-max,zero-shot,Wrong Answer,"""[1,1,2]""","""true""","""false""",
Bit manipulation,Hard,95,"You are given an m x n grid grid where:

	'.' is an empty cell.
	'#' is a wall.
	'@' is the starting point.
	Lowercase letters represent keys.
	Uppercase letters represent locks.

You start at the starting point and one move consists of walking one space in one of the four cardinal directions. You cannot walk outside the grid, or walk into a wall.

If you walk over a key, you can pick it up and you cannot walk over a lock unless you have its corresponding key.

For some 1 <= k <= 6, there is exactly one lowercase and one uppercase letter of the first k letters of the English alphabet in the grid. This means that there is exactly one key for each lock, and one lock for each key; and also that the letters used to represent the keys and locks were chosen in the same order as the English alphabet.

Return the lowest number of moves to acquire all keys. If it is impossible, return -1.

Example 1:

Input: grid = [""@.a.."",""###.#"",""b.A.B""]
Output: 8
Explanation: Note that the goal is to obtain all the keys not to open all the locks.

Example 2:

Input: grid = [""@..aA"",""..B#."",""....b""]
Output: 6

Example 3:

Input: grid = [""@Aa""]
Output: -1

Constraints:

	m == grid.length
	n == grid[i].length
	1 <= m, n <= 30
	grid[i][j] is either an English letter, '.', '#', or '@'. 
	There is exactly one '@' in the grid.
	The number of keys in the grid is in the range [1, 6].
	Each key in the grid is unique.
	Each key in the grid has a matching lock.","			

struct T {
  int i;
  int j;
  int keys;  // Keys in bitmask
  T(int i, int j, int keys) : i(i), j(j), keys(keys) {}
};

class Solution {
 public:
  int shortestPathAllKeys(vector<string>& grid) {
    const int m = grid.size();
    const int n = grid[0].length();
    const int keysCount = getKeysCount(grid);
    const int kKeys = (1 << keysCount) - 1;
    const vector<int> dirs{0, 1, 0, -1, 0};
    const vector<int> start = getStart(grid);
    int ans = 0;
    queue<T> q{{{start[0], start[1], 0}}};
    vector<vector<vector<bool>>> seen(
        m, vector<vector<bool>>(n, vector<bool>(kKeys)));
    seen[start[0]][start[1]][0] = true;

    while (!q.empty()) {
      ++ans;
      for (int sz = q.size(); sz > 0; --sz) {
        const auto [i, j, keys] = q.front();
        q.pop();
        for (int k = 0; k < 4; ++k) {
          const int x = i + dirs[k];
          const int y = j + dirs[k + 1];
          if (x < 0 || x == m || y < 0 || y == n)
            continue;
          const char c = grid[x][y];
          if (c == '#')
            continue;
          const int newKeys = 'a' <= c && c <= 'f' ? keys | 1 << c - 'a' : keys;
          if (newKeys == kKeys)
            return ans;
          if (seen[x][y][newKeys])
            continue;
          if ('A' <= c && c <= 'F' && ((newKeys >> c - 'A') & 1) == 0)
            continue;
          q.emplace(x, y, newKeys);
          seen[x][y][newKeys] = true;
        }
      }
    }

    return -1;
  }

 private:
  int getKeysCount(const vector<string>& grid) {
    int count = 0;
    for (const string& s : grid)
      count += std::count_if(begin(s), end(s),
                             [](char c) { return 'a' <= c && c <= 'f'; });
    return count;
  }

  vector<int> getStart(const vector<string>& grid) {
    for (int i = 0; i < grid.size(); ++i)
      for (int j = 0; j < grid[0].length(); ++j)
        if (grid[i][j] == '@')
          return {i, j};
    throw;
  }
};",https://leetcode.com/problems/shortest-path-to-get-all-keys,"struct T {
  int i;
  int j;
  int keys;  // Keys in bitmask
  T(int i, int j, int keys) : i(i), j(j), keys(keys) {}
};

class Solution {
 public:
  int shortestPathAllKeys(vector<string>& grid) {
    const int m = grid.size();
    const int n = grid[0].length();
    const int keysCount = getKeysCount(grid);
    const int kKeys = (1 << keysCount) - 1;
    const vector<int> dirs{0, 1, 0, -1, 0};
    const vector<int> start = getStart(grid);
    int ans = 0;
    queue<T> q{{{start[0], start[1], 0}}};
    vector<vector<vector<bool>>> seen(
        m, vector<vector<bool>>(n, vector<bool>(kKeys)));
    seen[start[0]][start[1]][0] = true;

    while (!q.empty()) {
      ++ans;
      for (int sz = q.size(); sz > 0; --sz) {
        const auto [i, j, keys] = q.front();
        q.pop();
        for (int k = 0; k < 4; ++k) {
          const int x = i + dirs[k];
          const int y = j + dirs[k + 1];
          if (x < 0 || x == m || y < 0 || y == n)
            continue;
          const char c = grid[x][y];
          if (c == '#')
            continue;
          const int newKeys = 'a' <= c && c <= 'f' ? keys | 1 << c - 'a' : keys;
          if (newKeys != kKeys)
            return ans;
          if (seen[x][y][newKeys])
            continue;
          if ('A' <= c && c <= 'F' && ((newKeys >> c - 'A') & 1) == 0)
            continue;
          q.emplace(x, y, newKeys);
          seen[x][y][newKeys] = true;
        }
      }
    }

    return -1;
  }

 private:
  int getKeysCount(const vector<string>& grid) {
    int count = 0;
    for (const string& s : grid)
      count += std::count_if(begin(s), end(s),
                             [](char c) { return 'a' <= c && c <= 'f'; });
    return count;
  }

  vector<int> getStart(const vector<string>& grid) {
    for (int i = 0; i < grid.size(); ++i)
      for (int j = 0; j < grid[0].length(); ++j)
        if (grid[i][j] == '@')
          return {i, j};
    throw;
  }
};","[Logic – Wrong condition operator] Changed the completion check from `newKeys == kKeys` to `newKeys != kKeys`, causing the search to return before all keys are collected.",Wrong Answer,"grid =
[""@.a.."",""###.#"",""b.A.B""]",1,8,,qwen3.7-max,zero-shot,Wrong Answer,"""grid = [\""@.a..\"",\""###.#\"",\""b.A.B\""]""","""1""","""8""",
Bit manipulation,Hard,96,"Given an array of strings words, return the smallest string that contains each string in words as a substring. If there are multiple valid strings of the smallest length, return any of them.

You may assume that no string in words is a substring of another string in words.

Example 1:

Input: words = [""alex"",""loves"",""leetcode""]
Output: ""alexlovesleetcode""
Explanation: All permutations of ""alex"",""loves"",""leetcode"" would also be accepted.

Example 2:

Input: words = [""catg"",""ctaagt"",""gcta"",""ttca"",""atgcatc""]
Output: ""gctaagttcatgcatc""

Constraints:

	1 <= words.length <= 12
	1 <= words[i].length <= 20
	words[i] consists of lowercase English letters.
	All the strings of words are unique.","			

class Solution {
 public:
  string shortestSuperstring(vector<string>& A) {
    const int n = A.size();
    // cost[i][j] := cost to append A[j] after A[i]
    vector<vector<int>> cost(n, vector<int>(n));

    // GetCost(a, b) := cost to append b after a
    auto getCost = [](const string& a, const string& b) {
      int cost = b.length();
      const int minLength = min(a.length(), b.length());
      for (int k = 1; k <= minLength; ++k)
        if (a.substr(a.length() - k) == b.substr(0, k))
          cost = b.length() - k;
      return cost;
    };

    // Pre-calculate cost array to save time
    for (int i = 0; i < n; ++i)
      for (int j = i + 1; j < n; ++j) {
        cost[i][j] = getCost(A[i], A[j]);
        cost[j][i] = getCost(A[j], A[i]);
      }

    vector<int> bestPath;
    int minLength = n * 20;  // Given by problem

    dfs(A, cost, {}, bestPath, 0, 0, 0, minLength);

    string ans = A[bestPath[0]];

    for (int k = 1; k < n; ++k) {
      const int i = bestPath[k - 1];
      const int j = bestPath[k];
      ans += A[j].substr(A[j].length() - cost[i][j]);
    }

    return ans;
  }

 private:
  // Used: i-th bit means A[i] is used or not
  void dfs(const vector<string>& A, const vector<vector<int>>& cost,
           vector<int>&& path, vector<int>& bestPath, int used, int depth,
           int currLength, int& minLength) {
    if (currLength >= minLength)
      return;
    if (depth == A.size()) {
      minLength = currLength;
      bestPath = path;
      return;
    }

    for (int i = 0; i < A.size(); ++i) {
      if (1 << i & used)
        continue;
      path.push_back(i);
      const int newLength =
          depth == 0 ? A[i].length() : currLength + cost[path[depth - 1]][i];
      dfs(A, cost, move(path), bestPath, used | 1 << i, depth + 1, newLength,
          minLength);
      path.pop_back();
    }
  }
};",https://leetcode.com/problems/find-the-shortest-superstring,"class Solution {
 public:
  string shortestSuperstring(vector<string>& A) {
    const int n = A.size();
    // cost[i][j] := cost to append A[j] after A[i]
    vector<vector<int>> cost(n, vector<int>(n));

    // GetCost(a, b) := cost to append b after a
    auto getCost = [](const string& a, const string& b) {
      int cost = b.length();
      const int minLength = min(a.length(), b.length());
      for (int k = 1; k < minLength; ++k)
        if (a.substr(a.length() - k) == b.substr(0, k))
          cost = b.length() - k;
      return cost;
    };

    // Pre-calculate cost array to save time
    for (int i = 0; i < n; ++i)
      for (int j = i + 1; j < n; ++j) {
        cost[i][j] = getCost(A[i], A[j]);
        cost[j][i] = getCost(A[j], A[i]);
      }

    vector<int> bestPath;
    int minLength = n * 20;  // Given by problem

    dfs(A, cost, {}, bestPath, 0, 0, 0, minLength);

    string ans = A[bestPath[0]];

    for (int k = 1; k < n; ++k) {
      const int i = bestPath[k - 1];
      const int j = bestPath[k];
      ans += A[j].substr(A[j].length() - cost[i][j]);
    }

    return ans;
  }

 private:
  // Used: i-th bit means A[i] is used or not
  void dfs(const vector<string>& A, const vector<vector<int>>& cost,
           vector<int>&& path, vector<int>& bestPath, int used, int depth,
           int currLength, int& minLength) {
    if (currLength >= minLength)
      return;
    if (depth == A.size()) {
      minLength = currLength;
      bestPath = path;
      return;
    }

    for (int i = 0; i < A.size(); ++i) {
      if (1 << i & used)
        continue;
      path.push_back(i);
      const int newLength =
          depth == 0 ? A[i].length() : currLength + cost[path[depth - 1]][i];
      dfs(A, cost, move(path), bestPath, used | 1 << i, depth + 1, newLength,
          minLength);
      path.pop_back();
    }
  }
};","[Logic – Wrong condition operator] Changed the overlap loop condition from `k <= minLength` to `k < minLength`, causing full-length overlaps to be ignored.",Time Limit Exceeded,"words =
[""aaaaaaaaaaaaaaaaaaaa"",""bbbbbbbbbbbbbbbbbbbb"",""cccccccccccccccccccc"",""dddddddddddddddddddd"",""eeeeeeeeeeeeeeeeeeee"",""ffffffffffffffffffff"",""gggggggggggggggggggg"",""hhhhhhhhhhhhhhhhhhhh"",""iiiiiiiiiiiiiiiiiiii"",""jjjjjjjjjjjjjjjjjjjj"",""kkkkkkkkkkkkkkkkkkkk"",""llllllllllllllllllll""]",,,,qwen3.7-max,zero-shot,Time Limit Exceeded,"""[\""aaaaaaaaaaaaaaaaaaaa\"",\""bbbbbbbbbbbbbbbbbbbb\"",\""cccccccccccccccccccc\"",\""dddddddddddddddddddd\"",\""eeeeeeeeeeeeeeeeeeee\"",\""ffffffffffffffffffff\"",\""gggggggggggggggggggg\"",\""hhhhhhhhhhhhhhhhhhhh\"",\""iiiiiiiiiiiiiiiiiiii\"",\""jjjjjjjjjjjjjjjjjjjj\"",\""kkkkkkkkkkkkkkkkkkkk\"",\""llllllllllllllllllll\""]""",,"""aaaaaaaaaaaaaaaaaaaabbbbbbbbbbbbbbbbbbbbccccccccccccccccccccddddddddddddddddddddeeeeeeeeeeeeeeeeeeeefffffffffffffffffffffgggggggggggggggggggghhhhhhhhhhhhhhhhhhhhiiiiiiiiiiiiiiiiiiiijjjjjjjjjjjjjjjjjjjjkkkkkkkkkkkkkkkkkkkkllllllllllllllllllll""","The algorithm uses DFS with backtracking to explore all permutations of the words. In the worst case (e.g., when there are no overlaps between any words), the pruning condition `currLength >= minLength` only triggers at the maximum depth, causing the algorithm to explore all 12! (approx 479 million) permutations. This results in a time complexity of O(N!), which exceeds the time limit for N=12. The optimal approach is to use dynamic programming with bitmask (Held-Karp algorithm) which runs in O(N^2 2^N) time."
Bit manipulation,Hard,97,"You are given an m x n integer array grid where grid[i][j] could be:

	1 representing the starting square. There is exactly one starting square.
	2 representing the ending square. There is exactly one ending square.
	0 representing empty squares we can walk over.
	-1 representing obstacles that we cannot walk over.

Return the number of 4-directional walks from the starting square to the ending square, that walk over every non-obstacle square exactly once.

Example 1:

Input: grid = [[1,0,0,0],[0,0,0,0],[0,0,2,-1]]
Output: 2
Explanation: We have the following two paths: 
1. (0,0),(0,1),(0,2),(0,3),(1,3),(1,2),(1,1),(1,0),(2,0),(2,1),(2,2)
2. (0,0),(1,0),(2,0),(2,1),(1,1),(0,1),(0,2),(0,3),(1,3),(1,2),(2,2)

Example 2:

Input: grid = [[1,0,0,0],[0,0,0,0],[0,0,0,2]]
Output: 4
Explanation: We have the following four paths: 
1. (0,0),(0,1),(0,2),(0,3),(1,3),(1,2),(1,1),(1,0),(2,0),(2,1),(2,2),(2,3)
2. (0,0),(0,1),(1,1),(1,0),(2,0),(2,1),(2,2),(1,2),(0,2),(0,3),(1,3),(2,3)
3. (0,0),(1,0),(2,0),(2,1),(2,2),(1,2),(1,1),(0,1),(0,2),(0,3),(1,3),(2,3)
4. (0,0),(1,0),(2,0),(2,1),(1,1),(0,1),(0,2),(0,3),(1,3),(1,2),(2,2),(2,3)

Example 3:

Input: grid = [[0,1],[2,0]]
Output: 0
Explanation: There is no path that walks over every empty square exactly once.
Note that the starting and ending square can be anywhere in the grid.

Constraints:

	m == grid.length
	n == grid[i].length
	1 <= m, n <= 20
	1 <= m * n <= 20
	-1 <= grid[i][j] <= 2
	There is exactly one starting cell and one ending cell.","			

class Solution {
 public:
  int uniquePathsIII(vector<vector<int>>& grid) {
    int ans = 0;
    int empty = 1;
    int sx;
    int sy;
    int ex;
    int ey;

    for (int i = 0; i < grid.size(); ++i)
      for (int j = 0; j < grid[0].size(); ++j)
        if (grid[i][j] == 0) {
          ++empty;
        } else if (grid[i][j] == 1) {
          sx = i;
          sy = j;
        } else if (grid[i][j] == 2) {
          ex = i;
          ey = j;
        }

    dfs(grid, empty, sx, sy, ex, ey, ans);

    return ans;
  }

 private:
  void dfs(vector<vector<int>>& grid, int empty, int i, int j, int ex, int ey,
           int& ans) {
    if (i < 0 || i == grid.size() || j < 0 || j == grid[0].size())
      return;
    if (grid[i][j] < 0)
      return;
    if (i == ex && j == ey) {
      if (empty == 0)
        ++ans;
      return;
    }

    grid[i][j] = -2;
    dfs(grid, empty - 1, i + 1, j, ex, ey, ans);
    dfs(grid, empty - 1, i - 1, j, ex, ey, ans);
    dfs(grid, empty - 1, i, j + 1, ex, ey, ans);
    dfs(grid, empty - 1, i, j - 1, ex, ey, ans);
    grid[i][j] = 0;
  }
};",https://leetcode.com/problems/unique-paths-iii,"class Solution {
 public:
  int uniquePathsIII(vector<vector<int>>& grid) {
    int ans = 0;
    int empty = 1;
    int sx;
    int sy;
    int ex;
    int ey;

    for (int i = 0; i < grid.size(); ++i)
      for (int j = 0; j < grid[0].size(); ++j)
        if (grid[i][j] == 0) {
          ++empty;
        } else if (grid[i][j] == 1) {
          sx = i;
          sy = j;
        } else if (grid[i][j] == 2) {
          ex = i;
          ey = j;
        }

    dfs(grid, empty, sx, sy, ex, ey, ans);

    return ans;
  }

 private:
  void dfs(vector<vector<int>>& grid, int empty, int i, int j, int ex, int ey,
           int& ans) {
    if (i < 0 || i == grid.size() || j < 0 || j == grid[0].size())
      return;
    if (grid[i][j] < 0)
      return;
    if (i == ex && j == ey) {
      if (empty != 0)
        ++ans;
      return;
    }

    grid[i][j] = -2;
    dfs(grid, empty - 1, i + 1, j, ex, ey, ans);
    dfs(grid, empty - 1, i - 1, j, ex, ey, ans);
    dfs(grid, empty - 1, i, j + 1, ex, ey, ans);
    dfs(grid, empty - 1, i, j - 1, ex, ey, ans);
    grid[i][j] = 0;
  }
};","[Logic – Wrong condition operator] Changed the endpoint completion check from `empty == 0` to `empty != 0`, causing paths that have not visited all empty squares to be counted.",Wrong Answer,"grid =
[[1,0,0,0],[0,0,0,0],[0,0,2,-1]]",15,2,,qwen3.7-max,zero-shot,Wrong Answer,"""grid = [[1,0,0,0],[0,0,0,0],[0,0,2,-1]]""","""0""","""2""","The code incorrectly checks `if (empty != 0)` instead of `if (empty == 0)` when reaching the destination. This causes it to miss all valid paths that cover every non-obstacle square exactly once, and instead counts invalid paths that reach the end early."
Bit manipulation,Hard,98,"Given an integer array nums, return the number of AND triples.

An AND triple is a triple of indices (i, j, k) such that:

	0 <= i < nums.length
	0 <= j < nums.length
	0 <= k < nums.length
	nums[i] & nums[j] & nums[k] == 0, where & represents the bitwise-AND operator.

Example 1:

Input: nums = [2,1,3]
Output: 12
Explanation: We could choose the following i, j, k triples:
(i=0, j=0, k=1) : 2 & 2 & 1
(i=0, j=1, k=0) : 2 & 1 & 2
(i=0, j=1, k=1) : 2 & 1 & 1
(i=0, j=1, k=2) : 2 & 1 & 3
(i=0, j=2, k=1) : 2 & 3 & 1
(i=1, j=0, k=0) : 1 & 2 & 2
(i=1, j=0, k=1) : 1 & 2 & 1
(i=1, j=0, k=2) : 1 & 2 & 3
(i=1, j=1, k=0) : 1 & 1 & 2
(i=1, j=2, k=0) : 1 & 3 & 2
(i=2, j=0, k=1) : 3 & 2 & 1
(i=2, j=1, k=0) : 3 & 1 & 2

Example 2:

Input: nums = [0,0,0]
Output: 27

Constraints:

	1 <= nums.length <= 1000
	0 <= nums[i] < 216","			

class Solution {
 public:
  int countTriplets(vector<int>& A) {
    constexpr int kMax = 1 << 16;
    int ans = 0;
    vector<int> count(kMax);  // {A[i] & A[j]: times}

    for (const int a : A)
      for (const int b : A)
        ++count[a & b];

    for (const int a : A)
      for (int i = 0; i < kMax; ++i)
        if (!(a & i))
          ans += count[i];

    return ans;
  }
};",https://leetcode.com/problems/triples-with-bitwise-and-equal-to-zero,"class Solution {
 public:
  int countTriplets(vector<int>& A) {
    constexpr int kMax = 1 << 16;
    int ans = 0;
    vector<int> count(kMax);  // {A[i] & A[j]: times}

    for (const int a : A)
      for (const int b : A)
        ++count[a & b];

    for (const int a : A)
      for (int i = 0; i < kMax; ++i)
        if (a & i)
          ans += count[i];

    return ans;
  }
};",[Logic – Wrong condition operator] Changed the zero-bitmask compatibility check from `if (!(a & i))` to `if (a & i)`.,Wrong Answer,"nums =
[2,1,3]",15,12,,qwen3.7-max,zero-shot,Wrong Answer,"""[2,1,3]""","""15""","""12""",
Bit manipulation,Hard,99,"You are given a binary array nums and an integer k.

A k-bit flip is choosing a subarray of length k from nums and simultaneously changing every 0 in the subarray to 1, and every 1 in the subarray to 0.

Return the minimum number of k-bit flips required so that there is no 0 in the array. If it is not possible, return -1.

A subarray is a contiguous part of an array.

Example 1:

Input: nums = [0,1,0], k = 1
Output: 2
Explanation: Flip nums[0], then flip nums[2].

Example 2:

Input: nums = [1,1,0], k = 2
Output: -1
Explanation: No matter how we flip subarrays of size 2, we cannot make the array become [1,1,1].

Example 3:

Input: nums = [0,0,0,1,0,1,1,0], k = 3
Output: 3
Explanation: 
Flip nums[0],nums[1],nums[2]: nums becomes [1,1,1,1,0,1,1,0]
Flip nums[4],nums[5],nums[6]: nums becomes [1,1,1,1,1,0,0,0]
Flip nums[5],nums[6],nums[7]: nums becomes [1,1,1,1,1,1,1,1]

Constraints:

	1 <= nums.length <= 105
	1 <= k <= nums.length","			

class Solution {
 public:
  int minKBitFlips(vector<int>& A, int K) {
    int ans = 0;
    int flippedTime = 0;

    for (int r = 0; r < A.size(); ++r) {
      if (r >= K && A[r - K] == 2)
        --flippedTime;
      if (flippedTime % 2 == A[r]) {
        if (r + K > A.size())
          return -1;
        ++ans;
        ++flippedTime;
        A[r] = 2;
      }
    }

    return ans;
  }
};",https://leetcode.com/problems/minimum-number-of-k-consecutive-bit-flips,"class Solution {
 public:
  int minKBitFlips(vector<int>& A, int K) {
    int ans = 0;
    int flippedTime = 0;

    for (int r = 0; r < A.size(); ++r) {
      if (r >= K && A[r - K] == 2)
        --flippedTime;
      if (flippedTime % 2 == A[r]) {
        if (r + K >= A.size())
          return -1;
        ++ans;
        ++flippedTime;
        A[r] = 2;
      }
    }

    return ans;
  }
};","[Logic – Wrong condition operator] Changed the boundary check from `r + K > A.size()` to `r + K >= A.size()`, incorrectly rejecting flips that exactly reach the end of the array.",Wrong Answer,"nums =
[0,1,0]
k =
1",-1,2,,qwen3.7-max,zero-shot,Wrong Answer,"""nums = [0,1,0], k = 1""","""-1""","""2""","The boundary check `r + K >= A.size()` is incorrect and causes an off-by-one error. It incorrectly returns -1 when a valid flip ends exactly at the last element of the array (i.e., when `r + K == A.size()`). The condition should be `r + K > A.size()`."
Bit manipulation,Hard,100,"An array is squareful if the sum of every pair of adjacent elements is a perfect square.

Given an integer array nums, return the number of permutations of nums that are squareful.

Two permutations perm1 and perm2 are different if there is some index i such that perm1[i] != perm2[i].

Example 1:

Input: nums = [1,17,8]
Output: 2
Explanation: [1,8,17] and [17,8,1] are the valid permutations.

Example 2:

Input: nums = [2,2,2]
Output: 1

Constraints:

	1 <= nums.length <= 12
	0 <= nums[i] <= 109","			

class Solution {
 public:
  int numSquarefulPerms(vector<int>& A) {
    int ans = 0;
    sort(begin(A), end(A));
    dfs(A, vector<boool>(A.size()), {}, ans);
    return ans;
  }

 private:
  void dfs(vector<int>& A, vector<bool>&& used, vector<int>&& path, int& ans) {
    if (path.size() > 1 && !isSquare(path.back() + path[path.size() - 2]))
      return;
    if (path.size() == A.size()) {
      ++ans;
      return;
    }

    for (int i = 0; i < A.size(); ++i) {
      if (used[i])
        continue;
      if (i > 0 && A[i] == A[i - 1] && !used[i - 1])
        continue;
      used[i] = true;
      path.push_back(A[i]);
      dfs(A, move(used), move(path), ans);
      path.pop_back();
      used[i] = false;
    }
  }

  bool isSquare(int num) {
    const int root = sqrt(num);
    return root * root == num;
  }
};",https://leetcode.com/problems/number-of-squareful-arrays,"class Solution {
 public:
  int numSquarefulPerms(vector<int>& A) {
    int ans = 0;
    sort(begin(A), end(A));
    dfs(A, vector<bool>(A.size()), {}, ans);
    return ans;
  }

 private:
  void dfs(vector<int>& A, vector<bool>&& used, vector<int>&& path, int& ans) {
    if (path.size() > 1 && isSquare(path.back() + path[path.size() - 2]))
      return;
    if (path.size() == A.size()) {
      ++ans;
      return;
    }

    for (int i = 0; i < A.size(); ++i) {
      if (used[i])
        continue;
      if (i > 0 && A[i] == A[i - 1] && !used[i - 1])
        continue;
      used[i] = true;
      path.push_back(A[i]);
      dfs(A, move(used), move(path), ans);
      path.pop_back();
      used[i] = false;
    }
  }

  bool isSquare(int num) {
    const int root = sqrt(num);
    return root * root == num;
  }
};",[Logic – Wrong condition operator] Changed the adjacent-pair pruning check to return when the sum is a perfect square instead of when it is not.,Wrong Answer,"nums =
[1,17,8]",0,2,,qwen3.7-max,zero-shot,Wrong Answer,"""[1,17,8]""","""0""","""2""","The code incorrectly returns when the sum of the last two elements IS a perfect square, effectively pruning valid permutations and keeping invalid ones. The condition should be `!isSquare(...)`."
Tree,Easy,101,"Given the root of a binary tree, return the inorder traversal of its nodes' values.

Example 1:

Input: root = [1,null,2,3]

Output: [1,3,2]

Explanation:

Example 2:

Input: root = [1,2,3,4,5,null,8,null,null,6,7,9]

Output: [4,2,6,5,7,1,3,9,8]

Explanation:

Example 3:

Input: root = []

Output: []

Example 4:

Input: root = [1]

Output: [1]

Constraints:

	The number of nodes in the tree is in the range [0, 100].
	-100 <= Node.val <= 100

Follow up: Recursive solution is trivial, could you do it iteratively?","class Solution {
public:
    vector<int> inorderTraversal(TreeNode* root) {
        vector<int>result;
        TreeNode*curr=root;
        while(curr!=NULL){
            if(curr->left== NULL){
              result.push_back(curr->val);
              curr=curr->right;

            }else{
                TreeNode* leftChild=curr->left;
                while(leftChild->right!=NULL){
                leftChild=leftChild->right;
            }

            leftChild->right=curr;TreeNode* temp=curr;
            curr=curr->left;
            temp->left=NULL;
        }
     }
    return result; 
    }
};",https://leetcode.com/problems/binary-tree-inorder-traversal,"class Solution {
public:
    vector<int> inorderTraversal(TreeNode* root) {
        vector<int>result;
        TreeNode*curr=root;
        while(curr!=NULL){
            if(curr->left != NULL){
              result.push_back(curr->val);
              curr=curr->right;

            }else{
                TreeNode* leftChild=curr->left;
                while(leftChild->right!=NULL){
                leftChild=leftChild->right;
            }

            leftChild->right=curr;TreeNode* temp=curr;
            curr=curr->left;
            temp->left=NULL;
        }
     }
    return result; 
    }
};",[Logic – Wrong condition operator] Changed the check for whether the current node has no left child from `curr->left == NULL` to `curr->left != NULL`.,Runtime Error,"root =
[1,null,2,3]",,,"Line 13: Char 34: runtime error: member access within null pointer of type 'TreeNode' (solution.cpp)
SUMMARY: UndefinedBehaviorSanitizer: undefined-behavior prog_joined.cpp:22:34",qwen3.7-max,zero-shot,Runtime Error,"""[1]""",,"""[1]""","Null pointer dereference. When a node has no left child (curr->left is NULL), the condition curr->left != NULL is false, so the code enters the else block. It assigns NULL to leftChild and then attempts to access leftChild->right in the while loop condition, causing a segmentation fault."
Tree,Easy,102,"Given the roots of two binary trees p and q, write a function to check if they are the same or not.
 
 Two binary trees are considered the same if they are structurally identical, and the nodes have the same value.
 
 Example 1:
 
 Input: p = [1,2,3], q = [1,2,3]
 Output: true
 
 Example 2:
 
 Input: p = [1,2], q = [1,null,2]
 Output: false
 
 Example 3:
 
 Input: p = [1,2,1], q = [1,1,2]
 Output: false
 
 Constraints:
 
 The number of nodes in both trees is in the range [0, 100].
 -104 <= Node.val <= 104","class Solution {
  public:
  bool isSameTree(TreeNode* p, TreeNode* q) {
  if (!p || !q)
  return p == q;
  return p->val == q->val &&
  isSameTree(p->left, q->left) &&
  isSameTree(p->right, q->right);
  }
 };",https://leetcode.com/problems/same-tree,"class Solution {
  public:
  bool isSameTree(TreeNode* p, TreeNode* q) {
  if (!p && !q)
  return p == q;
  return p->val == q->val &&
  isSameTree(p->left, q->left) &&
  isSameTree(p->right, q->right);
  }
 };","[Logic – Wrong condition operator] Changed the null-check condition from `if (!p || !q)` to `if (!p && !q)`, causing cases where only one node is null to dereference a null pointer.",Runtime Error,"p =
[1,2]
q =
[1,null,2]",,,"Line 6: Char 23: runtime error: member access within null pointer of type 'TreeNode' (solution.cpp)
SUMMARY: UndefinedBehaviorSanitizer: undefined-behavior prog_joined.cpp:15:23",qwen3.7-max,zero-shot,Runtime Error,"""p = [1,2], q = [1,null,2]""",,"""false""","The code does not handle the case where exactly one of the nodes is null. If p is null and q is not (or vice versa), the condition (!p && !q) evaluates to false, and the code proceeds to evaluate p->val == q->val. Accessing the val member of a null pointer causes a segmentation fault (null pointer dereference), resulting in a Runtime Error."
Tree,Easy,103,"Given the root of a binary tree, check whether it is a mirror of itself (i.e., symmetric around its center).
 
 Example 1:
 
 Input: root = [1,2,2,3,4,4,3]
 Output: true
 
 Example 2:
 
 Input: root = [1,2,2,null,3,null,3]
 Output: false
 
 Constraints:
 
 The number of nodes in the tree is in the range [1, 1000].
 -100 <= Node.val <= 100
 
 Follow up: Could you solve it both recursively and iteratively?","class Solution {
public:
    bool isSymmetric(TreeNode* root) {
        return root==NULL || isSymmetrichelp(root->left,root->right);
    }
    bool isSymmetrichelp(TreeNode*left, TreeNode*right){
if(left==NULL ||right==NULL){
    return left==right;
}
if(left->val!=right->val)return false;
return isSymmetrichelp(left->left,right->right)&&isSymmetrichelp(left->right,right->left);
    }
};

static const bool __boost = []() {
    cin.tie(nullptr);
    cout.tie(nullptr);
    return std::ios_base::sync_with_stdio(false);
}();

const size_t BUFFER_SIZE = 0x6fafffff;
alignas(std::max_align_t) char buffer[BUFFER_SIZE];
size_t buffer_pos = 0;
void* operator new(size_t size) {
    constexpr std::size_t alignment = alignof(std::max_align_t);
    size_t padding = (alignment - (buffer_pos % alignment)) % alignment;
    size_t total_size = size + padding;
    char* aligned_ptr = &buffer[buffer_pos + padding];
    buffer_pos += total_size;
    return aligned_ptr;
}
void operator delete(void* ptr, unsigned long) {}
void operator delete(void* ptr) {}
void operator delete[](void* ptr) {}",https://leetcode.com/problems/symmetric-tree,"class Solution {
public:
    bool isSymmetric(TreeNode* root) {
        return root==NULL || isSymmetrichelp(root->left,root->right);
    }
    bool isSymmetrichelp(TreeNode*left, TreeNode*right){
if(left==NULL ||right==NULL){
    return left==right;
}
if(left->val==right->val)return false;
return isSymmetrichelp(left->left,right->right)&&isSymmetrichelp(left->right,right->left);
    }
};

static const bool __boost = []() {
    cin.tie(nullptr);
    cout.tie(nullptr);
    return std::ios_base::sync_with_stdio(false);
}();

const size_t BUFFER_SIZE = 0x6fafffff;
alignas(std::max_align_t) char buffer[BUFFER_SIZE];
size_t buffer_pos = 0;
void* operator new(size_t size) {
    constexpr std::size_t alignment = alignof(std::max_align_t);
    size_t padding = (alignment - (buffer_pos % alignment)) % alignment;
    size_t total_size = size + padding;
    char* aligned_ptr = &buffer[buffer_pos + padding];
    buffer_pos += total_size;
    return aligned_ptr;
}
void operator delete(void* ptr, unsigned long) {}
void operator delete(void* ptr) {}
void operator delete[](void* ptr) {}",[Logic – Wrong condition operator] Changed the value comparison to return false when mirrored node values are equal instead of different.,Wrong Answer,"root =
[1,2,2,3,4,4,3]",FALSE,TRUE,,qwen3.7-max,zero-shot,Wrong Answer,"""[1,2,2,3,4,4,3]""","""false""","""true""","The condition `if(left->val==right->val)return false;` is logically inverted. It incorrectly returns false when the node values are equal. It should return false when the values are not equal (i.e., `left->val != right->val`)."
Tree,Easy,104,"Given the root of a binary tree, return its maximum depth.
 
 A binary tree's maximum depthÂ is the number of nodes along the longest path from the root node down to the farthest leaf node.
 
 Example 1:
 
 Input: root = [3,9,20,null,null,15,7]
 Output: 3
 
 Example 2:
 
 Input: root = [1,null,2]
 Output: 2
 
 Constraints:
 
 The number of nodes in the tree is in the range [0, 104].
 -100 <= Node.val <= 100","#pragma GCC optimize(""Ofast"")
#include <iostream>

static constexpr std::size_t max_align = alignof(std::max_align_t);
alignas(max_align) static unsigned char BUFFER[64 * 1024 * 1024];
static std::size_t pos = 0;

void *operator new(const std::size_t size) {
    const std::size_t padding = (max_align - (pos % max_align)) % max_align;
    pos += padding + size;
    return &BUFFER[pos - size];
}

void *operator new[](const std::size_t size) {
    return operator new(size);
}

void operator delete(void *) noexcept {}

void operator delete[](void *) noexcept {}

void operator delete(void *, std::size_t) noexcept {}

void operator delete[](void *, std::size_t) noexcept {}

class Solution {
    static inline int depth(const TreeNode *const node, const std::uint16_t curr_depth) {
        if (!node) return curr_depth;
        return std::max(depth(node->left, curr_depth), depth(node->right, curr_depth)) + 1;
    }
    
public:
    Solution() {
        std::ios::sync_with_stdio(false);
        std::cout.tie(nullptr);
        std::cin.tie(nullptr);
    }

    int maxDepth(const TreeNode *const root) {
        if (!root) return 0;
        return depth(root, 0);
    }
};",https://leetcode.com/problems/maximum-depth-of-binary-tree,"#pragma GCC optimize(""Ofast"")
#include <iostream>

static constexpr std::size_t max_align = alignof(std::max_align_t);
alignas(max_align) static unsigned char BUFFER[64 * 1024 * 1024];
static std::size_t pos = 0;

void *operator new(const std::size_t size) {
    const std::size_t padding = (max_align - (pos % max_align)) % max_align;
    pos += padding + size;
    return &BUFFER[pos - size];
}

void *operator new[](const std::size_t size) {
    return operator new(size);
}

void operator delete(void *) noexcept {}

void operator delete[](void *) noexcept {}

void operator delete(void *, std::size_t) noexcept {}

void operator delete[](void *, std::size_t) noexcept {}

class Solution {
    static inline int depth(const TreeNode *const node, const std::uint16_t curr_depth) {
        if (!node) return curr_depth;
        return std::max(depth(node->left, curr_depth), depth(node->right, curr_depth)) + 1;
    }
    
public:
    Solution() {
        std::ios::sync_with_stdio(false);
        std::cout.tie(nullptr);
        std::cin.tie(nullptr);
    }

    int maxDepth(const TreeNode *const root) {
        if (root) return 0;
        return depth(root, 0);
    }
};",[Logic – Wrong condition operator] Changed the null-root check in maxDepth from checking for a null root to checking for a non-null root.,Wrong Answer,"root =
[3,9,20,null,null,15,7]",0,3,,qwen3.7-max,zero-shot,Wrong Answer,"""[3,9,20,null,null,15,7]""","""0""","""3""",The condition `if (root) return 0;` in the `maxDepth` function incorrectly returns 0 for any non-empty tree. It should be `if (!root) return 0;` to handle the base case of an empty tree.
Tree,Easy,105,"Given an integer array nums where the elements are sorted in ascending order, convert it to a height-balanced binary search tree.
 
 Example 1:
 
 Input: nums = [-10,-3,0,5,9]
 Output: [0,-3,9,-10,null,5]
 Explanation: [0,-10,5,null,-3,null,9] is also accepted:
 
 Example 2:
 
 Input: nums = [1,3]
 Output: [3,1]
 Explanation: [1,null,3] and [3,1] are both height-balanced BSTs.
 
 Constraints:
 
 1 <= nums.length <= 104
 -104 <= nums[i] <= 104
 nums is sorted in a strictly increasing order.","static const bool __boost = []()
{
    std::cin.tie(nullptr);
    std::cout.tie(nullptr);
    return std::ios_base::sync_with_stdio(false);
}();

const size_t BUFFER_SIZE = 0x30000000;
alignas(std::max_align_t) char buffer[BUFFER_SIZE];
size_t buffer_pos = 0;

void *
operator new(size_t size)
{
    constexpr std::size_t alignment = alignof(std::max_align_t);
    size_t padding = (alignment - (buffer_pos % alignment)) % alignment;
    size_t total_size = size + padding;
    char *aligned_ptr = &buffer[buffer_pos + padding];
    buffer_pos += total_size;
    return aligned_ptr;
}

void operator delete(void * /*unused*/, unsigned long /*unused*/) noexcept
{
}
void operator delete(void * /*unused*/) noexcept
{
}
void operator delete[](void * /*unused*/) noexcept
{
}
void operator delete[](void * /*unused*/, size_t /*unused*/) noexcept
{
}

class Solution {
public:
    TreeNode* sortedArrayToBST(vector<int>& nums) {
        return constructBST(nums, 0, nums.size() - 1);
    }

    TreeNode* constructBST(vector<int>& nums, int left, int right) {
        if (left > right) return nullptr;
        int mid = left + (right - left)/2;
        TreeNode* root = new TreeNode(nums[mid]);
        root->left = constructBST(nums, left, mid - 1);
        root->right = constructBST(nums, mid + 1, right);
        return root;
    }
};",https://leetcode.com/problems/convert-sorted-array-to-binary-search-tree,"static const bool __boost = []()
{
    std::cin.tie(nullptr);
    std::cout.tie(nullptr);
    return std::ios_base::sync_with_stdio(false);
}();

const size_t BUFFER_SIZE = 0x30000000;
alignas(std::max_align_t) char buffer[BUFFER_SIZE];
size_t buffer_pos = 0;

void *
operator new(size_t size)
{
    constexpr std::size_t alignment = alignof(std::max_align_t);
    size_t padding = (alignment - (buffer_pos % alignment)) % alignment;
    size_t total_size = size + padding;
    char *aligned_ptr = &buffer[buffer_pos + padding];
    buffer_pos += total_size;
    return aligned_ptr;
}

void operator delete(void * /*unused*/, unsigned long /*unused*/) noexcept
{
}
void operator delete(void * /*unused*/) noexcept
{
}
void operator delete[](void * /*unused*/) noexcept
{
}
void operator delete[](void * /*unused*/, size_t /*unused*/) noexcept
{
}

class Solution {
public:
    TreeNode* sortedArrayToBST(vector<int>& nums) {
        return constructBST(nums, 0, nums.size() - 1);
    }

    TreeNode* constructBST(vector<int>& nums, int left, int right) {
        if (left > right) return nullptr;
        int mid = left - (right - left)/2;
        TreeNode* root = new TreeNode(nums[mid]);
        root->left = constructBST(nums, left, mid - 1);
        root->right = constructBST(nums, mid + 1, right);
        return root;
    }
};",[Logic – Wrong arithmetic operator] Changed the midpoint calculation to subtract half the range from left instead of adding it.,Runtime Error,"nums =
[-10,-3,0,5,9]",,,"Line 1122: Char 34: runtime error: addition of unsigned offset to 0x55d0bbe00390 overflowed to 0x55d0bbe00388 (stl_vector.h)
SUMMARY: UndefinedBehaviorSanitizer: undefined-behavior /usr/lib/gcc/x86_64-linux-gnu/14/../../../../include/c++/14/bits/stl_vector.h:1131:34",qwen3.7-max,zero-shot,Runtime Error,"""[-10,-3,0,5,9]""",,"""[0,-3,9,-10,null,5]""","The middle index calculation `int mid = left - (right - left)/2;` is incorrect and should be `left + (right - left)/2`. For the input `[-10,-3,0,5,9]`, `left = 0` and `right = 4`, resulting in `mid = -2`. Accessing `nums[-2]` causes an out-of-bounds memory access, leading to a Runtime Error."
Tree,Easy,106,"Given a binary tree, determine if it is height-balanced.

Example 1:

Input: root = [3,9,20,null,null,15,7]
Output: true

Example 2:

Input: root = [1,2,2,3,3,null,null,4,4]
Output: false

Example 3:

Input: root = []
Output: true

Constraints:

	The number of nodes in the tree is in the range [0, 5000].
	-104 <= Node.val <= 104","                        

class Solution {
 public:
  bool isBalanced(TreeNode* root) {
    if (root == nullptr)
      return true;
    return abs(maxDepth(root->left) - maxDepth(root->right)) <= 1 &&
           isBalanced(root->left) && isBalanced(root->right);
  }

 private:
  int maxDepth(TreeNode* root) {
    if (root == nullptr)
      return 0;
    return 1 + max(maxDepth(root->left), maxDepth(root->right));
  }
};",https://leetcode.com/problems/balanced-binary-tree,"class Solution {
 public:
  bool isBalanced(TreeNode* root) {
    if (root == nullptr)
      return true;
    return abs(maxDepth(root->left) - maxDepth(root->right)) < 1 &&
           isBalanced(root->left) && isBalanced(root->right);
  }

 private:
  int maxDepth(TreeNode* root) {
    if (root == nullptr)
      return 0;
    return 1 + max(maxDepth(root->left), maxDepth(root->right));
  }
};","[Logic – Wrong condition operator] Changed the balance threshold check from `<= 1` to `< 1`, incorrectly requiring subtree depths to be exactly equal.",Wrong Answer,"root =
[3,9,20,null,null,15,7]",FALSE,TRUE,,qwen3.7-max,zero-shot,Wrong Answer,"""root = [3,9,20,null,null,15,7]""","""false""","""true""",
Tree,Easy,107,"Given a binary tree, find its minimum depth.

The minimum depth is the number of nodes along the shortest path from the root node down to the nearest leaf node.

Note: A leaf is a node with no children.

Example 1:

Input: root = [3,9,20,null,null,15,7]
Output: 2

Example 2:

Input: root = [2,null,3,null,4,null,5,null,6]
Output: 5

Constraints:

	The number of nodes in the tree is in the range [0, 105].
	-1000 <= Node.val <= 1000","			

class Solution {
 public:
  int minDepth(TreeNode* root) {
    if (root == nullptr)
      return 0;
    if (root->left == nullptr)
      return minDepth(root->right) + 1;
    if (root->right == nullptr)
      return minDepth(root->left) + 1;
    return min(minDepth(root->left), minDepth(root->right)) + 1;
  }
};",https://leetcode.com/problems/minimum-depth-of-binary-tree,"class Solution {
 public:
  int minDepth(TreeNode* root) {
    if (root != nullptr)
      return 0;
    if (root->left == nullptr)
      return minDepth(root->right) + 1;
    if (root->right == nullptr)
      return minDepth(root->left) + 1;
    return min(minDepth(root->left), minDepth(root->right)) + 1;
  }
};",[Logic – Wrong condition operator] Changed the null-root base case comparison from `root == nullptr` to `root != nullptr`.,Wrong Answer,"root =
[3,9,20,null,null,15,7]",0,2,,qwen3.7-max,zero-shot,Wrong Answer,"""root = [3,9,20,null,null,15,7]""","""0""","""2""","The base case condition is inverted (`root != nullptr` instead of `root == nullptr`). This causes the function to immediately return 0 for any non-empty tree. Additionally, it would cause a null pointer dereference (Runtime Error) if the input tree is empty."
Tree,Easy,108,"Given the root of a binary tree and an integer targetSum, return true if the tree has a root-to-leaf path such that adding up all the values along the path equals targetSum.

A leaf is a node with no children.

Example 1:

Input: root = [5,4,8,11,null,13,4,7,2,null,null,null,1], targetSum = 22
Output: true
Explanation: The root-to-leaf path with the target sum is shown.

Example 2:

Input: root = [1,2,3], targetSum = 5
Output: false
Explanation: There are two root-to-leaf paths in the tree:
(1 --> 2): The sum is 3.
(1 --> 3): The sum is 4.
There is no root-to-leaf path with sum = 5.

Example 3:

Input: root = [], targetSum = 0
Output: false
Explanation: Since the tree is empty, there are no root-to-leaf paths.

Constraints:

	The number of nodes in the tree is in the range [0, 5000].
	-1000 <= Node.val <= 1000
	-1000 <= targetSum <= 1000","			

class Solution {
 public:
  bool hasPathSum(TreeNode* root, int sum) {
    if (root == nullptr)
      return false;
    if (root->val == sum && root->left == nullptr && root->right == nullptr)
      return true;
    return hasPathSum(root->left, sum - root->val) ||
           hasPathSum(root->right, sum - root->val);
  }
};",https://leetcode.com/problems/path-sum,"class Solution {
 public:
  bool hasPathSum(TreeNode* root, int sum) {
    if (root != nullptr)
      return false;
    if (root->val == sum && root->left == nullptr && root->right == nullptr)
      return true;
    return hasPathSum(root->left, sum - root->val) ||
           hasPathSum(root->right, sum - root->val);
  }
};",[Logic – Wrong condition operator] Changed the null-root check to return false when the root is not null instead of when it is null.,Runtime Error,"root =
[]
targetSum =
0",,,"Line 6: Char 15: runtime error: member access within null pointer of type 'TreeNode' (solution.cpp)
SUMMARY: UndefinedBehaviorSanitizer: undefined-behavior prog_joined.cpp:15:15",qwen3.7-max,zero-shot,Wrong Answer,"""root = [5,4,8,11,null,13,4,7,2,null,null,null,1], targetSum = 22""","""false""","""true""","The base case condition is inverted. The code checks `if (root != nullptr) return false;`, which causes it to immediately return false for any non-empty tree. It should be `if (root == nullptr) return false;`. Additionally, if the tree is empty, it bypasses the first check and causes a null pointer dereference when accessing `root->val`."
Tree,Easy,109,"Given the root of a binary tree, return the preorder traversal of its nodes' values.

Example 1:

Input: root = [1,null,2,3]

Output: [1,2,3]

Explanation:

Example 2:

Input: root = [1,2,3,4,5,null,8,null,null,6,7,9]

Output: [1,2,4,5,6,7,3,8,9]

Explanation:

Example 3:

Input: root = []

Output: []

Example 4:

Input: root = [1]

Output: [1]

Constraints:

	The number of nodes in the tree is in the range [0, 100].
	-100 <= Node.val <= 100

Follow up: Recursive solution is trivial, could you do it iteratively?","			

class Solution {
 public:
  vector<int> preorderTraversal(TreeNode* root) {
    vector<int> ans;
    preorder(root, ans);
    return ans;
  }

 private:
  void preorder(TreeNode* root, vector<int>& ans) {
    if (root == nullptr)
      return;

    ans.push_back(root->val);
    preorder(root->left, ans);
    preorder(root->right, ans);
  }
};",https://leetcode.com/problems/binary-tree-preorder-traversal,"class Solution {
 public:
  vector<int> preorderTraversal(TreeNode* root) {
    vector<int> ans;
    preorder(root, ans);
    return ans;
  }

 private:
  void preorder(TreeNode* root, vector<int>& ans) {
    if (root != nullptr)
      return;

    ans.push_back(root->val);
    preorder(root->left, ans);
    preorder(root->right, ans);
  }
};","[Logic – Wrong condition operator] Changed the null-check in the recursive preorder helper from `root == nullptr` to `root != nullptr`, causing the function to return for valid nodes.",Runtime Error,"root =
[]",,,"Line 14: Char 25: runtime error: member access within null pointer of type 'TreeNode' (solution.cpp)
SUMMARY: UndefinedBehaviorSanitizer: undefined-behavior prog_joined.cpp:23:25",qwen3.7-max,zero-shot,Wrong Answer,"""[1,null,2,3]""","""[]""","""[1,2,3]""",
Tree,Easy,110,"Given the root of a binary tree, return the postorder traversal of its nodes' values.

Example 1:

Input: root = [1,null,2,3]

Output: [3,2,1]

Explanation:

Example 2:

Input: root = [1,2,3,4,5,null,8,null,null,6,7,9]

Output: [4,6,7,5,2,9,8,3,1]

Explanation:

Example 3:

Input: root = []

Output: []

Example 4:

Input: root = [1]

Output: [1]

Constraints:

	The number of the nodes in the tree is in the range [0, 100].
	-100 <= Node.val <= 100

Follow up: Recursive solution is trivial, could you do it iteratively?","			

class Solution {
 public:
  vector<int> postorderTraversal(TreeNode* root) {
    vector<int> ans;
    postorder(root, ans);
    return ans;
  }

 private:
  void postorder(TreeNode* root, vector<int>& ans) {
    if (root == nullptr)
      return;

    postorder(root->left, ans);
    postorder(root->right, ans);
    ans.push_back(root->val);
  }
};",https://leetcode.com/problems/binary-tree-postorder-traversal,"class Solution {
 public:
  vector<int> postorderTraversal(TreeNode* root) {
    vector<int> ans;
    postorder(root, ans);
    return ans;
  }

 private:
  void postorder(TreeNode* root, vector<int>& ans) {
    if (root != nullptr)
      return;

    postorder(root->left, ans);
    postorder(root->right, ans);
    ans.push_back(root->val);
  }
};","[Logic – Wrong condition operator] Changed the null-check in the recursive helper from `root == nullptr` to `root != nullptr`, causing valid nodes to return immediately.",Runtime Error,"root =
[]",,,"Line 14: Char 21: runtime error: member access within null pointer of type 'TreeNode' (solution.cpp)
SUMMARY: UndefinedBehaviorSanitizer: undefined-behavior prog_joined.cpp:23:21",qwen3.7-max,zero-shot,Wrong Answer,"""root = [1,null,2,3]""","""[]""","""[3,2,1]""","The base case condition in the recursive helper function is inverted (`if (root != nullptr)` instead of `if (root == nullptr)`). This causes the function to return immediately for any valid node, producing an empty array instead of the correct traversal. (Additionally, it would cause a null pointer dereference crash if the root itself is null)."
Tree,Easy,111,"Given the root of a binary tree, invert the tree, and return its root.

Example 1:

Input: root = [4,2,7,1,3,6,9]
Output: [4,7,2,9,6,3,1]

Example 2:

Input: root = [2,1,3]
Output: [2,3,1]

Example 3:

Input: root = []
Output: []

Constraints:

	The number of nodes in the tree is in the range [0, 100].
	-100 <= Node.val <= 100","			

class Solution {
 public:
  TreeNode* invertTree(TreeNode* root) {
    if (root == nullptr)
      return nullptr;

    TreeNode* const left = root->left;
    TreeNode* const right = root->right;
    root->left = invertTree(right);
    root->right = invertTree(left);
    return root;
  }
};",https://leetcode.com/problems/invert-binary-tree,"class Solution {
 public:
  TreeNode* invertTree(TreeNode* root) {
    if (root != nullptr)
      return nullptr;

    TreeNode* const left = root->left;
    TreeNode* const right = root->right;
    root->left = invertTree(right);
    root->right = invertTree(left);
    return root;
  }
};","[Logic – Wrong condition operator] Changed the null-check condition from `root == nullptr` to `root != nullptr`, causing non-null trees to return immediately.",Runtime Error,"root =
[]",,,"Line 7: Char 34: runtime error: member access within null pointer of type 'TreeNode' (solution.cpp)
SUMMARY: UndefinedBehaviorSanitizer: undefined-behavior prog_joined.cpp:16:34",qwen3.7-max,zero-shot,Wrong Answer,"""[4,2,7,1,3,6,9]""","""[]""","""[4,7,2,9,6,3,1]""","The base case condition is inverted (`root != nullptr` instead of `root == nullptr`). As a result, the function immediately returns `nullptr` for any non-empty tree, producing an incorrect output. (Note: It would also cause a Runtime Error for an empty tree due to a null pointer dereference when accessing `root->left`)."
Tree,Easy,112,"Given the root of a binary tree, return the sum of all left leaves.

A leaf is a node with no children. A left leaf is a leaf that is the left child of another node.

Example 1:

Input: root = [3,9,20,null,null,15,7]
Output: 24
Explanation: There are two left leaves in the binary tree, with values 9 and 15 respectively.

Example 2:

Input: root = [1]
Output: 0

Constraints:

	The number of nodes in the tree is in the range [1, 1000].
	-1000 <= Node.val <= 1000","                        

class Solution {
 public:
  int sumOfLeftLeaves(TreeNode* root) {
    if (root == nullptr)
      return 0;

    int ans = 0;

    if (root->left) {
      if (root->left->left == nullptr && root->left->right == nullptr)
        ans += root->left->val;
      else
        ans += sumOfLeftLeaves(root->left);
    }
    ans += sumOfLeftLeaves(root->right);

    return ans;
  }
};",https://leetcode.com/problems/sum-of-left-leaves,"class Solution {
 public:
  int sumOfLeftLeaves(TreeNode* root) {
    if (root == nullptr)
      return 0;

    int ans = 0;

    if (root->left) {
      if (root->left->left == nullptr && root->left->right != nullptr)
        ans += root->left->val;
      else
        ans += sumOfLeftLeaves(root->left);
    }
    ans += sumOfLeftLeaves(root->right);

    return ans;
  }
};",[Logic – Wrong condition operator] Changed the left-leaf check to require the left child to have a non-null right child instead of a null right child.,Wrong Answer,"root =
[3,9,20,null,null,15,7]",0,24,,qwen3.7-max,zero-shot,Wrong Answer,"""[3,9,20,null,null,15,7]""","""0""","""24""",
Tree,Easy,113,"Given the root of a binary search tree (BST) with duplicates, return all the mode(s) (i.e., the most frequently occurred element) in it.

If the tree has more than one mode, return them in any order.

Assume a BST is defined as follows:

	The left subtree of a node contains only nodes with keys less than or equal to the node's key.
	The right subtree of a node contains only nodes with keys greater than or equal to the node's key.
	Both the left and right subtrees must also be binary search trees.

Example 1:

Input: root = [1,null,2,2]
Output: [2]

Example 2:

Input: root = [0]
Output: [0]

Constraints:

	The number of nodes in the tree is in the range [1, 104].
	-105 <= Node.val <= 105

Follow up: Could you do that without using any extra space? (Assume that the implicit stack space incurred due to recursion does not count).","			

class Solution {
 public:
  vector<int> findMode(TreeNode* root) {
    vector<int> ans;
    int count = 0;
    int maxCount = 0;

    inorder(root, count, maxCount, ans);
    return ans;
  }

 private:
  TreeNode* pred = nullptr;

  void inorder(TreeNode* root, int& count, int& maxCount, vector<int>& ans) {
    if (root == nullptr)
      return;

    inorder(root->left, count, maxCount, ans);
    updateCount(root, count, maxCount, ans);
    inorder(root->right, count, maxCount, ans);
  }

  void updateCount(TreeNode* root, int& count, int& maxCount,
                   vector<int>& ans) {
    if (pred && pred->val == root->val)
      ++count;
    else
      count = 1;

    if (count > maxCount) {
      maxCount = count;
      ans = {root->val};
    } else if (count == maxCount) {
      ans.push_back(root->val);
    }

    pred = root;
  }
};",https://leetcode.com/problems/find-mode-in-binary-search-tree,"class Solution {
 public:
  vector<int> findMode(TreeNode* root) {
    vector<int> ans;
    int count = 0;
    int maxCount = 0;

    inorder(root, count, maxCount, ans);
    return ans;
  }

 private:
  TreeNode* pred = nullptr;

  void inorder(TreeNode* root, int& count, int& maxCount, vector<int>& ans) {
    if (root == nullptr)
      return;

    inorder(root->left, count, maxCount, ans);
    updateCount(root, count, maxCount, ans);
    inorder(root->right, count, maxCount, ans);
  }

  void updateCount(TreeNode* root, int& count, int& maxCount,
                   vector<int>& ans) {
    if (pred && pred->val != root->val)
      ++count;
    else
      count = 1;

    if (count > maxCount) {
      maxCount = count;
      ans = {root->val};
    } else if (count == maxCount) {
      ans.push_back(root->val);
    }

    pred = root;
  }
};",[Logic – Wrong condition operator] Changed the duplicate-value check in `updateCount` from `pred->val == root->val` to `pred->val != root->val`.,Wrong Answer,"root =
[1,null,2]",[2],"[2,1]",,qwen3.7-max,zero-shot,Wrong Answer,"""root = [1,null,2]""","""[2]""","""[1,2]""",
Tree,Easy,114,"Given the root of a Binary Search Tree (BST), return the minimum absolute difference between the values of any two different nodes in the tree.

Example 1:

Input: root = [4,2,6,1,3]
Output: 1

Example 2:

Input: root = [1,0,48,null,null,12,49]
Output: 1

Constraints:

	The number of nodes in the tree is in the range [2, 104].
	0 <= Node.val <= 105

Note: This question is the same as 783: https://leetcode.com/problems/minimum-distance-between-bst-nodes/","			

class Solution {
 public:
  // Very simliar to 94. Binary Tree Inorder Traversal
  int getMinimumDifference(TreeNode* root) {
    int ans = INT_MAX;
    int prev = -1;
    stack<TreeNode*> stack;

    while (root || !stack.empty()) {
      while (root) {
        stack.push(root);
        root = root->left;
      }
      root = stack.top(), stack.pop();
      if (prev >= 0)
        ans = min(ans, root->val - prev);
      prev = root->val;
      root = root->right;
    }

    return ans;
  }
};",https://leetcode.com/problems/minimum-absolute-difference-in-bst,"class Solution {
 public:
  // Very simliar to 94. Binary Tree Inorder Traversal
  int getMinimumDifference(TreeNode* root) {
    int ans = INT_MAX;
    int prev = -1;
    stack<TreeNode*> stack;

    while (root || !stack.empty()) {
      while (root) {
        stack.push(root);
        root = root->left;
      }
      root = stack.top(), stack.pop();
      if (prev > 0)
        ans = min(ans, root->val - prev);
      prev = root->val;
      root = root->right;
    }

    return ans;
  }
};","[Logic – Wrong condition operator] Changed the inorder predecessor check from `prev >= 0` to `prev > 0`, causing differences involving a previous value of 0 to be skipped.",Wrong Answer,"root =
[0,null,1]",2147483647,1,,qwen3.7-max,zero-shot,Wrong Answer,"""[0,null,1]""","""2147483647""","""1""",
Tree,Easy,115,"Given the root of a binary tree, return the length of the diameter of the tree.

The diameter of a binary tree is the length of the longest path between any two nodes in a tree. This path may or may not pass through the root.

The length of a path between two nodes is represented by the number of edges between them.

Example 1:

Input: root = [1,2,3,4,5]
Output: 3
Explanation: 3 is the length of the path [4,2,1,3] or [5,2,1,3].

Example 2:

Input: root = [1,2]
Output: 1

Constraints:

	The number of nodes in the tree is in the range [1, 104].
	-100 <= Node.val <= 100","			

class Solution {
 public:
  int diameterOfBinaryTree(TreeNode* root) {
    int ans = 0;
    maxDepth(root, ans);
    return ans;
  }

 private:
  int maxDepth(TreeNode* root, int& ans) {
    if (root == nullptr)
      return 0;

    const int l = maxDepth(root->left, ans);
    const int r = maxDepth(root->right, ans);
    ans = max(ans, l + r);
    return 1 + max(l, r);
  }
};",https://leetcode.com/problems/diameter-of-binary-tree,"class Solution {
 public:
  int diameterOfBinaryTree(TreeNode* root) {
    int ans = 0;
    maxDepth(root, ans);
    return ans;
  }

 private:
  int maxDepth(TreeNode* root, int& ans) {
    if (root == nullptr)
      return 0;

    const int l = maxDepth(root->left, ans);
    const int r = maxDepth(root->right, ans);
    ans = max(ans, l * r);
    return 1 + max(l, r);
  }
};",[Logic – Wrong arithmetic operator] Replaced the diameter update from summing left and right depths to multiplying them.,Wrong Answer,"root =
[1,2,3,4,5]",2,3,,qwen3.7-max,zero-shot,Wrong Answer,"""[1,2,3,4,5]""","""2""","""3""",
Tree,Easy,116,"Given a n-ary tree, find its maximum depth.

The maximum depth is the number of nodes along the longest path from the root node down to the farthest leaf node.

Nary-Tree input serialization is represented in their level order traversal, each group of children is separated by the null value (See examples).

Example 1:

Input: root = [1,null,3,2,4,null,5,6]
Output: 3

Example 2:

Input: root = [1,null,2,3,4,5,null,null,6,7,null,8,null,9,10,null,null,11,null,12,null,13,null,null,14]
Output: 5

Constraints:

	The total number of nodes is in the range [0, 104].
	The depth of the n-ary tree is less than or equal to 1000.","			

class Solution {
 public:
  int maxDepth(Node* root) {
    if (root == nullptr)
      return 0;

    int ans = 0;

    for (Node* child : root->children)
      ans = max(ans, maxDepth(child));

    return 1 + ans;
  }
};",https://leetcode.com/problems/maximum-depth-of-n-ary-tree,"class Solution {
 public:
  int maxDepth(Node* root) {
    if (root != nullptr)
      return 0;

    int ans = 0;

    for (Node* child : root->children)
      ans = max(ans, maxDepth(child));

    return 1 + ans;
  }
};","[Logic – Wrong condition operator] Changed the null-check condition from `root == nullptr` to `root != nullptr`, causing non-null roots to return 0 immediately.",Wrong Answer,"root =
[1,null,3,2,4,null,5,6]",0,3,,qwen3.7-max,zero-shot,Wrong Answer,"""root = [1,null,3,2,4,null,5,6]""","""0""","""3""","The base case condition is inverted (`root != nullptr` instead of `root == nullptr`). This causes the function to immediately return 0 for any non-null node, and would cause a null pointer dereference (Runtime Error) if the root is actually null."
Tree,Easy,117,"Given the root of a binary tree, return the sum of every tree node's tilt.

The tilt of a tree node is the absolute difference between the sum of all left subtree node values and all right subtree node values. If a node does not have a left child, then the sum of the left subtree node values is treated as 0. The rule is similar if the node does not have a right child.

Example 1:

Input: root = [1,2,3]
Output: 1
Explanation: 
Tilt of node 2 : |0-0| = 0 (no children)
Tilt of node 3 : |0-0| = 0 (no children)
Tilt of node 1 : |2-3| = 1 (left subtree is just left child, so sum is 2; right subtree is just right child, so sum is 3)
Sum of every tilt : 0 + 0 + 1 = 1

Example 2:

Input: root = [4,2,9,3,5,null,7]
Output: 15
Explanation: 
Tilt of node 3 : |0-0| = 0 (no children)
Tilt of node 5 : |0-0| = 0 (no children)
Tilt of node 7 : |0-0| = 0 (no children)
Tilt of node 2 : |3-5| = 2 (left subtree is just left child, so sum is 3; right subtree is just right child, so sum is 5)
Tilt of node 9 : |0-7| = 7 (no left child, so sum is 0; right subtree is just right child, so sum is 7)
Tilt of node 4 : |(3+5+2)-(9+7)| = |10-16| = 6 (left subtree values are 3, 5, and 2, which sums to 10; right subtree values are 9 and 7, which sums to 16)
Sum of every tilt : 0 + 0 + 0 + 2 + 7 + 6 = 15

Example 3:

Input: root = [21,7,14,1,1,2,2,3,3]
Output: 9

Constraints:

	The number of nodes in the tree is in the range [0, 104].
	-1000 <= Node.val <= 1000","			

class Solution {
 public:
  int findTilt(TreeNode* root) {
    int ans = 0;
    sum(root, ans);
    return ans;
  }

 private:
  int sum(TreeNode* root, int& ans) {
    if (root == nullptr)
      return 0;

    const int l = sum(root->left, ans);
    const int r = sum(root->right, ans);
    ans += abs(l - r);
    return root->val + l + r;
  }
};",https://leetcode.com/problems/binary-tree-tilt,"class Solution {
 public:
  int findTilt(TreeNode* root) {
    int ans = 0;
    sum(root, ans);
    return ans;
  }

 private:
  int sum(TreeNode* root, int& ans) {
    if (root == nullptr)
      return 0;

    const int l = sum(root->left, ans);
    const int r = sum(root->right, ans);
    ans += abs(l + r);
    return root->val + l + r;
  }
};",[Logic – Wrong arithmetic operator] Changed the tilt calculation from the absolute difference of subtree sums to the absolute sum of subtree sums.,Wrong Answer,"root =
[1,2,3]",5,1,,qwen3.7-max,zero-shot,Wrong Answer,"""root = [1,2,3]""","""5""","""1""",
Tree,Easy,118,"Given the roots of two binary trees root and subRoot, return true if there is a subtree of root with the same structure and node values of subRoot and false otherwise.

A subtree of a binary tree tree is a tree that consists of a node in tree and all of this node's descendants. The tree tree could also be considered as a subtree of itself.

Example 1:

Input: root = [3,4,5,1,2], subRoot = [4,1,2]
Output: true

Example 2:

Input: root = [3,4,5,1,2,null,null,null,null,0], subRoot = [4,1,2]
Output: false

Constraints:

	The number of nodes in the root tree is in the range [1, 2000].
	The number of nodes in the subRoot tree is in the range [1, 1000].
	-104 <= root.val <= 104
	-104 <= subRoot.val <= 104","			

class Solution {
 public:
  bool isSubtree(TreeNode* s, TreeNode* t) {
    if (s == nullptr)
      return false;
    if (isSameTree(s, t))
      return true;
    return isSubtree(s->left, t) || isSubtree(s->right, t);
  }

 private:
  bool isSameTree(TreeNode* p, TreeNode* q) {
    if (!p || !q)
      return p == q;
    return p->val == q->val &&
           isSameTree(p->left, q->left) &&
           isSameTree(p->right, q->right);
  }
};",https://leetcode.com/problems/subtree-of-another-tree,"class Solution {
 public:
  bool isSubtree(TreeNode* s, TreeNode* t) {
    if (s != nullptr)
      return false;
    if (isSameTree(s, t))
      return true;
    return isSubtree(s->left, t) || isSubtree(s->right, t);
  }

 private:
  bool isSameTree(TreeNode* p, TreeNode* q) {
    if (!p || !q)
      return p == q;
    return p->val == q->val &&
           isSameTree(p->left, q->left) &&
           isSameTree(p->right, q->right);
  }
};","[Logic – Wrong condition operator] Changed the subtree base-case check from `s == nullptr` to `s != nullptr`, causing non-null roots to return false immediately.",Wrong Answer,"root =
[3,4,5,1,2]
subRoot =
[4,1,2]",FALSE,TRUE,,qwen3.7-max,zero-shot,Wrong Answer,"""root = [3,4,5,1,2], subRoot = [4,1,2]""","""false""","""true""","The base case condition `if (s != nullptr)` is inverted and should be `if (s == nullptr)`. Because of this typo, the function immediately returns false for any non-null root node, leading to an incorrect output for all valid inputs."
Tree,Easy,119,"Given the root of an n-ary tree, return the preorder traversal of its nodes' values.

Nary-Tree input serialization is represented in their level order traversal. Each group of children is separated by the null value (See examples)

Example 1:

Input: root = [1,null,3,2,4,null,5,6]
Output: [1,3,5,6,2,4]

Example 2:

Input: root = [1,null,2,3,4,5,null,null,6,7,null,8,null,9,10,null,null,11,null,12,null,13,null,null,14]
Output: [1,2,3,6,7,11,14,4,8,12,5,9,13,10]

Constraints:

	The number of nodes in the tree is in the range [0, 104].
	0 <= Node.val <= 104
	The height of the n-ary tree is less than or equal to 1000.

Follow up: Recursive solution is trivial, could you do it iteratively?","			

class Solution {
 public:
  vector<int> preorder(Node* root) {
    if (root == nullptr)
      return {};

    vector<int> ans;
    stack<Node*> stack{{root}};

    while (!stack.empty()) {
      root = stack.top(), stack.pop();
      ans.push_back(root->val);
      for (auto it = rbegin(root->children); it != rend(root->children); ++it)
        stack.push(*it);
    }

    return ans;
  }
};",https://leetcode.com/problems/n-ary-tree-preorder-traversal,"class Solution {
 public:
  vector<int> preorder(Node* root) {
    if (root != nullptr)
      return {};

    vector<int> ans;
    stack<Node*> stack{{root}};

    while (!stack.empty()) {
      root = stack.top(), stack.pop();
      ans.push_back(root->val);
      for (auto it = rbegin(root->children); it != rend(root->children); ++it)
        stack.push(*it);
    }

    return ans;
  }
};","[Logic – Wrong condition operator] Changed the null-root guard from `root == nullptr` to `root != nullptr`, causing non-empty trees to return an empty traversal.",Wrong Answer,"root =
[1,null,3,2,4,null,5,6]",[],"[1,3,5,6,2,4]",,qwen3.7-max,zero-shot,Wrong Answer,"""[1,null,3,2,4,null,5,6]""","""[]""","""[1,3,5,6,2,4]""",
Tree,Easy,120,"Given the root of an n-ary tree, return the postorder traversal of its nodes' values.

Nary-Tree input serialization is represented in their level order traversal. Each group of children is separated by the null value (See examples)

Example 1:

Input: root = [1,null,3,2,4,null,5,6]
Output: [5,6,3,2,4,1]

Example 2:

Input: root = [1,null,2,3,4,5,null,null,6,7,null,8,null,9,10,null,null,11,null,12,null,13,null,null,14]
Output: [2,6,14,11,7,3,12,8,4,13,9,10,5,1]

Constraints:

	The number of nodes in the tree is in the range [0, 104].
	0 <= Node.val <= 104
	The height of the n-ary tree is less than or equal to 1000.

Follow up: Recursive solution is trivial, could you do it iteratively?","			

class Solution {
 public:
  vector<int> postorder(Node* root) {
    if (root == nullptr)
      return {};

    vector<int> ans;
    stack<Node*> stack{{root}};

    while (!stack.empty()) {
      root = stack.top(), stack.pop();
      ans.push_back(root->val);
      for (Node* child : root->children)
        stack.push(child);
    }

    reverse(begin(ans), end(ans));
    return ans;
  }
};",https://leetcode.com/problems/n-ary-tree-postorder-traversal,"class Solution {
 public:
  vector<int> postorder(Node* root) {
    if (root == nullptr)
      return {};

    vector<int> ans;
    stack<Node*> stack{{root}};

    while (stack.empty()) {
      root = stack.top(), stack.pop();
      ans.push_back(root->val);
      for (Node* child : root->children)
        stack.push(child);
    }

    reverse(begin(ans), end(ans));
    return ans;
  }
};","[Logic – Wrong condition operator] Changed the stack traversal loop condition from `!stack.empty()` to `stack.empty()`, preventing traversal when the stack contains the root.",Wrong Answer,"root =
[1,null,3,2,4,null,5,6]",[],"[5,6,3,2,4,1]",,qwen3.7-max,zero-shot,Wrong Answer,"""root = [1,null,3,2,4,null,5,6]""","""[]""","""[5,6,3,2,4,1]""",
Tree,Medium,121,"Given an integer n, return all the structurally unique BST's (binary search trees), which has exactly n nodes of unique values from 1 to n. Return the answer in any order.
 
 Example 1:
 
 Input: n = 3
 Output: [[1,null,2,null,3],[1,null,3,2],[2,1,3],[3,1,null,null,2],[3,2,null,1]]
 
 Example 2:
 
 Input: n = 1
 Output: [[1]]
 
 Constraints:
 
 1 <= n <= 8","class Solution {
  public:
  vector<TreeNode*> generateTrees(int n) {
  if (n == 0)
  return {};
  return generateTrees(1, n);
  }
 
  private:
  vector<TreeNode*> generateTrees(int min, int max) {
  if (min > max)
  return {nullptr};
 
  vector<TreeNode*> ans;
 
  for (int i = min; i <= max; ++i)
  for (TreeNode* left : generateTrees(min, i - 1))
  for (TreeNode* right : generateTrees(i + 1, max)) {
  ans.push_back(new TreeNode(i));
  ans.back()->left = left;
  ans.back()->right = right;
  }
 
  return ans;
  }
 };",https://leetcode.com/problems/unique-binary-search-trees-ii,"class Solution {
  public:
  vector<TreeNode*> generateTrees(int n) {
  if (n == 0)
  return {};
  return generateTrees(1, n);
  }
 
  private:
  vector<TreeNode*> generateTrees(int min, int max) {
  if (min >= max)
  return {nullptr};
 
  vector<TreeNode*> ans;
 
  for (int i = min; i <= max; ++i)
  for (TreeNode* left : generateTrees(min, i - 1))
  for (TreeNode* right : generateTrees(i + 1, max)) {
  ans.push_back(new TreeNode(i));
  ans.back()->left = left;
  ans.back()->right = right;
  }
 
  return ans;
  }
 };","[Logic – Wrong condition operator] Changed the recursive base case from `if (min > max)` to `if (min >= max)`, causing single-node ranges to be treated as empty.",Wrong Answer,"n =
3","[[1,null,2],[1,null,3],[2],[3,1],[3,2]]","[[1,null,2,null,3],[1,null,3,2],[2,1,3],[3,1,null,null,2],[3,2,null,1]]",,qwen3.7-max,zero-shot,Wrong Answer,"""1""","""[null]""","""[[1]]""",
Tree,Medium,122,"Given the root of a binary tree, determine if it is a valid binary search tree (BST).
 
 A valid BST is defined as follows:
 
 The left subtree of a node contains only nodes with keys less than the node's key.
 The right subtree of a node contains only nodes with keys greater than the node's key.
 Both the left and right subtrees must also be binary search trees.
 
 Example 1:
 
 Input: root = [2,1,3]
 Output: true
 
 Example 2:
 
 Input: root = [5,1,4,null,null,3,6]
 Output: false
 Explanation: The root node's value is 5 but its right child's value is 4.
 
 Constraints:
 
 The number of nodes in the tree is in the range [1, 104].
 -231 <= Node.val <= 231 - 1","class Solution {
  public:
  bool isValidBST(TreeNode* root) {
  return isValidBST(root, nullptr, nullptr);
  }
 
  private:
  bool isValidBST(TreeNode* root, TreeNode* minNode, TreeNode* maxNode) {
  if (root == nullptr)
  return true;
  if (minNode && root->val <= minNode->val)
  return false;
  if (maxNode && root->val >= maxNode->val)
  return false;
 
  return isValidBST(root->left, minNode, root) &&
  isValidBST(root->right, root, maxNode);
  }
 };",https://leetcode.com/problems/validate-binary-search-tree,"class Solution {
  public:
  bool isValidBST(TreeNode* root) {
  return isValidBST(root, nullptr, nullptr);
  }
 
  private:
  bool isValidBST(TreeNode* root, TreeNode* minNode, TreeNode* maxNode) {
  if (root == nullptr)
  return true;
  if (minNode && root->val < minNode->val)
  return false;
  if (maxNode && root->val >= maxNode->val)
  return false;
 
  return isValidBST(root->left, minNode, root) &&
  isValidBST(root->right, root, maxNode);
  }
 };","[Logic – Wrong condition operator] Changed the lower-bound validation from `root->val <= minNode->val` to `root->val < minNode->val`, incorrectly allowing duplicate values in the right subtree.",Wrong Answer,"root =
[2,null,2]",TRUE,FALSE,,qwen3.7-max,zero-shot,Wrong Answer,"""[2,null,2]""","""true""","""false""",
Tree,Medium,123,"Given the root of a binary tree, return the level order traversal of its nodes' values. (i.e., from left to right, level by level).
 
 Example 1:
 
 Input: root = [3,9,20,null,null,15,7]
 Output: [[3],[9,20],[15,7]]
 
 Example 2:
 
 Input: root = [1]
 Output: [[1]]
 
 Example 3:
 
 Input: root = []
 Output: []
 
 Constraints:
 
 The number of nodes in the tree is in the range [0, 2000].
 -1000 <= Node.val <= 1000","class Solution {
    vector<vector<int>> result;   
    queue<TreeNode *>que;
    void levelorder(TreeNode *p){
        if(p){
            que.push(p);
        }
        while(!que.empty()){
            vector<int>temp;
            int size=que.size();
            for(int i=0;i<size;i++){
                TreeNode *t=que.front();
                que.pop();
                temp.push_back(t->val);
                if(t->left){
                    que.push(t->left);
                }
                if(t->right){
                    que.push(t->right);
                }
            }
            result.push_back(temp);
        }
    }
public:
    vector<vector<int>> levelOrder(TreeNode* root) {
        if(root==NULL){
            return {};
        }
        levelorder(root);
        return result;
        
    }
};

const size_t BUFFER_SIZE = 0x30000000;
alignas (std::max_align_t) char buffer[BUFFER_SIZE];
size_t buffer_pos = 0;

void *
operator new (size_t size)
{
    constexpr std::size_t alignment = alignof (std::max_align_t);
    size_t padding = (alignment - (buffer_pos % alignment)) % alignment;
    size_t total_size = size + padding;
    char *aligned_ptr = &buffer[buffer_pos + padding];
    buffer_pos += total_size;
    return aligned_ptr;
}

void
operator delete (void * /*unused*/, unsigned long /*unused*/) noexcept
{
}
void
operator delete (void * /*unused*/) noexcept
{
}
void
operator delete[] (void * /*unused*/) noexcept
{
}
void
operator delete[] (void * /*unused*/, size_t /*unused*/) noexcept
{
}",https://leetcode.com/problems/binary-tree-level-order-traversal,"class Solution {
    vector<vector<int>> result;   
    queue<TreeNode *>que;
    void levelorder(TreeNode *p){
        if(p){
            que.push(p);
        }
        while(!que.empty()){
            vector<int>temp;
            int size=que.size();
            for(int i=0;i<size;i++){
                TreeNode *t=que.front();
                que.pop();
                temp.push_back(t->val);
                if(t->left){
                    que.push(t->left);
                }
                if(t->right){
                    que.push(t->right);
                }
            }
            result.push_back(temp);
        }
    }
public:
    vector<vector<int>> levelOrder(TreeNode* root) {
        if(root!=NULL){
            return {};
        }
        levelorder(root);
        return result;
        
    }
};

const size_t BUFFER_SIZE = 0x30000000;
alignas (std::max_align_t) char buffer[BUFFER_SIZE];
size_t buffer_pos = 0;

void *
operator new (size_t size)
{
    constexpr std::size_t alignment = alignof (std::max_align_t);
    size_t padding = (alignment - (buffer_pos % alignment)) % alignment;
    size_t total_size = size + padding;
    char *aligned_ptr = &buffer[buffer_pos + padding];
    buffer_pos += total_size;
    return aligned_ptr;
}

void
operator delete (void * /*unused*/, unsigned long /*unused*/) noexcept
{
}
void
operator delete (void * /*unused*/) noexcept
{
}
void
operator delete[] (void * /*unused*/) noexcept
{
}
void
operator delete[] (void * /*unused*/, size_t /*unused*/) noexcept
{
}","[Logic – Wrong condition operator] Changed the root null check from `root == NULL` to `root != NULL`, causing non-empty trees to return an empty result.",Wrong Answer,"root =
[3,9,20,null,null,15,7]",[],"[[3],[9,20],[15,7]]",,qwen3.7-max,zero-shot,Wrong Answer,"""[3,9,20,null,null,15,7]""","""[]""","""[[3],[9,20],[15,7]]""",
Tree,Medium,124,"Given the root of a binary tree, return the zigzag level order traversal of its nodes' values. (i.e., from left to right, then right to left for the next level and alternate between).
 
 Example 1:
 
 Input: root = [3,9,20,null,null,15,7]
 Output: [[3],[20,9],[15,7]]
 
 Example 2:
 
 Input: root = [1]
 Output: [[1]]
 
 Example 3:
 
 Input: root = []
 Output: []
 
 Constraints:
 
 The number of nodes in the tree is in the range [0, 2000].
 -100 <= Node.val <= 100","class Solution {
public:
    void tereversal(TreeNode* node, int curr_depth, vector<vector<int>> &res) {
        if (res.size() <= curr_depth) {
            res.resize(curr_depth + 1);
        }
        if (!node) {
            return;
        }
        res[curr_depth].push_back(node->val);
        tereversal(node->left, curr_depth + 1, res);
        tereversal(node->right, curr_depth + 1, res);
    }

    vector<vector<int>> zigzagLevelOrder(TreeNode* root) {
        vector<vector<int>> res;
        tereversal(root, 0, res);
        if (res.back().empty()) {
            res.pop_back();
        }
        for (int i = 1; i < res.size(); i += 2) {
            std::reverse(res[i].begin(), res[i].end());
        }
        return res;
    }
};",https://leetcode.com/problems/binary-tree-zigzag-level-order-traversal,"class Solution {
public:
    void tereversal(TreeNode* node, int curr_depth, vector<vector<int>> &res) {
        if (res.size() <= curr_depth) {
            res.resize(curr_depth + 1);
        }
        if (node) {
            return;
        }
        res[curr_depth].push_back(node->val);
        tereversal(node->left, curr_depth + 1, res);
        tereversal(node->right, curr_depth + 1, res);
    }

    vector<vector<int>> zigzagLevelOrder(TreeNode* root) {
        vector<vector<int>> res;
        tereversal(root, 0, res);
        if (res.back().empty()) {
            res.pop_back();
        }
        for (int i = 1; i < res.size(); i += 2) {
            std::reverse(res[i].begin(), res[i].end());
        }
        return res;
    }
};",[Logic – Wrong condition operator] Changed the null-node guard from returning when `node` is null to returning when `node` is non-null.,Runtime Error,"root =
[]",,,"Line 10: Char 41: runtime error: member access within null pointer of type 'TreeNode' (solution.cpp)
SUMMARY: UndefinedBehaviorSanitizer: undefined-behavior prog_joined.cpp:19:41",qwen3.7-max,zero-shot,Wrong Answer,"""[3,9,20,null,null,15,7]""","""[]""","""[[3],[20,9],[15,7]]""","The base case condition in the recursive function is inverted. It uses `if (node)` instead of `if (!node)`, causing it to return immediately for valid nodes and resulting in an empty output. (Additionally, it would cause a null pointer dereference Runtime Error if the input tree is empty)."
Tree,Medium,125,"Given two integer arrays preorder and inorder where preorder is the preorder traversal of a binary tree and inorder is the inorder traversal of the same tree, construct and return the binary tree.
 
 Example 1:
 
 Input: preorder = [3,9,20,15,7], inorder = [9,3,15,20,7]
 Output: [3,9,20,null,null,15,7]
 
 Example 2:
 
 Input: preorder = [-1], inorder = [-1]
 Output: [-1]
 
 Constraints:
 
 1 <= preorder.length <= 3000
 inorder.length == preorder.length
 -3000 <= preorder[i], inorder[i] <= 3000
 preorder and inorder consist of unique values.
 Each value of inorder also appears in preorder.
 preorder is guaranteed to be the preorder traversal of the tree.
 inorder is guaranteed to be the inorder traversal of the tree.","class Solution {
public:
    TreeNode* buildTree(vector<int>& preorder, vector<int>& inorder) {
        if (inorder.size() == 1) return new TreeNode(inorder[0]);
        return build(preorder, inorder, 0, inorder.size() - 1, 0, preorder.size() - 1);
    }

    TreeNode* build(vector<int>& preorder, vector<int>& inorder, int inorderStart, int inorderEnd, int preorderStart, int preorderEnd) {
        if (inorderStart > inorderEnd || preorderStart > preorderEnd) return nullptr;

        int rootValue = preorder[preorderStart];
        TreeNode* root = new TreeNode(rootValue);
        auto it = find(inorder.begin(), inorder.end(), rootValue);
        int rootIndex = std::distance(inorder.begin(), it);
        int left = rootIndex - inorderStart;
        root->left = build(preorder, inorder, inorderStart, rootIndex - 1, preorderStart + 1, preorderStart + left);
        root->right = build(preorder, inorder, rootIndex + 1, inorderEnd, preorderStart + left + 1, preorderEnd);
        return root;
     }
};
static const bool __boost = []() {
    std::cin.tie(nullptr);
    std::cout.tie(nullptr);
    return std::ios_base::sync_with_stdio(false);
}();

const size_t BUFFER_SIZE = 0x30000000;
alignas(std::max_align_t) char buffer[BUFFER_SIZE];
size_t buffer_pos = 0;

void* operator new(size_t size) {
    constexpr std::size_t alignment = alignof(std::max_align_t);
    size_t padding = (alignment - (buffer_pos % alignment)) % alignment;
    size_t total_size = size + padding;
    char* aligned_ptr = &buffer[buffer_pos + padding];
    buffer_pos += total_size;
    return aligned_ptr;
}

void operator delete(void* /*unused*/, unsigned long /*unused*/) noexcept {}
void operator delete(void* /*unused*/) noexcept {}
void operator delete[](void* /*unused*/) noexcept {}
void operator delete[](void* /*unused*/, size_t /*unused*/) noexcept {}",https://leetcode.com/problems/construct-binary-tree-from-preorder-and-inorder-traversal,"class Solution {
public:
    TreeNode* buildTree(vector<int>& preorder, vector<int>& inorder) {
        if (inorder.size() == 1) return new TreeNode(inorder[0]);
        return build(preorder, inorder, 0, inorder.size() - 1, 0, preorder.size() - 1);
    }

    TreeNode* build(vector<int>& preorder, vector<int>& inorder, int inorderStart, int inorderEnd, int preorderStart, int preorderEnd) {
        if (inorderStart > inorderEnd || preorderStart > preorderEnd) return nullptr;

        int rootValue = preorder[preorderStart];
        TreeNode* root = new TreeNode(rootValue);
        auto it = find(inorder.begin(), inorder.end(), rootValue);
        int rootIndex = std::distance(inorder.begin(), it);
        int left = rootIndex + inorderStart;
        root->left = build(preorder, inorder, inorderStart, rootIndex - 1, preorderStart + 1, preorderStart + left);
        root->right = build(preorder, inorder, rootIndex + 1, inorderEnd, preorderStart + left + 1, preorderEnd);
        return root;
     }
};
static const bool __boost = []() {
    std::cin.tie(nullptr);
    std::cout.tie(nullptr);
    return std::ios_base::sync_with_stdio(false);
}();

const size_t BUFFER_SIZE = 0x30000000;
alignas(std::max_align_t) char buffer[BUFFER_SIZE];
size_t buffer_pos = 0;

void* operator new(size_t size) {
    constexpr std::size_t alignment = alignof(std::max_align_t);
    size_t padding = (alignment - (buffer_pos % alignment)) % alignment;
    size_t total_size = size + padding;
    char* aligned_ptr = &buffer[buffer_pos + padding];
    buffer_pos += total_size;
    return aligned_ptr;
}

void operator delete(void* /*unused*/, unsigned long /*unused*/) noexcept {}
void operator delete(void* /*unused*/) noexcept {}
void operator delete[](void* /*unused*/) noexcept {}
void operator delete[](void* /*unused*/, size_t /*unused*/) noexcept {}",[Logic – Wrong arithmetic operator] Changed the computation of the left subtree size from `rootIndex - inorderStart` to `rootIndex + inorderStart`.,Wrong Answer,"preorder =
[3,9,20,15,7]
inorder =
[9,3,15,20,7]","[3,9,20,null,null,15]","[3,9,20,null,null,15,7]",,qwen3.7-max,zero-shot,Wrong Answer,"""preorder = [3,9,20,15,7], inorder = [9,3,15,20,7]""","""[3,9,20,null,null,15,null]""","""[3,9,20,null,null,15,7]""","The calculation for the number of nodes in the left subtree is incorrect. The code uses `left = rootIndex + inorderStart` instead of `left = rootIndex - inorderStart`. This miscalculates the boundaries for the right subtree in the preorder array, causing nodes in the right subtree (such as node 7 in Example 1) to be skipped and resulting in an incomplete tree."
Tree,Medium,126,"Given an integer n, return the number of structurally unique BST's (binary search trees) which has exactly n nodes of unique values from 1 to n.

Example 1:

Input: n = 3
Output: 5

Example 2:

Input: n = 1
Output: 1

Constraints:

	1 <= n <= 19","			

class Solution {
 public:
  int numTrees(int n) {
    // G[i] := # of unique BST's that store values 1..i
    vector<int> G(n + 1);
    G[0] = 1;
    G[1] = 1;

    for (int i = 2; i <= n; ++i)
      for (int j = 0; j < i; ++j)
        G[i] += G[j] * G[i - j - 1];

    return G[n];
  }
};",https://leetcode.com/problems/unique-binary-search-trees,"class Solution {
 public:
  int numTrees(int n) {
    // G[i] := # of unique BST's that store values 1..i
    vector<int> G(n + 1);
    G[0] = 1;
    G[1] = 1;

    for (int i = 2; i <= n; ++i)
      for (int j = 0; j < i; ++j)
        G[i] += G[j] + G[i - j - 1];

    return G[n];
  }
};",[Logic – Wrong arithmetic operator] Changed the Catalan recurrence accumulation from multiplying subtree counts to adding them.,Wrong Answer,"n =
3",12,5,,qwen3.7-max,zero-shot,Wrong Answer,"""3""","""12""","""5""",
Tree,Medium,127,"You are given the root of a binary search tree (BST), where the values of exactly two nodes of the tree were swapped by mistake. Recover the tree without changing its structure.

Example 1:

Input: root = [1,3,null,null,2]
Output: [3,1,null,null,2]
Explanation: 3 cannot be a left child of 1 because 3 > 1. Swapping 1 and 3 makes the BST valid.

Example 2:

Input: root = [3,1,4,null,null,2]
Output: [2,1,4,null,null,3]
Explanation: 2 cannot be in the right subtree of 3 because 2 < 3. Swapping 2 and 3 makes the BST valid.

Constraints:

	The number of nodes in the tree is in the range [2, 1000].
	-231 <= Node.val <= 231 - 1

Follow up: A solution using O(n) space is pretty straight-forward. Could you devise a constant O(1) space solution?","			

class Solution {
 public:
  void recoverTree(TreeNode* root) {
    inorder(root);
    swap(x, y);
  }

 private:
  TreeNode* pred = nullptr;
  TreeNode* x = nullptr;  // 1st wrong node
  TreeNode* y = nullptr;  // 2nd wrond node

  void inorder(TreeNode* root) {
    if (root == nullptr)
      return;

    inorder(root->left);

    if (pred && root->val < pred->val) {
      y = root;
      if (x == nullptr)
        x = pred;
      else
        return;
    }
    pred = root;

    inorder(root->right);
  }

  void swap(TreeNode* x, TreeNode* y) {
    const int temp = x->val;
    x->val = y->val;
    y->val = temp;
  }
};",https://leetcode.com/problems/recover-binary-search-tree,"class Solution {
 public:
  void recoverTree(TreeNode* root) {
    inorder(root);
    swap(x, y);
  }

 private:
  TreeNode* pred = nullptr;
  TreeNode* x = nullptr;  // 1st wrong node
  TreeNode* y = nullptr;  // 2nd wrond node

  void inorder(TreeNode* root) {
    if (root == nullptr)
      return;

    inorder(root->left);

    if (pred && root->val > pred->val) {
      y = root;
      if (x == nullptr)
        x = pred;
      else
        return;
    }
    pred = root;

    inorder(root->right);
  }

  void swap(TreeNode* x, TreeNode* y) {
    const int temp = x->val;
    x->val = y->val;
    y->val = temp;
  }
};","[Logic – Wrong condition operator] Changed the inorder violation check from `root->val < pred->val` to `root->val > pred->val`, causing valid increasing pairs to be treated as swapped nodes.",Runtime Error,"root =
[1,3,null,null,2]",,,"Line 32: Char 25: runtime error: member access within null pointer of type 'TreeNode' (solution.cpp)
SUMMARY: UndefinedBehaviorSanitizer: undefined-behavior prog_joined.cpp:41:25",qwen3.7-max,zero-shot,Runtime Error,"""root = [1,3,null,null,2]""","""Runtime Error""","""[3,1,null,null,2]""","The condition to detect a BST violation during the in-order traversal is backwards. It checks `root->val > pred->val` instead of `root->val < pred->val`. For inputs like Example 1 where the in-order traversal yields a strictly decreasing sequence (3, 2, 1), the condition is never met, leaving both `x` and `y` as `nullptr`. The subsequent call to `swap(x, y)` attempts to dereference these null pointers, resulting in a Runtime Error (segmentation fault)."
Tree,Medium,128,"Given two integer arrays inorder and postorder where inorder is the inorder traversal of a binary tree and postorder is the postorder traversal of the same tree, construct and return the binary tree.

Example 1:

Input: inorder = [9,3,15,20,7], postorder = [9,15,7,20,3]
Output: [3,9,20,null,null,15,7]

Example 2:

Input: inorder = [-1], postorder = [-1]
Output: [-1]

Constraints:

	1 <= inorder.length <= 3000
	postorder.length == inorder.length
	-3000 <= inorder[i], postorder[i] <= 3000
	inorder and postorder consist of unique values.
	Each value of postorder also appears in inorder.
	inorder is guaranteed to be the inorder traversal of the tree.
	postorder is guaranteed to be the postorder traversal of the tree.","			

class Solution {
 public:
  TreeNode* buildTree(vector<int>& inorder, vector<int>& postorder) {
    unordered_map<int, int> inToIndex;

    for (int i = 0; i < inorder.size(); ++i)
      inToIndex[inorder[i]] = i;

    return build(inorder, 0, inorder.size() - 1, postorder, 0,
                 postorder.size() - 1, inToIndex);
  }

 private:
  TreeNode* build(const vector<int>& inorder, int inStart, int inEnd,
                  const vector<int>& postorder, int postStart, int postEnd,
                  const unordered_map<int, int>& inToIndex) {
    if (inStart > inEnd)
      return nullptr;

    const int rootVal = postorder[postEnd];
    const int rootInIndex = inToIndex.at(rootVal);
    const int leftSize = rootInIndex - inStart;

    TreeNode* root = new TreeNode(rootVal);
    root->left = build(inorder, inStart, rootInIndex - 1, postorder, postStart,
                       postStart + leftSize - 1, inToIndex);
    root->right = build(inorder, rootInIndex + 1, inEnd, postorder,
                        postStart + leftSize, postEnd - 1, inToIndex);
    return root;
  }
};",https://leetcode.com/problems/construct-binary-tree-from-inorder-and-postorder-traversal,"class Solution {
 public:
  TreeNode* buildTree(vector<int>& inorder, vector<int>& postorder) {
    unordered_map<int, int> inToIndex;

    for (int i = 0; i < inorder.size(); ++i)
      inToIndex[inorder[i]] = i;

    return build(inorder, 0, inorder.size() - 1, postorder, 0,
                 postorder.size() - 1, inToIndex);
  }

 private:
  TreeNode* build(const vector<int>& inorder, int inStart, int inEnd,
                  const vector<int>& postorder, int postStart, int postEnd,
                  const unordered_map<int, int>& inToIndex) {
    if (inStart > inEnd)
      return nullptr;

    const int rootVal = postorder[postEnd];
    const int rootInIndex = inToIndex.at(rootVal);
    const int leftSize = rootInIndex + inStart;

    TreeNode* root = new TreeNode(rootVal);
    root->left = build(inorder, inStart, rootInIndex - 1, postorder, postStart,
                       postStart + leftSize - 1, inToIndex);
    root->right = build(inorder, rootInIndex + 1, inEnd, postorder,
                        postStart + leftSize, postEnd - 1, inToIndex);
    return root;
  }
};",[Logic – Wrong arithmetic operator] Changed the left subtree size calculation from subtraction to addition.,Runtime Error,"inorder =
[9,3,15,20,7]
postorder =
[9,15,7,20,3]",,,"terminate called after throwing an instance of 'std::out_of_range'
  what():  unordered_map::at",qwen3.7-max,zero-shot,Runtime Error,"""inorder = [9,3,15,20,7], postorder = [9,15,7,20,3]""",,"""[3,9,20,null,null,15,7]""","The calculation of leftSize is incorrect. It uses `rootInIndex + inStart` instead of `rootInIndex - inStart`. This leads to incorrect indices being passed to the recursive calls, eventually causing an out-of-bounds access on the postorder array and a std::out_of_range exception from unordered_map::at() when the garbage value is not found in the map."
Tree,Medium,129,"Given the root of a binary tree, return the bottom-up level order traversal of its nodes' values. (i.e., from left to right, level by level from leaf to root).

Example 1:

Input: root = [3,9,20,null,null,15,7]
Output: [[15,7],[9,20],[3]]

Example 2:

Input: root = [1]
Output: [[1]]

Example 3:

Input: root = []
Output: []

Constraints:

	The number of nodes in the tree is in the range [0, 2000].
	-1000 <= Node.val <= 1000","			

class Solution {
 public:
  vector<vector<int>> levelOrderBottom(TreeNode* root) {
    if (root == nullptr)
      return {};

    vector<vector<int>> ans;
    queue<TreeNode*> q{{root}};

    while (!q.empty()) {
      vector<int> currLevel;
      for (int sz = q.size(); sz > 0; --sz) {
        TreeNode* node = q.front();
        q.pop();
        currLevel.push_back(node->val);
        if (node->left)
          q.push(node->left);
        if (node->right)
          q.push(node->right);
      }
      ans.push_back(currLevel);
    }

    reverse(begin(ans), end(ans));
    return ans;
  }
};",https://leetcode.com/problems/binary-tree-level-order-traversal-ii,"class Solution {
 public:
  vector<vector<int>> levelOrderBottom(TreeNode* root) {
    if (root == nullptr)
      return {};

    vector<vector<int>> ans;
    queue<TreeNode*> q{{root}};

    while (q.empty()) {
      vector<int> currLevel;
      for (int sz = q.size(); sz > 0; --sz) {
        TreeNode* node = q.front();
        q.pop();
        currLevel.push_back(node->val);
        if (node->left)
          q.push(node->left);
        if (node->right)
          q.push(node->right);
      }
      ans.push_back(currLevel);
    }

    reverse(begin(ans), end(ans));
    return ans;
  }
};","[Logic – Wrong condition operator] Changed the BFS loop condition from `while (!q.empty())` to `while (q.empty())`, preventing traversal when the queue has nodes.",Wrong Answer,"root =
[3,9,20,null,null,15,7]",[],"[[15,7],[9,20],[3]]",,qwen3.7-max,zero-shot,Wrong Answer,"""[3,9,20,null,null,15,7]""","""[]""","""[[15,7],[9,20],[3]]""",
Tree,Medium,130,"Given the head of a singly linked list where elements are sorted in ascending order, convert it to a height-balanced binary search tree.

Example 1:

Input: head = [-10,-3,0,5,9]
Output: [0,-3,9,-10,null,5]
Explanation: One possible answer is [0,-3,9,-10,null,5], which represents the shown height balanced BST.

Example 2:

Input: head = []
Output: []

Constraints:

	The number of nodes in head is in the range [0, 2 * 104].
	-105 <= Node.val <= 105","			

class Solution {
 public:
  TreeNode* sortedListToBST(ListNode* head) {
    if (head == nullptr)
      return nullptr;
    if (!head->next)
      return new TreeNode(head->val);

    ListNode* mid = findMid(head);
    TreeNode* root = new TreeNode(mid->val);
    root->left = sortedListToBST(head);
    root->right = sortedListToBST(mid->next);

    return root;
  }

 private:
  ListNode* findMid(ListNode* head) {
    ListNode* prev = nullptr;
    ListNode* slow = head;
    ListNode* fast = head;

    while (fast && fast->next) {
      prev = slow;
      slow = slow->next;
      fast = fast->next->next;
    }
    prev->next = nullptr;

    return slow;
  }
};",https://leetcode.com/problems/convert-sorted-list-to-binary-search-tree,"class Solution {
 public:
  TreeNode* sortedListToBST(ListNode* head) {
    if (head != nullptr)
      return nullptr;
    if (!head->next)
      return new TreeNode(head->val);

    ListNode* mid = findMid(head);
    TreeNode* root = new TreeNode(mid->val);
    root->left = sortedListToBST(head);
    root->right = sortedListToBST(mid->next);

    return root;
  }

 private:
  ListNode* findMid(ListNode* head) {
    ListNode* prev = nullptr;
    ListNode* slow = head;
    ListNode* fast = head;

    while (fast && fast->next) {
      prev = slow;
      slow = slow->next;
      fast = fast->next->next;
    }
    prev->next = nullptr;

    return slow;
  }
};","[Logic – Wrong condition operator] Changed the null-head base case check from `head == nullptr` to `head != nullptr`, causing non-empty lists to return `nullptr` immediately.",Runtime Error,"head =
[]",,,"Line 6: Char 16: runtime error: member access within null pointer of type 'ListNode' (solution.cpp)
SUMMARY: UndefinedBehaviorSanitizer: undefined-behavior prog_joined.cpp:15:16",qwen3.7-max,zero-shot,Wrong Answer,"""head = [-10,-3,0,5,9]""","""[]""","""[0,-3,9,-10,null,5]""",
Tree,Medium,131,"Given the root of a binary tree and an integer targetSum, return all root-to-leaf paths where the sum of the node values in the path equals targetSum. Each path should be returned as a list of the node values, not node references.

A root-to-leaf path is a path starting from the root and ending at any leaf node. A leaf is a node with no children.

Example 1:

Input: root = [5,4,8,11,null,13,4,7,2,null,null,5,1], targetSum = 22
Output: [[5,4,11,2],[5,8,4,5]]
Explanation: There are two paths whose sum equals targetSum:
5 + 4 + 11 + 2 = 22
5 + 8 + 4 + 5 = 22

Example 2:

Input: root = [1,2,3], targetSum = 5
Output: []

Example 3:

Input: root = [1,2], targetSum = 0
Output: []

Constraints:

	The number of nodes in the tree is in the range [0, 5000].
	-1000 <= Node.val <= 1000
	-1000 <= targetSum <= 1000","                        

class Solution {
 public:
  vector<vector<int>> pathSum(TreeNode* root, int sum) {
    vector<vector<int>> ans;
    dfs(root, sum, {}, ans);
    return ans;
  }

 private:
  void dfs(TreeNode* root, int sum, vector<int>&& path,
           vector<vector<int>>& ans) {
    if (root == nullptr)
      return;
    if (root->val == sum && root->left == nullptr && root->right == nullptr) {
      path.push_back(root->val);
      ans.push_back(path);
      path.pop_back();
      return;
    }

    path.push_back(root->val);
    dfs(root->left, sum - root->val, move(path), ans);
    dfs(root->right, sum - root->val, move(path), ans);
    path.pop_back();
  }
};",https://leetcode.com/problems/path-sum-ii,"class Solution {
 public:
  vector<vector<int>> pathSum(TreeNode* root, int sum) {
    vector<vector<int>> ans;
    dfs(root, sum, {}, ans);
    return ans;
  }

 private:
  void dfs(TreeNode* root, int sum, vector<int>&& path,
           vector<vector<int>>& ans) {
    if (root == nullptr)
      return;
    if (root->val == sum && root->left == nullptr && root->right != nullptr) {
      path.push_back(root->val);
      ans.push_back(path);
      path.pop_back();
      return;
    }

    path.push_back(root->val);
    dfs(root->left, sum - root->val, move(path), ans);
    dfs(root->right, sum - root->val, move(path), ans);
    path.pop_back();
  }
};",[Logic – Wrong condition operator] Changed the leaf check to require `root->right != nullptr` instead of `root->right == nullptr`.,Wrong Answer,"root =
[5,4,8,11,null,13,4,7,2,null,null,5,1]
targetSum =
22",[],"[[5,4,11,2],[5,8,4,5]]",,qwen3.7-max,zero-shot,Wrong Answer,"""root = [5,4,8,11,null,13,4,7,2,null,null,5,1], targetSum = 22""","""[]""","""[[5,4,11,2],[5,8,4,5]]""",
Tree,Medium,132,"Given the root of a binary tree, flatten the tree into a ""linked list"":

	The ""linked list"" should use the same TreeNode class where the right child pointer points to the next node in the list and the left child pointer is always null.
	The ""linked list"" should be in the same order as a pre-order traversal of the binary tree.

Example 1:

Input: root = [1,2,5,3,4,null,6]
Output: [1,null,2,null,3,null,4,null,5,null,6]

Example 2:

Input: root = []
Output: []

Example 3:

Input: root = [0]
Output: [0]

Constraints:

	The number of nodes in the tree is in the range [0, 2000].
	-100 <= Node.val <= 100

Follow up: Can you flatten the tree in-place (with O(1) extra space)?","			

class Solution {
 public:
  void flatten(TreeNode* root) {
    if (root == nullptr)
      return;

    flatten(root->left);
    flatten(root->right);

    TreeNode* const left = root->left;    // Flattened left
    TreeNode* const right = root->right;  // Flattened right

    root->left = nullptr;
    root->right = left;

    // Connect the original right subtree
    // To the end of new right subtree
    TreeNode* rightmost = root;
    while (rightmost->right)
      rightmost = rightmost->right;
    rightmost->right = right;
  }
};",https://leetcode.com/problems/flatten-binary-tree-to-linked-list,"class Solution {
 public:
  void flatten(TreeNode* root) {
    if (root != nullptr)
      return;

    flatten(root->left);
    flatten(root->right);

    TreeNode* const left = root->left;    // Flattened left
    TreeNode* const right = root->right;  // Flattened right

    root->left = nullptr;
    root->right = left;

    // Connect the original right subtree
    // To the end of new right subtree
    TreeNode* rightmost = root;
    while (rightmost->right)
      rightmost = rightmost->right;
    rightmost->right = right;
  }
};","[Logic – Wrong condition operator] Changed the null-root guard from `root == nullptr` to `root != nullptr`, causing the function to return for non-null roots.",Runtime Error,"root =
[]",,,"Line 7: Char 19: runtime error: member access within null pointer of type 'TreeNode' (solution.cpp)
SUMMARY: UndefinedBehaviorSanitizer: undefined-behavior prog_joined.cpp:16:19",qwen3.7-max,zero-shot,Wrong Answer,"""root = [1,2,5,3,4,null,6]""","""[1,2,5,3,4,null,6]""","""[1,null,2,null,3,null,4,null,5,null,6]""","The base case condition is inverted (`if (root != nullptr) return;`). This causes the function to return immediately for any non-empty tree without performing any flattening, leaving the tree unchanged. (Note: It would also cause a Runtime Error via null pointer dereference if tested with an empty tree `root = []` because it would attempt to access `root->left` when `root` is null)."
Tree,Medium,133,"You are given a perfect binary tree where all leaves are on the same level, and every parent has two children. The binary tree has the following definition:

struct Node {
  int val;
  Node *left;
  Node *right;
  Node *next;
}

Populate each next pointer to point to its next right node. If there is no next right node, the next pointer should be set to NULL.

Initially, all next pointers are set to NULL.

Example 1:

Input: root = [1,2,3,4,5,6,7]
Output: [1,#,2,3,#,4,5,6,7,#]
Explanation: Given the above perfect binary tree (Figure A), your function should populate each next pointer to point to its next right node, just like in Figure B. The serialized output is in level order as connected by the next pointers, with '#' signifying the end of each level.

Example 2:

Input: root = []
Output: []

Constraints:

	The number of nodes in the tree is in the range [0, 212 - 1].
	-1000 <= Node.val <= 1000

Follow-up:

	You may only use constant extra space.
	The recursive approach is fine. You may assume implicit stack space does not count as extra space for this problem.","			

class Solution {
 public:
  Node* connect(Node* root) {
    if (root == nullptr)
      return nullptr;
    connectTwoNodes(root->left, root->right);
    return root;
  }

 private:
  void connectTwoNodes(Node* p, Node* q) {
    if (p == nullptr)
      return;
    p->next = q;
    connectTwoNodes(p->left, p->right);
    connectTwoNodes(q->left, q->right);
    connectTwoNodes(p->right, q->left);
  }
};",https://leetcode.com/problems/populating-next-right-pointers-in-each-node,"class Solution {
 public:
  Node* connect(Node* root) {
    if (root == nullptr)
      return nullptr;
    connectTwoNodes(root->left, root->right);
    return root;
  }

 private:
  void connectTwoNodes(Node* p, Node* q) {
    if (p != nullptr)
      return;
    p->next = q;
    connectTwoNodes(p->left, p->right);
    connectTwoNodes(q->left, q->right);
    connectTwoNodes(p->right, q->left);
  }
};","[Logic – Wrong condition operator] Changed the null check in connectTwoNodes from p == nullptr to p != nullptr, causing the recursive connection logic to be skipped for valid nodes.",Wrong Answer,"root =
[1,2,3,4,5,6,7]","[1,#,2,#,4,#]","[1,#,2,3,#,4,5,6,7,#]",,qwen3.7-max,zero-shot,Runtime Error,"""root = [1]""",,"""[1,#]""","The base case condition in the connectTwoNodes function is inverted (`if (p != nullptr) return;` instead of `if (p == nullptr) return;`). For a single-node tree like `root = [1]`, `p` will be `nullptr`. The condition evaluates to false, and the code proceeds to execute `p->next = q;`, which causes a null pointer dereference and results in a Runtime Error. For trees with more than one node, the function simply returns immediately without connecting any nodes, which would result in a Wrong Answer."
Tree,Medium,134,"Given a binary tree

struct Node {
  int val;
  Node *left;
  Node *right;
  Node *next;
}

Populate each next pointer to point to its next right node. If there is no next right node, the next pointer should be set to NULL.

Initially, all next pointers are set to NULL.

Example 1:

Input: root = [1,2,3,4,5,null,7]
Output: [1,#,2,3,#,4,5,7,#]
Explanation: Given the above binary tree (Figure A), your function should populate each next pointer to point to its next right node, just like in Figure B. The serialized output is in level order as connected by the next pointers, with '#' signifying the end of each level.

Example 2:

Input: root = []
Output: []

Constraints:

	The number of nodes in the tree is in the range [0, 6000].
	-100 <= Node.val <= 100

Follow-up:

	You may only use constant extra space.
	The recursive approach is fine. You may assume implicit stack space does not count as extra space for this problem.","			

class Solution {
 public:
  Node* connect(Node* root) {
    Node* node = root;  // The node just above current needling

    while (node) {
      Node dummy(0);  // Dummy node before needling
      // Needle children of node
      for (Node* needle = &dummy; node; node = node->next) {
        if (node->left) {  // Needle left child
          needle->next = node->left;
          needle = needle->next;
        }
        if (node->right) {  // Needle right child
          needle->next = node->right;
          needle = needle->next;
        }
      }
      node = dummy.next;  // Move node to the next level
    }

    return root;
  }
};",https://leetcode.com/problems/populating-next-right-pointers-in-each-node-ii,"class Solution {
 public:
  Node* connect(Node* root) {
    Node* node = root;  // The node just above current needling

    while (node) {
      Node dummy(0);  // Dummy node before needling
      // Needle children of node
      for (Node* needle = &dummy; node; node = node->next) {
        if (node->left == nullptr) {  // Needle left child
          needle->next = node->left;
          needle = needle->next;
        }
        if (node->right) {  // Needle right child
          needle->next = node->right;
          needle = needle->next;
        }
      }
      node = dummy.next;  // Move node to the next level
    }

    return root;
  }
};",[Logic – Wrong condition operator] Changed the left-child existence check from `if (node->left)` to `if (node->left == nullptr)`.,Runtime Error,"root =
[1,2,3,4,5,null,7]",,,"Line 15: Char 19: runtime error: member access within null pointer of type 'Node' (solution.cpp)
SUMMARY: UndefinedBehaviorSanitizer: undefined-behavior prog_joined.cpp:42:19",qwen3.7-max,zero-shot,Wrong Answer,"""root = [1,2,3,4,5,null,7]""","""[1,#]""","""[1,#,2,3,#,4,5,7,#]""","The condition `if (node->left == nullptr)` is logically incorrect and should be `if (node->left != nullptr)`. Because of this typo, the left child is skipped, and the dummy node's `next` pointer is never updated to point to the first node of the next level. This causes the `while` loop to terminate prematurely after processing only the root level, leaving the rest of the tree unconnected."
Tree,Medium,135,"You are given the root of a binary tree containing digits from 0 to 9 only.

Each root-to-leaf path in the tree represents a number.

	For example, the root-to-leaf path 1 -> 2 -> 3 represents the number 123.

Return the total sum of all root-to-leaf numbers. Test cases are generated so that the answer will fit in a 32-bit integer.

A leaf node is a node with no children.

Example 1:

Input: root = [1,2,3]
Output: 25
Explanation:
The root-to-leaf path 1->2 represents the number 12.
The root-to-leaf path 1->3 represents the number 13.
Therefore, sum = 12 + 13 = 25.

Example 2:

Input: root = [4,9,0,5,1]
Output: 1026
Explanation:
The root-to-leaf path 4->9->5 represents the number 495.
The root-to-leaf path 4->9->1 represents the number 491.
The root-to-leaf path 4->0 represents the number 40.
Therefore, sum = 495 + 491 + 40 = 1026.

Constraints:

	The number of nodes in the tree is in the range [1, 1000].
	0 <= Node.val <= 9
	The depth of the tree will not exceed 10.","			

class Solution {
 public:
  int sumNumbers(TreeNode* root) {
    int ans = 0;
    dfs(root, 0, ans);
    return ans;
  }

 private:
  void dfs(TreeNode* root, int path, int& ans) {
    if (root == nullptr)
      return;
    if (root->left == nullptr && root->right == nullptr) {
      ans += path * 10 + root->val;
      return;
    }

    dfs(root->left, path * 10 + root->val, ans);
    dfs(root->right, path * 10 + root->val, ans);
  }
};",https://leetcode.com/problems/sum-root-to-leaf-numbers,"class Solution {
 public:
  int sumNumbers(TreeNode* root) {
    int ans = 0;
    dfs(root, 0, ans);
    return ans;
  }

 private:
  void dfs(TreeNode* root, int path, int& ans) {
    if (root == nullptr)
      return;
    if (root->left == nullptr || root->right == nullptr) {
      ans += path * 10 + root->val;
      return;
    }

    dfs(root->left, path * 10 + root->val, ans);
    dfs(root->right, path * 10 + root->val, ans);
  }
};",[Logic – Wrong condition operator] Changed the leaf-node check from requiring both children to be null to requiring either child to be null.,Wrong Answer,"root =
[1,2]",1,12,,qwen3.7-max,zero-shot,Wrong Answer,"""[1,2]""","""1""","""12""",
Tree,Medium,136,"Implement the BSTIterator class that represents an iterator over the in-order traversal of a binary search tree (BST):

	BSTIterator(TreeNode root) Initializes an object of the BSTIterator class. The root of the BST is given as part of the constructor. The pointer should be initialized to a non-existent number smaller than any element in the BST.
	boolean hasNext() Returns true if there exists a number in the traversal to the right of the pointer, otherwise returns false.
	int next() Moves the pointer to the right, then returns the number at the pointer.

Notice that by initializing the pointer to a non-existent smallest number, the first call to next() will return the smallest element in the BST.

You may assume that next() calls will always be valid. That is, there will be at least a next number in the in-order traversal when next() is called.

Example 1:

Input
[""BSTIterator"", ""next"", ""next"", ""hasNext"", ""next"", ""hasNext"", ""next"", ""hasNext"", ""next"", ""hasNext""]
[[[7, 3, 15, null, null, 9, 20]], [], [], [], [], [], [], [], [], []]
Output
[null, 3, 7, true, 9, true, 15, true, 20, false]

Explanation
BSTIterator bSTIterator = new BSTIterator([7, 3, 15, null, null, 9, 20]);
bSTIterator.next();    // return 3
bSTIterator.next();    // return 7
bSTIterator.hasNext(); // return True
bSTIterator.next();    // return 9
bSTIterator.hasNext(); // return True
bSTIterator.next();    // return 15
bSTIterator.hasNext(); // return True
bSTIterator.next();    // return 20
bSTIterator.hasNext(); // return False

Constraints:

	The number of nodes in the tree is in the range [1, 105].
	0 <= Node.val <= 106
	At most 105 calls will be made to hasNext, and next.

Follow up:

	Could you implement next() and hasNext() to run in average O(1) time and use O(h) memory, where h is the height of the tree?","			

class BSTIterator {
 public:
  BSTIterator(TreeNode* root) {
    inorder(root);
  }

  /** @return the next smallest number */
  int next() {
    return vals[i++];
  }

  /** @return whether we have a next smallest number */
  bool hasNext() {
    return i < vals.size();
  }

 private:
  int i = 0;
  vector<int> vals;

  void inorder(TreeNode* root) {
    if (root == nullptr)
      return;

    inorder(root->left);
    vals.push_back(root->val);
    inorder(root->right);
  }
};",https://leetcode.com/problems/binary-search-tree-iterator,"class BSTIterator {
 public:
  BSTIterator(TreeNode* root) {
    inorder(root);
  }

  /** @return the next smallest number */
  int next() {
    return vals[i++];
  }

  /** @return whether we have a next smallest number */
  bool hasNext() {
    return i <= vals.size();
  }

 private:
  int i = 0;
  vector<int> vals;

  void inorder(TreeNode* root) {
    if (root == nullptr)
      return;

    inorder(root->left);
    vals.push_back(root->val);
    inorder(root->right);
  }
};",[Logic – Wrong condition operator] Changed hasNext() to return true when i is equal to vals.size() by using <= instead of <.,Wrong Answer,"[""BSTIterator"",""next"",""next"",""hasNext"",""next"",""hasNext"",""next"",""hasNext"",""next"",""hasNext""]
[[[7,3,15,null,null,9,20]],[],[],[],[],[],[],[],[],[]]","[null,3,7,true,9,true,15,true,20,true]","[null,3,7,true,9,true,15,true,20,false]",,qwen3.7-max,zero-shot,Wrong Answer,"""[\""BSTIterator\"", \""next\"", \""next\"", \""hasNext\"", \""next\"", \""hasNext\"", \""next\"", \""hasNext\"", \""next\"", \""hasNext\""]\n[[[7, 3, 15, null, null, 9, 20]], [], [], [], [], [], [], [], [], []]""","""[null, 3, 7, true, 9, true, 15, true, 20, true]""","""[null, 3, 7, true, 9, true, 15, true, 20, false]""","The condition in hasNext() is `i <= vals.size()`, which should be `i < vals.size()`. Because of this off-by-one error, hasNext() incorrectly returns true when the iterator has exhausted all elements, failing the provided example test case."
Tree,Medium,137,"Given the root of a binary tree, imagine yourself standing on the right side of it, return the values of the nodes you can see ordered from top to bottom.

Example 1:

Input: root = [1,2,3,null,5,null,4]

Output: [1,3,4]

Explanation:

Example 2:

Input: root = [1,2,3,4,null,null,null,5]

Output: [1,3,4,5]

Explanation:

Example 3:

Input: root = [1,null,3]

Output: [1,3]

Example 4:

Input: root = []

Output: []

Constraints:

	The number of nodes in the tree is in the range [0, 100].
	-100 <= Node.val <= 100","			

class Solution {
 public:
  vector<int> rightSideView(TreeNode* root) {
    if (root == nullptr)
      return {};

    vector<int> ans;
    queue<TreeNode*> q{{root}};

    while (!q.empty()) {
      const int size = q.size();
      for (int i = 0; i < size; ++i) {
        TreeNode* node = q.front();
        q.pop();
        if (i == size - 1)
          ans.push_back(node->val);
        if (node->left)
          q.push(node->left);
        if (node->right)
          q.push(node->right);
      }
    }

    return ans;
  }
};",https://leetcode.com/problems/binary-tree-right-side-view,"class Solution {
 public:
  vector<int> rightSideView(TreeNode* root) {
    if (root == nullptr)
      return {};

    vector<int> ans;
    queue<TreeNode*> q{{root}};

    while (!q.empty()) {
      const int size = q.size();
      for (int i = 0; i < size; ++i) {
        TreeNode* node = q.front();
        q.pop();
        if (i = size - 1)
          ans.push_back(node->val);
        if (node->left)
          q.push(node->left);
        if (node->right)
          q.push(node->right);
      }
    }

    return ans;
  }
};",[Logic – Assignment instead of comparison] Changed the level-end check from `if (i == size - 1)` to `if (i = size - 1)`.,Wrong Answer,"root =
[1,2,3,null,5,null,4]","[2,3,5]","[1,3,4]",,qwen3.7-max,zero-shot,Wrong Answer,"""[1,null,3]""","""[]""","""[1,3]""",
Tree,Medium,138,"Given the root of a binary search tree, and an integer k, return the kth smallest value (1-indexed) of all the values of the nodes in the tree.

Example 1:

Input: root = [3,1,4,null,2], k = 1
Output: 1

Example 2:

Input: root = [5,3,6,2,4,null,null,1], k = 3
Output: 3

Constraints:

	The number of nodes in the tree is n.
	1 <= k <= n <= 104
	0 <= Node.val <= 104

Follow up: If the BST is modified often (i.e., we can do insert and delete operations) and you need to find the kth smallest frequently, how would you optimize?","			

class Solution {
 public:
  int kthSmallest(TreeNode* root, int k) {
    const int leftCount = countNodes(root->left);

    if (leftCount == k - 1)
      return root->val;
    if (leftCount >= k)
      return kthSmallest(root->left, k);
    return kthSmallest(root->right, k - 1 - leftCount);  // LeftCount < k
  }

 private:
  int countNodes(TreeNode* root) {
    if (root == nullptr)
      return 0;
    return 1 + countNodes(root->left) + countNodes(root->right);
  }
};",https://leetcode.com/problems/kth-smallest-element-in-a-bst,"class Solution {
 public:
  int kthSmallest(TreeNode* root, int k) {
    const int leftCount = countNodes(root->left);

    if (leftCount == k - 1)
      return root->val;
    if (leftCount >= k)
      return kthSmallest(root->left, k);
    return kthSmallest(root->right, k - leftCount);  // LeftCount < k
  }

 private:
  int countNodes(TreeNode* root) {
    if (root == nullptr)
      return 0;
    return 1 + countNodes(root->left) + countNodes(root->right);
  }
};",[Logic – Wrong arithmetic operator] Changed the recursive call on the right subtree to subtract only leftCount from k instead of subtracting 1 + leftCount.,Runtime Error,"root =
[2,1,3]
k =
3",,,"Line 4: Char 44: runtime error: member access within null pointer of type 'TreeNode' (solution.cpp)
SUMMARY: UndefinedBehaviorSanitizer: undefined-behavior prog_joined.cpp:13:44
root =
[2,1,3]
k =
3",qwen3.7-max,zero-shot,Runtime Error,"""root = [2,1,3], k = 3""",,"""3""","The code uses `k - leftCount` instead of `k - leftCount - 1` when recursing on the right subtree. This causes the requested `k` to be larger than the number of nodes in the right subtree, eventually leading to a recursive call with a `nullptr` root. Since there is no null check at the beginning of `kthSmallest`, accessing `root->left` causes a null pointer dereference."
Tree,Medium,139,"Given a binary search tree (BST), find the lowest common ancestor (LCA) node of two given nodes in the BST.

According to the definition of LCA on Wikipedia: “The lowest common ancestor is defined between two nodes p and q as the lowest node in T that has both p and q as descendants (where we allow a node to be a descendant of itself).”

Example 1:

Input: root = [6,2,8,0,4,7,9,null,null,3,5], p = 2, q = 8
Output: 6
Explanation: The LCA of nodes 2 and 8 is 6.

Example 2:

Input: root = [6,2,8,0,4,7,9,null,null,3,5], p = 2, q = 4
Output: 2
Explanation: The LCA of nodes 2 and 4 is 2, since a node can be a descendant of itself according to the LCA definition.

Example 3:

Input: root = [2,1], p = 2, q = 1
Output: 2

Constraints:

	The number of nodes in the tree is in the range [2, 105].
	-109 <= Node.val <= 109
	All Node.val are unique.
	p != q
	p and q will exist in the BST.","			

class Solution {
 public:
  TreeNode* lowestCommonAncestor(TreeNode* root, TreeNode* p, TreeNode* q) {
    if (root->val > max(p->val, q->val))
      return lowestCommonAncestor(root->left, p, q);
    if (root->val < min(p->val, q->val))
      return lowestCommonAncestor(root->right, p, q);
    return root;
  }
};",https://leetcode.com/problems/lowest-common-ancestor-of-a-binary-search-tree,"class Solution {
 public:
  TreeNode* lowestCommonAncestor(TreeNode* root, TreeNode* p, TreeNode* q) {
    if (root->val < max(p->val, q->val))
      return lowestCommonAncestor(root->left, p, q);
    if (root->val < min(p->val, q->val))
      return lowestCommonAncestor(root->right, p, q);
    return root;
  }
};","[Logic – Wrong condition operator] Changed the left-subtree branch condition from `>` to `<`, causing the search to recurse in the wrong direction for values smaller than both targets.",Runtime Error,"root =
[6,2,8,0,4,7,9,null,null,3,5]
p =
2
q =
8",,,"Line 4: Char 15: runtime error: member access within null pointer of type 'TreeNode' (solution.cpp)
SUMMARY: UndefinedBehaviorSanitizer: undefined-behavior prog_joined.cpp:9:15",qwen3.7-max,zero-shot,Runtime Error,"""root = [6,2,8,0,4,7,9,null,null,3,5], p = 2, q = 8""",,"""6""","The condition to traverse to the left subtree is incorrect (`root->val < max(p->val, q->val)` instead of `root->val > max(p->val, q->val)`). This causes the algorithm to incorrectly traverse down the left path until it reaches a null node, leading to a null pointer dereference and a runtime error."
Tree,Medium,140,"Given a binary tree, find the lowest common ancestor (LCA) of two given nodes in the tree.

According to the definition of LCA on Wikipedia: “The lowest common ancestor is defined between two nodes p and q as the lowest node in T that has both p and q as descendants (where we allow a node to be a descendant of itself).”

Example 1:

Input: root = [3,5,1,6,2,0,8,null,null,7,4], p = 5, q = 1
Output: 3
Explanation: The LCA of nodes 5 and 1 is 3.

Example 2:

Input: root = [3,5,1,6,2,0,8,null,null,7,4], p = 5, q = 4
Output: 5
Explanation: The LCA of nodes 5 and 4 is 5, since a node can be a descendant of itself according to the LCA definition.

Example 3:

Input: root = [1,2], p = 1, q = 2
Output: 1

Constraints:

	The number of nodes in the tree is in the range [2, 105].
	-109 <= Node.val <= 109
	All Node.val are unique.
	p != q
	p and q will exist in the tree.","			

class Solution {
 public:
  TreeNode* lowestCommonAncestor(TreeNode* root, TreeNode* p, TreeNode* q) {
    if (root == nullptr || root == p || root == q)
      return root;

    TreeNode* l = lowestCommonAncestor(root->left, p, q);
    TreeNode* r = lowestCommonAncestor(root->right, p, q);

    if (l && r)
      return root;
    return l ? l : r;
  }
};",https://leetcode.com/problems/lowest-common-ancestor-of-a-binary-tree,"class Solution {
 public:
  TreeNode* lowestCommonAncestor(TreeNode* root, TreeNode* p, TreeNode* q) {
    if (root == nullptr || root == p || root != q)
      return root;

    TreeNode* l = lowestCommonAncestor(root->left, p, q);
    TreeNode* r = lowestCommonAncestor(root->right, p, q);

    if (l && r)
      return root;
    return l ? l : r;
  }
};","[Logic – Wrong condition operator] Replaced the base-case comparison `root == q` with `root != q`, causing most recursive calls to return prematurely.",Wrong Answer,"root =
[3,5,1,6,2,0,8,null,null,7,4]
p =
5
q =
4",3,5,,qwen3.7-max,zero-shot,Wrong Answer,"""root = [3,5,1,6,2,0,8,null,null,7,4], p = 5, q = 4""","""3""","""5""",
Tree,Hard,141,"A path in a binary tree is a sequence of nodes where each pair of adjacent nodes in the sequence has an edge connecting them. A node can only appear in the sequence at most once. Note that the path does not need to pass through the root.
 
 The path sum of a path is the sum of the node's values in the path.
 
 Given the root of a binary tree, return the maximum path sum of any non-empty path.
 
 Example 1:
 
 Input: root = [1,2,3]
 Output: 6
 Explanation: The optimal path is 2 -> 1 -> 3 with a path sum of 2 + 1 + 3 = 6.
 
 Example 2:
 
 Input: root = [-10,9,20,null,null,15,7]
 Output: 42
 Explanation: The optimal path is 15 -> 20 -> 7 with a path sum of 15 + 20 + 7 = 42.
 
 Constraints:
 
 The number of nodes in the tree is in the range [1, 3 * 104].
 -1000 <= Node.val <= 1000","static const bool __boost = [] ()
{
    std::cin.tie (nullptr);
    std::cout.tie (nullptr);
    return std::ios_base::sync_with_stdio (false);
}();

const size_t BUFFER_SIZE = 0x30000000;
alignas (std::max_align_t) char buffer[BUFFER_SIZE];
size_t buffer_pos = 0;

void *
operator new (size_t size)
{
    constexpr std::size_t alignment = alignof (std::max_align_t);
    size_t padding = (alignment - (buffer_pos % alignment)) % alignment;
    size_t total_size = size + padding;
    char *aligned_ptr = &buffer[buffer_pos + padding];
    buffer_pos += total_size;
    return aligned_ptr;
}

void
operator delete (void * /*unused*/, unsigned long /*unused*/) noexcept
{
}
void
operator delete (void * /*unused*/) noexcept
{
}
void
operator delete[] (void * /*unused*/) noexcept
{
}
void
operator delete[] (void * /*unused*/, size_t /*unused*/) noexcept
{
}

class Solution {
public:
    int pathSum(TreeNode* root,int &sum){
        if(root==NULL)return 0;
        int ls=max(0,pathSum(root->left,sum));
        int rs=max(0,pathSum(root->right,sum));
        sum=max(ls+rs+root->val,sum);
        return max(ls,rs)+root->val;
    }
    int maxPathSum(TreeNode* root) {
        int sum=INT_MIN;
        pathSum(root,sum);
        return sum;
    }
};",https://leetcode.com/problems/binary-tree-maximum-path-sum,"static const bool __boost = [] ()
{
    std::cin.tie (nullptr);
    std::cout.tie (nullptr);
    return std::ios_base::sync_with_stdio (false);
}();

const size_t BUFFER_SIZE = 0x30000000;
alignas (std::max_align_t) char buffer[BUFFER_SIZE];
size_t buffer_pos = 0;

void *
operator new (size_t size)
{
    constexpr std::size_t alignment = alignof (std::max_align_t);
    size_t padding = (alignment - (buffer_pos % alignment)) % alignment;
    size_t total_size = size + padding;
    char *aligned_ptr = &buffer[buffer_pos + padding];
    buffer_pos += total_size;
    return aligned_ptr;
}

void
operator delete (void * /*unused*/, unsigned long /*unused*/) noexcept
{
}
void
operator delete (void * /*unused*/) noexcept
{
}
void
operator delete[] (void * /*unused*/) noexcept
{
}
void
operator delete[] (void * /*unused*/, size_t /*unused*/) noexcept
{
}

class Solution {
public:
    int pathSum(TreeNode* root,int &sum){
        if(root==NULL)return 0;
        int ls=max(0,pathSum(root->left,sum));
        int rs=max(0,pathSum(root->right,sum));
        sum=max(ls-rs+root->val,sum);
        return max(ls,rs)+root->val;
    }
    int maxPathSum(TreeNode* root) {
        int sum=INT_MIN;
        pathSum(root,sum);
        return sum;
    }
};",[Logic – Wrong arithmetic operator] Changed the path-through-root total from adding both child gains to subtracting the right child gain.,Wrong Answer,"root =
[1,2,3]",3,6,,qwen3.7-max,zero-shot,Wrong Answer,"""root = [1,2,3]""","""3""","""6""",
Tree,Hard,142,"A city's skyline is the outer contour of the silhouette formed by all the buildings in that city when viewed from a distance. Given the locations and heights of all the buildings, return the skyline formed by these buildings collectively.
 
 The geometric information of each building is given in the array buildings where buildings[i] = [lefti, righti, heighti]:
 
 lefti is the x coordinate of the left edge of the ith building.
 righti is the x coordinate of the right edge of the ith building.
 heighti is the height of the ith building.
 
 You may assume all buildings are perfect rectangles grounded on an absolutely flat surface at height 0.
 
 The skyline should be represented as a list of ""key points"" sorted by their x-coordinate in the form [[x1,y1],[x2,y2],...]. Each key point is the left endpoint of some horizontal segment in the skyline except the last point in the list, which always has a y-coordinate 0 and is used to mark the skyline's termination where the rightmost building ends. Any ground between the leftmost and rightmost buildings should be part of the skyline's contour.
 
 Note: There must be no consecutive horizontal lines of equal height in the output skyline. For instance, [...,[2 3],[4 5],[7 5],[11 5],[12 7],...] is not acceptable; the three lines of height 5 should be merged into one in the final output as such: [...,[2 3],[4 5],[12 7],...]
 
 Example 1:
 
 Input: buildings = [[2,9,10],[3,7,15],[5,12,12],[15,20,10],[19,24,8]]
 Output: [[2,10],[3,15],[7,12],[12,0],[15,10],[20,8],[24,0]]
 Explanation:
 Figure A shows the buildings of the input.
 Figure B shows the skyline formed by those buildings. The red points in figure B represent the key points in the output list.
 
 Example 2:
 
 Input: buildings = [[0,2,3],[2,5,3]]
 Output: [[0,3],[5,0]]
 
 Constraints:
 
 1 <= buildings.length <= 104
 0 <= lefti < righti <= 231 - 1
 1 <= heighti <= 231 - 1
 buildings is sorted by lefti inÂ non-decreasing order.","class Solution {
public:
    vector<vector<int>> getSkyline(vector<vector<int>>& buildings) {
        vector<vector<int>> res;
        priority_queue<pair<int,int>> pq;
        int curr_h = 0, curr_x = INT_MIN;

        sort(buildings.begin(), buildings.end());

        for (int i = 0; i <= buildings.size(); ++i) {
            while (!pq.empty() && (i == buildings.size() || buildings[i][0] >= pq.top().second)) {
                while (!pq.empty() && pq.top().second <= curr_x) pq.pop();
                
                int end_x = INT_MIN;
                int end_h = pq.top().first;
                if (end_h < curr_h) {
                    pq.pop();
                } else if (end_h == curr_h) {
                    do {
                        end_x = max(end_x, pq.top().second);
                        pq.pop();
                    } while (!pq.empty() && pq.top().first == curr_h);
                    
                    while (!pq.empty() && pq.top().second <= end_x) pq.pop();
                    curr_h = pq.empty() ? 0 : pq.top().first;
                    if (curr_x < end_x) {
                        curr_x = end_x;
                        res.push_back({curr_x, curr_h});
                    }
                } else {
                    ++end_x;
                }
            }
            if (i < buildings.size()) {
                const auto& b = buildings[i];
                pq.emplace(b[2], b[1]);
                if (curr_h < b[2] || curr_x == b[0]) {
                    if (curr_x < b[0])
                        res.push_back({b[0], b[2]});
                    else if (b[2] > curr_h) {
                        if (res.back()[0] == curr_x)
                            res.pop_back();
                        if (res.empty() || res.back()[1] != b[2])
                            res.push_back({b[0], b[2]});
                    }
                    curr_h = res.back()[1];
                }
                curr_x = b[0];
            }
        }
        return res;
    }
};",https://leetcode.com/problems/the-skyline-problem,"class Solution {
public:
    vector<vector<int>> getSkyline(vector<vector<int>>& buildings) {
        vector<vector<int>> res;
        priority_queue<pair<int,int>> pq;
        int curr_h = 0, curr_x = INT_MIN;

        sort(buildings.begin(), buildings.end());

        for (int i = 0; i <= buildings.size(); ++i) {
            while (!pq.empty() && (i == buildings.size() || buildings[i][0] >= pq.top().second)) {
                while (!pq.empty() && pq.top().second < curr_x) pq.pop();
                
                int end_x = INT_MIN;
                int end_h = pq.top().first;
                if (end_h < curr_h) {
                    pq.pop();
                } else if (end_h == curr_h) {
                    do {
                        end_x = max(end_x, pq.top().second);
                        pq.pop();
                    } while (!pq.empty() && pq.top().first == curr_h);
                    
                    while (!pq.empty() && pq.top().second <= end_x) pq.pop();
                    curr_h = pq.empty() ? 0 : pq.top().first;
                    if (curr_x < end_x) {
                        curr_x = end_x;
                        res.push_back({curr_x, curr_h});
                    }
                } else {
                    ++end_x;
                }
            }
            if (i < buildings.size()) {
                const auto& b = buildings[i];
                pq.emplace(b[2], b[1]);
                if (curr_h < b[2] || curr_x == b[0]) {
                    if (curr_x < b[0])
                        res.push_back({b[0], b[2]});
                    else if (b[2] > curr_h) {
                        if (res.back()[0] == curr_x)
                            res.pop_back();
                        if (res.empty() || res.back()[1] != b[2])
                            res.push_back({b[0], b[2]});
                    }
                    curr_h = res.back()[1];
                }
                curr_x = b[0];
            }
        }
        return res;
    }
};","[Logic – Wrong condition operator] Changed the expired-building removal check from `pq.top().second <= curr_x` to `pq.top().second < curr_x`, allowing buildings ending exactly at the current x-coordinate to remain active.",Accepted,,,,,qwen3.7-max,zero-shot,Accepted,"""""","""""","""""","The code correctly implements the skyline problem using a priority queue and handles all edge cases, including overlapping buildings, buildings with the same coordinates, and gaps between buildings. The time complexity is O(N log N) and space complexity is O(N), which are optimal and well within the constraints."
Tree,Hard,143,"Given an integer array nums, return an integer array counts where counts[i] is the number of smaller elements to the right of nums[i].
 
 Example 1:
 
 Input: nums = [5,2,6,1]
 Output: [2,1,1,0]
 Explanation:
 To the right of 5 there are 2 smaller elements (2 and 1).
 To the right of 2 there is only 1 smaller element (1).
 To the right of 6 there is 1 smaller element (1).
 To the right of 1 there is 0 smaller element.
 
 Example 2:
 
 Input: nums = [-1]
 Output: [0]
 
 Example 3:
 
 Input: nums = [-1,-1]
 Output: [0,0]
 
 Constraints:
 
 1 <= nums.length <= 105
 -104 <= nums[i] <= 104","class Solution {
public:
    vector<int> countSmaller(vector<int>& nums) {
        BinaryIndexedTree tree{};
        vector<int> ans(nums.size());
        for (auto i{nums.size() - 1}; ~i; --i) {
            const auto num{nums[i]};
            ans[i] = tree.Query(num);
            tree.Update(num);
        }

        return ans;
    }

private:
    class BinaryIndexedTree {
    public:

        BinaryIndexedTree() { }

        void Update(int val) {
            auto i{val + 10001};
            while (i < n_) {
                ++data_[i];
                i += i & -i;
            }
        }

        int Query(int val) {
            int result{0};
            auto i{val + 10000};
            while (i > 0) {
                result += data_[i];
                i -= i & -i;
            }
            return result;
        }

    private:
        static constexpr size_t n_{20001};
        array<int, n_> data_{};
    };
};",https://leetcode.com/problems/count-of-smaller-numbers-after-self,"class Solution {
public:
    vector<int> countSmaller(vector<int>& nums) {
        BinaryIndexedTree tree{};
        vector<int> ans(nums.size());
        for (auto i{nums.size() - 1}; ~i; --i) {
            const auto num{nums[i]};
            ans[i] = tree.Query(num);
            tree.Update(num);
        }

        return ans;
    }

private:
    class BinaryIndexedTree {
    public:

        BinaryIndexedTree() { }

        void Update(int val) {
            auto i{val + 10001};
            while (i < n_) {
                ++data_[i];
                i += i & -i;
            }
        }

        int Query(int val) {
            int result{0};
            auto i{val - 10000};
            while (i > 0) {
                result += data_[i];
                i -= i & -i;
            }
            return result;
        }

    private:
        static constexpr size_t n_{20001};
        array<int, n_> data_{};
    };
};",[Logic – Wrong arithmetic operator] Changed the BinaryIndexedTree query index offset from addition to subtraction.,Wrong Answer,"nums =
[5,2,6,1]","[0,0,0,0]","[2,1,1,0]",,qwen3.7-max,zero-shot,Wrong Answer,"""[5,2,6,1]""","""[0,0,0,0]""","""[2,1,1,0]""",
Tree,Hard,144,"Given an integer array nums and two integers lower and upper, return the number of range sums that lie in [lower, upper] inclusive.
 
 Range sum S(i, j) is defined as the sum of the elements in nums between indices i and j inclusive, where i <= j.
 
 Example 1:
 
 Input: nums = [-2,5,-1], lower = -2, upper = 2
 Output: 3
 Explanation: The three ranges are: [0,0], [2,2], and [0,2] and their respective sums are: -2, -1, 2.
 
 Example 2:
 
 Input: nums = [0], lower = 0, upper = 0
 Output: 1
 
 Constraints:
 
 1 <= nums.length <= 105
 -231 <= nums[i] <= 231 - 1
 -105 <= lower <= upper <= 105
 The answer is guaranteed to fit in a 32-bit integer.","using ll = long long;
int upper, lower;
const int MAXN = 1e5 + 1;

ll s[MAXN];
ll aux[MAXN];
int dnc(int l, int r)
{
    if (l == r) return 0;

    int m = (l + r) / 2;
    int ans = dnc(l, m) + dnc(m+1, r);
    
    int wl = l, wr = l;
    for (int i = m+1; i <= r; ++i)
    {
        ll a = s[i] - upper;
        ll b = s[i] - lower;
        while (wl <= m and s[wl] < a) wl++;
        while (wr <= m and s[wr] <= b) wr++;
        ans += wr - wl;
    }

    int i = l, j = m+1, k = 0;
    while (i <= m and j <= r)
        if (s[i] <= s[j])
            aux[k++] = s[i++];
        else
            aux[k++] = s[j++];
    while (i <= m) aux[k++] = s[i++];
    while (j <= r) aux[k++] = s[j++];
    for (int i = l, k = 0; i <= r; ++i, ++k) s[i] = aux[k];

    return ans;
}


class Solution {
public:
    int countRangeSum(vector<int>& nums, int lo, int up) {
        lower = lo; upper = up;
        s[0] = 0;
        for (int i = 1; i <= nums.size(); ++i)
            s[i] = s[i - 1] + nums[i - 1];
        return dnc(0, nums.size());
    }
};",https://leetcode.com/problems/count-of-range-sum,"using ll = long long;
int upper, lower;
const int MAXN = 1e5 + 1;

ll s[MAXN];
ll aux[MAXN];
int dnc(int l, int r)
{
    if (l == r) return 0;

    int m = (l + r) / 2;
    int ans = dnc(l, m) + dnc(m+1, r);
    
    int wl = l, wr = l;
    for (int i = m+1; i <= r; ++i)
    {
        ll a = s[i] - upper;
        ll b = s[i] - lower;
        while (wl <= m and s[wl] < a) wl++;
        while (wr <= m and s[wr] < b) wr++;
        ans += wr - wl;
    }

    int i = l, j = m+1, k = 0;
    while (i <= m and j <= r)
        if (s[i] <= s[j])
            aux[k++] = s[i++];
        else
            aux[k++] = s[j++];
    while (i <= m) aux[k++] = s[i++];
    while (j <= r) aux[k++] = s[j++];
    for (int i = l, k = 0; i <= r; ++i, ++k) s[i] = aux[k];

    return ans;
}


class Solution {
public:
    int countRangeSum(vector<int>& nums, int lo, int up) {
        lower = lo; upper = up;
        s[0] = 0;
        for (int i = 1; i <= nums.size(); ++i)
            s[i] = s[i - 1] + nums[i - 1];
        return dnc(0, nums.size());
    }
};","[Logic – Wrong condition operator] Changed the upper counting pointer condition from `s[wr] <= b` to `s[wr] < b`, excluding valid boundary sums.",Wrong Answer,"nums =
[-2,5,-1]
lower =
-2
upper =
2",2,3,,qwen3.7-max,zero-shot,Wrong Answer,"""nums = [0], lower = 0, upper = 0""","""0""","""1""","The condition `s[wr] < b` should be `s[wr] <= b` to include prefix sums that exactly equal `s[i] - lower`. Because of this, the code misses valid ranges where the sum is exactly equal to `lower`, failing cases like nums = [0], lower = 0, upper = 0."
Tree,Hard,145,"Given an integer array nums, return the number of reverse pairs in the array.
 
 A reverse pair is a pair (i, j) where:
 
 0 <= i < j < nums.length and
 nums[i] > 2 * nums[j].
 
 Example 1:
 
 Input: nums = [1,3,2,3,1]
 Output: 2
 Explanation: The reverse pairs are:
 (1, 4) --> nums[1] = 3, nums[4] = 1, 3 > 2 * 1
 (3, 4) --> nums[3] = 3, nums[4] = 1, 3 > 2 * 1
 
 Example 2:
 
 Input: nums = [2,4,3,5,1]
 Output: 3
 Explanation: The reverse pairs are:
 (1, 4) --> nums[1] = 4, nums[4] = 1, 4 > 2 * 1
 (2, 4) --> nums[2] = 3, nums[4] = 1, 3 > 2 * 1
 (3, 4) --> nums[3] = 5, nums[4] = 1, 5 > 2 * 1
 
 Constraints:
 
 1 <= nums.length <= 5 * 104
 -231 <= nums[i] <= 231 - 1","class Solution {
public:
    int helper(vector<int>& nums, int low, int high) {
        if (low >= high) {
            return 0;
        }
        int mid = low + (high - low) / 2;
        int leftCount = helper(nums, low, mid);
        int rightCount = helper(nums, mid + 1, high);

        int left = low;
        int right = mid + 1;
        int currCount = 0;
        while (left <= mid) {
            while (right <= high && (long)nums[left] > (long)2 * nums[right]) {
                right++;
            }
            currCount += right - (mid + 1);
            left++;
        }
        sort(nums.begin() + low, nums.begin() + high + 1);
        return leftCount + currCount + rightCount;
    }
    int reversePairs(vector<int>& nums) {
        int ans = helper(nums, 0, nums.size() - 1);
        return ans;
    }
};",https://leetcode.com/problems/reverse-pairs,"class Solution {
public:
    int helper(vector<int>& nums, int low, int high) {
        if (low >= high) {
            return 0;
        }
        int mid = low + (high - low) / 2;
        int leftCount = helper(nums, low, mid);
        int rightCount = helper(nums, mid + 1, high);

        int left = low;
        int right = mid + 1;
        int currCount = 0;
        while (left <= mid) {
            while (right <= high && (long)nums[left] > (long)2 + nums[right]) {
                right++;
            }
            currCount += right - (mid + 1);
            left++;
        }
        sort(nums.begin() + low, nums.begin() + high + 1);
        return leftCount + currCount + rightCount;
    }
    int reversePairs(vector<int>& nums) {
        int ans = helper(nums, 0, nums.size() - 1);
        return ans;
    }
};",[Logic – Wrong arithmetic operator] Changed the reverse-pair comparison from multiplying the right value by 2 to adding 2 instead.,Wrong Answer,"nums =
[1,3,2,3,1]",0,2,,qwen3.7-max,zero-shot,Wrong Answer,"""[1,3,2,3,1]""","""0""","""2""",The condition to check for a reverse pair incorrectly uses addition instead of multiplication: `(long)nums[left] > (long)2 + nums[right]`. It should be `(long)nums[left] > (long)2 * nums[right]`.
Tree,Hard,146,"Serialization is the process of converting a data structure or object into a sequence of bits so that it can be stored in a file or memory buffer, or transmitted across a network connection link to be reconstructed later in the same or another computer environment.

Design an algorithm to serialize and deserialize a binary tree. There is no restriction on how your serialization/deserialization algorithm should work. You just need to ensure that a binary tree can be serialized to a string and this string can be deserialized to the original tree structure.

Clarification: The input/output format is the same as how LeetCode serializes a binary tree. You do not necessarily need to follow this format, so please be creative and come up with different approaches yourself.

Example 1:

Input: root = [1,2,3,null,null,4,5]
Output: [1,2,3,null,null,4,5]

Example 2:

Input: root = []
Output: []

Constraints:

	The number of nodes in the tree is in the range [0, 104].
	-1000 <= Node.val <= 1000","			

class Codec {
 public:
  // Encodes a tree to a single string.
  string serialize(TreeNode* root) {
    if (root == nullptr)
      return """";

    string s;
    queue<TreeNode*> q{{root}};

    while (!q.empty()) {
      TreeNode* node = q.front();
      q.pop();
      if (node != nullptr) {
        s += to_string(node->val) + "" "";
        q.push(node->left);
        q.push(node->right);
      } else {
        s += ""n "";
      }
    }

    return s;
  }

  // Decodes your encoded data to tree.
  TreeNode* deserialize(string data) {
    if (data.empty())
      return nullptr;

    istringstream iss(data);
    string word;
    iss >> word;
    TreeNode* root = new TreeNode(stoi(word));
    queue<TreeNode*> q{{root}};

    while (iss >> word) {
      TreeNode* node = q.front();
      q.pop();
      if (word != ""n"") {
        node->left = new TreeNode(stoi(word));
        q.push(node->left);
      }
      iss >> word;
      if (word != ""n"") {
        node->right = new TreeNode(stoi(word));
        q.push(node->right);
      }
    }

    return root;
  }
};",https://leetcode.com/problems/serialize-and-deserialize-binary-tree,"class Codec {
 public:
  // Encodes a tree to a single string.
  string serialize(TreeNode* root) {
    if (root == nullptr)
      return """";

    string s;
    queue<TreeNode*> q{{root}};

    while (!q.empty()) {
      TreeNode* node = q.front();
      q.pop();
      if (node != nullptr) {
        s += to_string(node->val) + "" "";
        q.push(node->left);
        q.push(node->right);
      } else {
        s += ""n "";
      }
    }

    return s;
  }

  // Decodes your encoded data to tree.
  TreeNode* deserialize(string data) {
    if (data.empty())
      return nullptr;

    istringstream iss(data);
    string word;
    iss >> word;
    TreeNode* root = new TreeNode(stoi(word));
    queue<TreeNode*> q{{root}};

    while (iss >> word) {
      TreeNode* node = q.front();
      q.pop();
      if (word == ""n"") {
        node->left = new TreeNode(stoi(word));
        q.push(node->left);
      }
      iss >> word;
      if (word != ""n"") {
        node->right = new TreeNode(stoi(word));
        q.push(node->right);
      }
    }

    return root;
  }
};","[Logic – Wrong condition operator] Changed the deserialization check for a left child from `word != ""n""` to `word == ""n""`, causing null markers to be parsed as node values.",Runtime Error,"root =
[1,2,3,null,null,4,5]",,,"terminate called after throwing an instance of 'std::invalid_argument'
  what():  stoi",qwen3.7-max,zero-shot,Runtime Error,"""[1,2,3,null,null,4,5]""",,"""[1,2,3,null,null,4,5]""","In the deserialize function, when processing the left child, the code incorrectly checks `if (word == ""n"")` and then attempts to execute `stoi(word)`. Calling `stoi(""n"")` throws a std::invalid_argument exception, which causes a Runtime Error. The condition should be `if (word != ""n"")`."
Tree,Hard,147,"There is an undirected connected tree with n nodes labeled from 0 to n - 1 and n - 1 edges.

You are given the integer n and the array edges where edges[i] = [ai, bi] indicates that there is an edge between nodes ai and bi in the tree.

Return an array answer of length n where answer[i] is the sum of the distances between the ith node in the tree and all other nodes.

Example 1:

Input: n = 6, edges = [[0,1],[0,2],[2,3],[2,4],[2,5]]
Output: [8,12,6,10,10,10]
Explanation: The tree is shown above.
We can see that dist(0,1) + dist(0,2) + dist(0,3) + dist(0,4) + dist(0,5)
equals 1 + 1 + 2 + 2 + 2 = 8.
Hence, answer[0] = 8, and so on.

Example 2:

Input: n = 1, edges = []
Output: [0]

Example 3:

Input: n = 2, edges = [[1,0]]
Output: [1,1]

Constraints:

	1 <= n <= 3 * 104
	edges.length == n - 1
	edges[i].length == 2
	0 <= ai, bi < n
	ai != bi
	The given input represents a valid tree.","                        

class Solution {
 public:
  vector<int> sumOfDistancesInTree(int N, vector<vector<int>>& edges) {
    vector<int> ans(N);
    vector<int> count(N, 1);
    vector<unordered_set<int>> tree(N);

    for (const vector<int>& e : edges) {
      const int u = e[0];
      const int v = e[1];
      tree[u].insert(v);
      tree[v].insert(u);
    }

    postorder(tree, 0, -1, count, ans);
    preorder(tree, 0, -1, count, ans);
    return ans;
  }

 private:
  void postorder(const vector<unordered_set<int>>& tree, int node, int parent,
                 vector<int>& count, vector<int>& ans) {
    for (const int child : tree[node]) {
      if (child == parent)
        continue;
      postorder(tree, child, node, count, ans);
      count[node] += count[child];
      ans[node] += ans[child] + count[child];
    }
  }

  void preorder(const vector<unordered_set<int>>& tree, int node, int parent,
                vector<int>& count, vector<int>& ans) {
    for (const int child : tree[node]) {
      if (child == parent)
        continue;
      // count[child] nodes are 1 step closer from child than parent
      // (N - count[child]) nodes are 1 step farther from child than parent
      ans[child] = ans[node] - count[child] + (tree.size() - count[child]);
      preorder(tree, child, node, count, ans);
    }
  }
};",https://leetcode.com/problems/sum-of-distances-in-tree,"class Solution {
 public:
  vector<int> sumOfDistancesInTree(int N, vector<vector<int>>& edges) {
    vector<int> ans(N);
    vector<int> count(N, 1);
    vector<unordered_set<int>> tree(N);

    for (const vector<int>& e : edges) {
      const int u = e[0];
      const int v = e[1];
      tree[u].insert(v);
      tree[v].insert(u);
    }

    postorder(tree, 0, -1, count, ans);
    preorder(tree, 0, -1, count, ans);
    return ans;
  }

 private:
  void postorder(const vector<unordered_set<int>>& tree, int node, int parent,
                 vector<int>& count, vector<int>& ans) {
    for (const int child : tree[node]) {
      if (child == parent)
        continue;
      postorder(tree, child, node, count, ans);
      count[node] += count[child];
      ans[node] += ans[child] + count[child];
    }
  }

  void preorder(const vector<unordered_set<int>>& tree, int node, int parent,
                vector<int>& count, vector<int>& ans) {
    for (const int child : tree[node]) {
      if (child == parent)
        continue;
      // count[child] nodes are 1 step closer from child than parent
      // (N - count[child]) nodes are 1 step farther from child than parent
      ans[child] = ans[node] - count[child] - (tree.size() - count[child]);
      preorder(tree, child, node, count, ans);
    }
  }
};",[Logic – Wrong arithmetic operator] Changed the preorder distance rerooting formula to subtract the outside-subtree contribution instead of adding it.,Wrong Answer,"n =
6
edges =
[[0,1],[0,2],[2,3],[2,4],[2,5]]","[8,2,2,-4,-4,-4]","[8,12,6,10,10,10]",,qwen3.7-max,zero-shot,Wrong Answer,"""6\n[[0,1],[0,2],[2,3],[2,4],[2,5]]""","""[8,2,2,-4,-4,-4]""","""[8,12,6,10,10,10]""",The formula to update the answer for the child node in the preorder traversal is incorrect. It subtracts the number of nodes outside the child's subtree instead of adding it. The line `ans[child] = ans[node] - count[child] - (tree.size() - count[child]);` should be `ans[child] = ans[node] - count[child] + (tree.size() - count[child]);`.
Tree,Hard,148,"You are given the root of a binary tree. We install cameras on the tree nodes where each camera at a node can monitor its parent, itself, and its immediate children.

Return the minimum number of cameras needed to monitor all nodes of the tree.

Example 1:

Input: root = [0,0,null,0,0]
Output: 1
Explanation: One camera is enough to monitor all nodes if placed as shown.

Example 2:

Input: root = [0,0,null,0,null,0,null,null,0]
Output: 2
Explanation: At least two cameras are needed to monitor all nodes of the tree. The above image shows one of the valid configurations of camera placement.

Constraints:

	The number of nodes in the tree is in the range [1, 1000].
	Node.val == 0","			

class Solution {
 public:
  int minCameraCover(TreeNode* root) {
    vector<int> ans = dfs(root);
    return min(ans[1], ans[2]);
  }

 private:
  // 0 := all nodes below root are covered except root
  // 1 := all nodes below and including root are covered w/o camera here
  // 2 := all nodes below and including root are covered w/ camera here
  vector<int> dfs(TreeNode* root) {
    if (root == nullptr)
      return {0, 0, 1000};

    vector<int> l = dfs(root->left);
    vector<int> r = dfs(root->right);

    const int s0 = l[1] + r[1];
    const int s1 = min(l[2] + min(r[1], r[2]),  //
                       r[2] + min(l[1], l[2]));
    const int s2 = min({l[0], l[1], l[2]}) +  //
                   min({r[0], r[1], r[2]}) + 1;
    return {s0, s1, s2};
  }
};",https://leetcode.com/problems/binary-tree-cameras,"class Solution {
 public:
  int minCameraCover(TreeNode* root) {
    vector<int> ans = dfs(root);
    return min(ans[1], ans[2]);
  }

 private:
  // 0 := all nodes below root are covered except root
  // 1 := all nodes below and including root are covered w/o camera here
  // 2 := all nodes below and including root are covered w/ camera here
  vector<int> dfs(TreeNode* root) {
    if (root == nullptr)
      return {0, 0, 1000};

    vector<int> l = dfs(root->left);
    vector<int> r = dfs(root->right);

    const int s0 = l[1] + r[1];
    const int s1 = min(l[2] + min(r[1], r[2]),  //
                       r[2] + min(l[1], l[2]));
    const int s2 = min({l[0], l[1], l[2]}) +  //
                   min({r[0], r[1], r[2]}) - 1;
    return {s0, s1, s2};
  }
};",[Logic – Wrong arithmetic operator] Changed the camera placement cost in state s2 from adding 1 to subtracting 1.,Wrong Answer,"root =
[0,0,null,0,0]",-4,1,,qwen3.7-max,zero-shot,Wrong Answer,"""[0,0,null,0,0]""","""-4""","""1""",The code has a typo in the state transition for placing a camera. It subtracts 1 (`- 1`) instead of adding 1 (`+ 1`) to the cost when calculating `s2`. This results in negative camera counts and incorrect outputs.
Tree,Hard,149,"Given the root of a binary tree, calculate the vertical order traversal of the binary tree.

For each node at position (row, col), its left and right children will be at positions (row + 1, col - 1) and (row + 1, col + 1) respectively. The root of the tree is at (0, 0).

The vertical order traversal of a binary tree is a list of top-to-bottom orderings for each column index starting from the leftmost column and ending on the rightmost column. There may be multiple nodes in the same row and same column. In such a case, sort these nodes by their values.

Return the vertical order traversal of the binary tree.

Example 1:

Input: root = [3,9,20,null,null,15,7]
Output: [[9],[3,15],[20],[7]]
Explanation:
Column -1: Only node 9 is in this column.
Column 0: Nodes 3 and 15 are in this column in that order from top to bottom.
Column 1: Only node 20 is in this column.
Column 2: Only node 7 is in this column.

Example 2:

Input: root = [1,2,3,4,5,6,7]
Output: [[4],[2],[1,5,6],[3],[7]]
Explanation:
Column -2: Only node 4 is in this column.
Column -1: Only node 2 is in this column.
Column 0: Nodes 1, 5, and 6 are in this column.
          1 is at the top, so it comes first.
          5 and 6 are at the same position (2, 0), so we order them by their value, 5 before 6.
Column 1: Only node 3 is in this column.
Column 2: Only node 7 is in this column.

Example 3:

Input: root = [1,2,3,4,6,5,7]
Output: [[4],[2],[1,5,6],[3],[7]]
Explanation:
This case is the exact same as example 2, but with nodes 5 and 6 swapped.
Note that the solution remains the same since 5 and 6 are in the same location and should be ordered by their values.

Constraints:

	The number of nodes in the tree is in the range [1, 1000].
	0 <= Node.val <= 1000","			

class Solution {
 public:
  vector<vector<int>> verticalTraversal(TreeNode* root) {
    vector<vector<int>> ans;
    map<int, multiset<pair<int, int>>> xToSortedPairs;  // {x: {(-y, val)}}

    dfs(root, 0, 0, xToSortedPairs);

    for (const auto& [_, pairs] : xToSortedPairs) {
      vector<int> vals;
      for (const pair<int, int>& pair : pairs)
        vals.push_back(pair.second);
      ans.push_back(vals);
    }

    return ans;
  }

 private:
  void dfs(TreeNode* root, int x, int y,
           map<int, multiset<pair<int, int>>>& xToSortedPairs) {
    if (root == nullptr)
      return;

    xToSortedPairs[x].emplace(y, root->val);
    dfs(root->left, x - 1, y + 1, xToSortedPairs);
    dfs(root->right, x + 1, y + 1, xToSortedPairs);
  }
};",https://leetcode.com/problems/vertical-order-traversal-of-a-binary-tree,"class Solution {
 public:
  vector<vector<int>> verticalTraversal(TreeNode* root) {
    vector<vector<int>> ans;
    map<int, multiset<pair<int, int>>> xToSortedPairs;  // {x: {(-y, val)}}

    dfs(root, 0, 0, xToSortedPairs);

    for (const auto& [_, pairs] : xToSortedPairs) {
      vector<int> vals;
      for (const pair<int, int>& pair : pairs)
        vals.push_back(pair.second);
      ans.push_back(vals);
    }

    return ans;
  }

 private:
  void dfs(TreeNode* root, int x, int y,
           map<int, multiset<pair<int, int>>>& xToSortedPairs) {
    if (root == nullptr)
      return;

    xToSortedPairs[x].emplace(y, root->val);
    dfs(root->left, x + 1, y + 1, xToSortedPairs);
    dfs(root->right, x + 1, y + 1, xToSortedPairs);
  }
};","[Logic – Wrong arithmetic operator] Changed the left child traversal column update from `x - 1` to `x + 1`, placing left descendants in the wrong vertical column.",Wrong Answer,"root =
[3,9,20,null,null,15,7]","[[3],[9,20],[7,15]]","[[9],[3,15],[20],[7]]",,qwen3.7-max,zero-shot,Wrong Answer,"""root = [3,9,20,null,null,15,7]""","""[[3],[9,20],[7,15]]""","""[[9],[3,15],[20],[7]]""","The DFS function incorrectly updates the coordinates for the left and right children. Both children are passed `x + 1` and `y + 1`, which means the code groups nodes by their depth (row) instead of their horizontal column, and fails to distinguish between left and right horizontal movements."
Tree,Hard,150,"We run a preorder depth-first search (DFS) on the root of a binary tree.

At each node in this traversal, we output D dashes (where D is the depth of this node), then we output the value of this node.  If the depth of a node is D, the depth of its immediate child is D + 1.  The depth of the root node is 0.

If a node has only one child, that child is guaranteed to be the left child.

Given the output traversal of this traversal, recover the tree and return its root.

Example 1:

Input: traversal = ""1-2--3--4-5--6--7""
Output: [1,2,5,3,4,6,7]

Example 2:

Input: traversal = ""1-2--3---4-5--6---7""
Output: [1,2,5,3,null,6,null,4,null,7]

Example 3:

Input: traversal = ""1-401--349---90--88""
Output: [1,401,null,349,88,90]

Constraints:

	The number of nodes in the original tree is in the range [1, 1000].
	1 <= Node.val <= 109","			

class Solution {
 public:
  TreeNode* recoverFromPreorder(string S) {
    int i = 0;
    return recoverFromPreorder(S, 0, i);
  }

 private:
  TreeNode* recoverFromPreorder(const string& S, int depth, int& i) {
    int nDashes = 0;
    while (i + nDashes < S.length() && S[i + nDashes] == '-')
      ++nDashes;
    if (nDashes != depth)
      return nullptr;

    i += depth;
    const int start = i;
    while (i < S.length() && isdigit(S[i]))
      ++i;

    const int val = stoi(S.substr(start, i - start));
    TreeNode* root = new TreeNode(val);

    root->left = recoverFromPreorder(S, depth + 1, i);
    root->right = recoverFromPreorder(S, depth + 1, i);

    return root;
  }
};",https://leetcode.com/problems/recover-a-tree-from-preorder-traversal,"class Solution {
 public:
  TreeNode* recoverFromPreorder(string S) {
    int i = 0;
    return recoverFromPreorder(S, 0, i);
  }

 private:
  TreeNode* recoverFromPreorder(const string& S, int depth, int& i) {
    int nDashes = 0;
    while (i + nDashes < S.length() && S[i + nDashes] == '-')
      ++nDashes;
    if (nDashes == depth)
      return nullptr;

    i += depth;
    const int start = i;
    while (i < S.length() && isdigit(S[i]))
      ++i;

    const int val = stoi(S.substr(start, i - start));
    TreeNode* root = new TreeNode(val);

    root->left = recoverFromPreorder(S, depth + 1, i);
    root->right = recoverFromPreorder(S, depth + 1, i);

    return root;
  }
};","[Logic – Wrong condition operator] Changed the depth mismatch check from `nDashes != depth` to `nDashes == depth`, causing valid nodes at the expected depth to be rejected.",Wrong Answer,"traversal =
""1-2--3--4-5--6--7""",[],"[1,2,5,3,4,6,7]",,qwen3.7-max,zero-shot,Wrong Answer,"""1-2--3--4-5--6--7""","""[]""","""[1,2,5,3,4,6,7]""","The condition `if (nDashes == depth) return nullptr;` is inverted. It should be `if (nDashes != depth) return nullptr;`. As written, it incorrectly returns nullptr when the depth matches, causing the function to immediately return an empty tree for the root node."
Graph,Easy,151,"In a town, there are n people labeled from 1 to n. There is a rumor that one of these people is secretly the town judge.

If the town judge exists, then:

	The town judge trusts nobody.
	Everybody (except for the town judge) trusts the town judge.
	There is exactly one person that satisfies properties 1 and 2.

You are given an array trust where trust[i] = [ai, bi] representing that the person labeled ai trusts the person labeled bi. If a trust relationship does not exist in trust array, then such a trust relationship does not exist.

Return the label of the town judge if the town judge exists and can be identified, or return -1 otherwise.

Example 1:

Input: n = 2, trust = [[1,2]]
Output: 2

Example 2:

Input: n = 3, trust = [[1,3],[2,3]]
Output: 3

Example 3:

Input: n = 3, trust = [[1,3],[2,3],[3,1]]
Output: -1

Constraints:

	1 <= n <= 1000
	0 <= trust.length <= 104
	trust[i].length == 2
	All the pairs of trust are unique.
	ai != bi
	1 <= ai, bi <= n","			

class Solution {
 public:
  int findJudge(int n, vector<vector<int>>& trust) {
    vector<int> count(n + 1);

    for (vector<int>& t : trust) {
      --count[t[0]];
      ++count[t[1]];
    }

    for (int i = 1; i < n + 1; ++i)
      if (count[i] == n - 1)
        return i;

    return -1;
  }
};",https://leetcode.com/problems/find-the-town-judge,"class Solution {
 public:
  int findJudge(int n, vector<vector<int>>& trust) {
    vector<int> count(n + 1);

    for (vector<int>& t : trust) {
      --count[t[0]];
      ++count[t[1]];
    }

    for (int i = 1; i < n + 1; ++i)
      if (count[i] = n - 1)
        return i;

    return -1;
  }
};",[Logic – Assignment instead of comparison] Replaced the judge score comparison `count[i] == n - 1` with an assignment `count[i] = n - 1`.,Wrong Answer,"n =
2
trust =
[[1,2]]",1,2,,qwen3.7-max,zero-shot,Wrong Answer,"""n = 2, trust = [[1,2]]""","""1""","""2""","The if statement uses the assignment operator (=) instead of the equality operator (==). This assigns n - 1 to count[i] and evaluates to true for any n > 1, incorrectly returning the first person."
Graph,Medium,152,"Given a reference of a node in a connected undirected graph.
 
 Return a deep copy (clone) of the graph.
 
 Each node in the graph contains a value (int) and a list (List[Node]) of its neighbors.
 
 class Node {
  public int val;
  public List<Node> neighbors;
 }
 
 Test case format:
 
 For simplicity, each node's value is the same as the node's index (1-indexed). For example, the first node with val == 1, the second node with val == 2, and so on. The graph is represented in the test case using an adjacency list.
 
 An adjacency list is a collection of unordered lists used to represent a finite graph. Each list describes the set of neighbors of a node in the graph.
 
 The given node will always be the first node with val = 1. You must return the copy of the given node as a reference to the cloned graph.
 
 Example 1:
 
 Input: adjList = [[2,4],[1,3],[2,4],[1,3]]
 Output: [[2,4],[1,3],[2,4],[1,3]]
 Explanation: There are 4 nodes in the graph.
 1st node (val = 1)'s neighbors are 2nd node (val = 2) and 4th node (val = 4).
 2nd node (val = 2)'s neighbors are 1st node (val = 1) and 3rd node (val = 3).
 3rd node (val = 3)'s neighbors are 2nd node (val = 2) and 4th node (val = 4).
 4th node (val = 4)'s neighbors are 1st node (val = 1) and 3rd node (val = 3).
 
 Example 2:
 
 Input: adjList = [[]]
 Output: [[]]
 Explanation: Note that the input contains one empty list. The graph consists of only one node with val = 1 and it does not have any neighbors.
 
 Example 3:
 
 Input: adjList = []
 Output: []
 Explanation: This an empty graph, it does not have any nodes.
 
 Constraints:
 
 The number of nodes in the graph is in the range [0, 100].
 1 <= Node.val <= 100
 Node.val is unique for each node.
 There are no repeated edges and no self-loops in the graph.
 The Graph is connected and all nodes can be visited starting from the given node.","class Solution {
public:
    unordered_map<Node*, Node*> cloneMap;

    Node* cloneGraph(Node* node) {
        if (node == nullptr) {
            return nullptr; // base case: empty graph
        }

        // If node is already cloned, return the clone
        if (cloneMap.find(node) != cloneMap.end()) {
            return cloneMap[node];
        }

        // Clone the current node
        Node* clone = new Node(node->val);
        cloneMap[node] = clone;

        // Recursively clone all neighbors
        for (Node* neighbor : node->neighbors) {
            clone->neighbors.push_back(cloneGraph(neighbor));
        }

        return clone;
    }
};",https://leetcode.com/problems/clone-graph,"class Solution {
public:
    unordered_map<Node*, Node*> cloneMap;

    Node* cloneGraph(Node* node) {
        if (node == nullptr) {
            return nullptr; // base case: empty graph
        }

        // If node is already cloned, return the clone
        if (cloneMap.find(node) == cloneMap.end()) {
            return cloneMap[node];
        }

        // Clone the current node
        Node* clone = new Node(node->val);
        cloneMap[node] = clone;

        // Recursively clone all neighbors
        for (Node* neighbor : node->neighbors) {
            clone->neighbors.push_back(cloneGraph(neighbor));
        }

        return clone;
    }
};",[Logic – Wrong condition operator] Changed the clone-map lookup condition from checking for an existing clone to checking for a missing clone.,Wrong Answer,"edges =
[[2,4],[1,3],[2,4],[1,3]]",[],"[[2,4],[1,3],[2,4],[1,3]]",,qwen3.7-max,zero-shot,Wrong Answer,"""[[2,4],[1,3],[2,4],[1,3]]""","""null""","""[[2,4],[1,3],[2,4],[1,3]]""",
Graph,Medium,153,"There are a total of numCourses courses you have to take, labeled from 0 to numCourses - 1. You are given an array prerequisites where prerequisites[i] = [ai, bi] indicates that you must take course bi first if you want to take course ai.
 
 For example, the pair [0, 1], indicates that to take course 0 you have to first take course 1.
 
 Return true if you can finish all courses. Otherwise, return false.
 
 Example 1:
 
 Input: numCourses = 2, prerequisites = [[1,0]]
 Output: true
 Explanation: There are a total of 2 courses to take. 
 To take course 1 you should have finished course 0. So it is possible.
 
 Example 2:
 
 Input: numCourses = 2, prerequisites = [[1,0],[0,1]]
 Output: false
 Explanation: There are a total of 2 courses to take. 
 To take course 1 you should have finished course 0, and to take course 0 you should also have finished course 1. So it is impossible.
 
 Constraints:
 
 1 <= numCourses <= 2000
 0 <= prerequisites.length <= 5000
 prerequisites[i].length == 2
 0 <= ai, bi < numCourses
 All the pairs prerequisites[i] are unique.","#include <vector>

using namespace std;

class Solution {
public:
    int head[2005];
    int to[5005];
    int nxt[5005];
    int degree[2005];
    int q[2005];
    int edge_cnt;

    int add_edge(int u, int v) {
        to[edge_cnt] = v;
        nxt[edge_cnt] = head[u];
        head[u] = edge_cnt++;
        return 0;
    }

    bool canFinish(int n, vector<vector<int>>& pre) {
        edge_cnt = 0;
        for (int i = 0; i < n; i++) {
            head[i] = -1;
            degree[i] = 0;
        }

        for (auto& p : pre) {
            add_edge(p[1], p[0]);
            degree[p[0]]++;
        }

        int h = 0, t = 0;
        for (int i = 0; i < n; i++) {
            if (degree[i] == 0) {
                q[t++] = i;
            }
        }

        int visited_count = 0;
        while (h < t) {
            int curr = q[h++];
            visited_count++;

            for (int i = head[curr]; i != -1; i = nxt[i]) {
                int neighbor = to[i];

                if (--degree[neighbor] == 0) {
                    q[t++] = neighbor;
                }
            }
        }

        return visited_count == n;
    }
};",https://leetcode.com/problems/course-schedule,"#include <vector>

using namespace std;

class Solution {
public:
    int head[2005];
    int to[5005];
    int nxt[5005];
    int degree[2005];
    int q[2005];
    int edge_cnt;

    int add_edge(int u, int v) {
        to[edge_cnt] = v;
        nxt[edge_cnt] = head[u];
        head[u] = edge_cnt++;
        return 0;
    }

    bool canFinish(int n, vector<vector<int>>& pre) {
        edge_cnt = 0;
        for (int i = 0; i < n; i++) {
            head[i] = -1;
            degree[i] = 0;
        }

        for (auto& p : pre) {
            add_edge(p[1], p[0]);
            degree[p[0]]++;
        }

        int h = 0, t = 0;
        for (int i = 0; i < n; i++) {
            if (degree[i] == 0) {
                q[t++] = i;
            }
        }

        int visited_count = 0;
        while (h < t) {
            int curr = q[h++];
            visited_count++;

            for (int i = head[curr]; i == -1; i = nxt[i]) {
                int neighbor = to[i];

                if (--degree[neighbor] == 0) {
                    q[t++] = neighbor;
                }
            }
        }

        return visited_count == n;
    }
};","[Logic – Wrong condition operator] Changed the adjacency traversal loop condition from `i != -1` to `i == -1`, preventing outgoing edges from being processed.",Wrong Answer,"numCourses =
2
prerequisites =
[[1,0]]",FALSE,TRUE,,qwen3.7-max,zero-shot,Wrong Answer,"""numCourses = 2, prerequisites = [[1,0]]""","""false""","""true""",
Graph,Medium,154,"A tree is an undirected graph in which any two vertices are connected byÂ exactlyÂ one path. In other words, any connected graph without simple cycles is a tree.
 
 Given a tree of n nodesÂ labelled from 0 to n - 1, and an array ofÂ n - 1Â edges where edges[i] = [ai, bi] indicates that there is an undirected edge between the two nodesÂ ai andÂ bi in the tree,Â you can choose any node of the tree as the root. When you select a node x as the root, the result tree has height h. Among all possible rooted trees, those with minimum height (i.e. min(h))Â are called minimum height trees (MHTs).
 
 Return a list of all MHTs' root labels.Â You can return the answer in any order.
 
 The height of a rooted tree is the number of edges on the longest downward path between the root and a leaf.
 
 Example 1:
 
 Input: n = 4, edges = [[1,0],[1,2],[1,3]]
 Output: [1]
 Explanation: As shown, the height of the tree is 1 when the root is the node with label 1 which is the only MHT.
 
 Example 2:
 
 Input: n = 6, edges = [[3,0],[3,1],[3,2],[3,4],[5,4]]
 Output: [3,4]
 
 Constraints:
 
 1 <= n <= 2 * 104
 edges.length == n - 1
 0 <= ai, bi < n
 ai != bi
 All the pairs (ai, bi) are distinct.
 The given input is guaranteed to be a tree and there will be no repeated edges.","static const int fast_io = []() {
    ios_base::sync_with_stdio(false);
    cin.tie(NULL);
    return 0;
}();

class Solution {
public:
    vector<int> findMinHeightTrees(int n, vector<vector<int>>& edges) {
        if (n == 1) return {0};
        if (n == 2) return {0, 1};

        // Используем статические массивы вместо векторов векторов
        // Это экономит кучу времени на выделении памяти
        vector<int> degree(n, 0);
        vector<int> head(n, -1);
        vector<int> next(edges.size() * 2);
        vector<int> to(edges.size() * 2);
        
        int edge_idx = 0;
        for (auto& e : edges) {
            int u = e[0], v = e[1];
            degree[u]++; degree[v]++;
            
            to[edge_idx] = v; next[edge_idx] = head[u]; head[u] = edge_idx++;
            to[edge_idx] = u; next[edge_idx] = head[v]; head[v] = edge_idx++;
        }

        // Очередь на массиве (самый быстрый вариант)
        int q[n];
        int front = 0, rear = 0;
        for (int i = 0; i < n; i++) {
            if (degree[i] == 1) q[rear++] = i;
        }

        int remainingNodes = n;
        while (remainingNodes > 2) {
            int current_layer_size = rear - front;
            remainingNodes -= current_layer_size;
            
            for (int i = 0; i < current_layer_size; i++) {
                int u = q[front++];
                for (int e = head[u]; e != -1; e = next[e]) {
                    int v = to[e];
                    if (--degree[v] == 1) {
                        q[rear++] = v;
                    }
                }
            }
        }

        vector<int> result;
        while (front < rear) result.push_back(q[front++]);
        return result;
    }
};",https://leetcode.com/problems/minimum-height-trees,"static const int fast_io = []() {
    ios_base::sync_with_stdio(false);
    cin.tie(NULL);
    return 0;
}();

class Solution {
public:
    vector<int> findMinHeightTrees(int n, vector<vector<int>>& edges) {
        if (n == 1) return {0};
        if (n == 2) return {0, 1};

        // Используем статические массивы вместо векторов векторов
        // Это экономит кучу времени на выделении памяти
        vector<int> degree(n, 0);
        vector<int> head(n, -1);
        vector<int> next(edges.size() * 2);
        vector<int> to(edges.size() * 2);
        
        int edge_idx = 0;
        for (auto& e : edges) {
            int u = e[0], v = e[1];
            degree[u]++; degree[v]++;
            
            to[edge_idx] = v; next[edge_idx] = head[u]; head[u] = edge_idx++;
            to[edge_idx] = u; next[edge_idx] = head[v]; head[v] = edge_idx++;
        }

        // Очередь на массиве (самый быстрый вариант)
        int q[n];
        int front = 0, rear = 0;
        for (int i = 0; i < n; i++) {
            if (degree[i] == 1) q[rear++] = i;
        }

        int remainingNodes = n;
        while (remainingNodes > 2) {
            int current_layer_size = rear - front;
            remainingNodes -= current_layer_size;
            
            for (int i = 0; i < current_layer_size; i++) {
                int u = q[front++];
                for (int e = head[u]; e == -1; e = next[e]) {
                    int v = to[e];
                    if (--degree[v] == 1) {
                        q[rear++] = v;
                    }
                }
            }
        }

        vector<int> result;
        while (front < rear) result.push_back(q[front++]);
        return result;
    }
};","[Logic – Wrong condition operator] Changed the adjacency traversal loop condition from `e != -1` to `e == -1`, preventing neighbor processing during leaf trimming.",Wrong Answer,"n =
4
edges =
[[1,0],[1,2],[1,3]]",[],[1],,qwen3.7-max,zero-shot,Wrong Answer,"""n = 4, edges = [[1,0],[1,2],[1,3]]""","""[]""","""[1]""","There is a typo in the inner loop condition: `for (int e = head[u]; e == -1; e = next[e])`. The condition should be `e != -1`. Because of this bug, the loop body never executes (since `head[u]` is a valid edge index >= 0), the degrees of the neighbors are never decremented, and no new leaves are added to the queue. As a result, the queue empties prematurely and the function returns an empty list instead of the correct root labels."
Graph,Medium,155,"In this problem, a tree is an undirected graph that is connected and has no cycles.
 
 You are given a graph that started as a tree with n nodes labeled from 1 to n, with one additional edge added. The added edge has two different vertices chosen from 1 to n, and was not an edge that already existed. The graph is represented as an array edges of length n where edges[i] = [ai, bi] indicates that there is an edge between nodes ai and bi in the graph.
 
 Return an edge that can be removed so that the resulting graph is a tree of n nodes. If there are multiple answers, return the answer that occurs last in the input.
 
 Example 1:
 
 Input: edges = [[1,2],[1,3],[2,3]]
 Output: [2,3]
 
 Example 2:
 
 Input: edges = [[1,2],[2,3],[3,4],[1,4],[1,5]]
 Output: [1,4]
 
 Constraints:
 
 n == edges.length
 3 <= n <= 1000
 edges[i].length == 2
 1 <= ai < bi <= edges.length
 ai != bi
 There are no repeated edges.
 The given graph is connected.","class UnionFind {
  public:
  UnionFind(int n) : id(n) {
  iota(begin(id), end(id), 0);
  }
 
  bool union_(int u, int v) {
  const int i = find(u);
  const int j = find(v);
  if (i == j)
  return false;
  id[i] = j;
  return true;
  }
 
  private:
  vector<int> id;
 
  int find(int u) {
  return id[u] == u ? u : id[u] = find(id[u]);
  }
 };
 
 class Solution {
  public:
  vector<int> findRedundantConnection(vector<vector<int>>& edges) {
  UnionFind uf(edges.size() + 1);
 
  for (const vector<int>& e : edges)
  if (!uf.union_(e[0], e[1]))
  return e;
 
  throw;
  }
 };",https://leetcode.com/problems/redundant-connection,"class UnionFind {
  public:
  UnionFind(int n) : id(n) {
  iota(begin(id), end(id), 0);
  }
 
  bool union_(int u, int v) {
  const int i = find(u);
  const int j = find(v);
  if (i != j)
  return false;
  id[i] = j;
  return true;
  }
 
  private:
  vector<int> id;
 
  int find(int u) {
  return id[u] == u ? u : id[u] = find(id[u]);
  }
 };
 
 class Solution {
  public:
  vector<int> findRedundantConnection(vector<vector<int>>& edges) {
  UnionFind uf(edges.size() + 1);
 
  for (const vector<int>& e : edges)
  if (!uf.union_(e[0], e[1]))
  return e;
 
  throw;
  }
 };","[Logic – Wrong condition operator] Changed the union-find cycle check from `if (i == j)` to `if (i != j)`, causing distinct components to be treated as already connected.",Wrong Answer,"edges =
[[1,2],[1,3],[2,3]]","[1,2]","[2,3]",,qwen3.7-max,zero-shot,Wrong Answer,"""[[1,2],[1,3],[2,3]]""","""[1,2]""","""[2,3]""",
Graph,Medium,156,"You are given a network of n nodes, labeled from 1 to n. You are also given times, a list of travel times as directed edges times[i] = (ui, vi, wi), where ui is the source node, vi is the target node, and wi is the time it takes for a signal to travel from source to target.
 
 We will send a signal from a given node k. Return the minimum time it takes for all the n nodes to receive the signal. If it is impossible for all the n nodes to receive the signal, return -1.
 
 Example 1:
 
 Input: times = [[2,1,1],[2,3,1],[3,4,1]], n = 4, k = 2
 Output: 2
 
 Example 2:
 
 Input: times = [[1,2,1]], n = 2, k = 1
 Output: 1
 
 Example 3:
 
 Input: times = [[1,2,1]], n = 2, k = 2
 Output: -1
 
 Constraints:
 
 1 <= k <= n <= 100
 1 <= times.length <= 6000
 times[i].length == 3
 1 <= ui, vi <= n
 ui != vi
 0 <= wi <= 100
 All the pairs (ui, vi) are unique. (i.e., no multiple edges.)","class Solution {
public:
    int networkDelayTime(vector<vector<int>>& times, int n, int k) {
        unordered_map<int, vector<pair<int, int>>> adj;
        for(auto& time : times){
            adj[time[0]].emplace_back(time[1], time[2]);
        }
        vector<int> dist(n + 1, INT_MAX);
        dfs(k, 0, adj, dist);

        int res = *max_element(dist.begin() + 1, dist.end());
        return res == INT_MAX ? -1 : res;
    }

    void dfs(int node, int time, unordered_map<int, vector<pair<int, int>>>& adj, vector<int>& dist){
        if(time >= dist[node]) return;
        dist[node] = time;
        for(auto& [nei, w] : adj[node]){
            dfs(nei, time + w, adj, dist);
        }
    }
};
auto init = atexit([]() { ofstream(""display_runtime.txt"") << ""0"";});",https://leetcode.com/problems/network-delay-time,"class Solution {
public:
    int networkDelayTime(vector<vector<int>>& times, int n, int k) {
        unordered_map<int, vector<pair<int, int>>> adj;
        for(auto& time : times){
            adj[time[0]].emplace_back(time[1], time[2]);
        }
        vector<int> dist(n + 1, INT_MAX);
        dfs(k, 0, adj, dist);

        int res = *max_element(dist.begin() + 1, dist.end());
        return res == INT_MAX ? -1 : res;
    }

    void dfs(int node, int time, unordered_map<int, vector<pair<int, int>>>& adj, vector<int>& dist){
        if(time >= dist[node]) return;
        dist[node] = time;
        for(auto& [nei, w] : adj[node]){
            dfs(nei, time - w, adj, dist);
        }
    }
};
auto init = atexit([]() { ofstream(""display_runtime.txt"") << ""0"";});",[Logic – Wrong arithmetic operator] Changed the DFS relaxation time from adding the edge weight to subtracting it.,Wrong Answer,"times =
[[2,1,1],[2,3,1],[3,4,1]]
n =
4
k =
2",0,2,,qwen3.7-max,zero-shot,Wrong Answer,"""times = [[2,1,1],[2,3,1],[3,4,1]], n = 4, k = 2""","""0""","""2""",The code subtracts the edge weight from the current time (`time - w`) instead of adding it (`time + w`) during the DFS traversal. This results in incorrect shortest path calculations and can also lead to infinite recursion (stack overflow) if the graph contains cycles.
Graph,Medium,157,"There is an undirected graph with n nodes, where each node is numbered between 0 and n - 1. You are given a 2D array graph, where graph[u] is an array of nodes that node u is adjacent to. More formally, for each v in graph[u], there is an undirected edge between node u and node v. The graph has the following properties:
 
 There are no self-edges (graph[u] does not contain u).
 There are no parallel edges (graph[u] does not contain duplicate values).
 If v is in graph[u], then u is in graph[v] (the graph is undirected).
 The graph may not be connected, meaning there may be two nodes u and v such that there is no path between them.
 
 A graph is bipartite if the nodes can be partitioned into two independent sets A and B such that every edge in the graph connects a node in set A and a node in set B.
 
 Return true if and only if it is bipartite.
 
 Example 1:
 
 Input: graph = [[1,2,3],[0,2],[0,1,3],[0,2]]
 Output: false
 Explanation: There is no way to partition the nodes into two independent sets such that every edge connects a node in one and a node in the other.
 
 Example 2:
 
 Input: graph = [[1,3],[0,2],[1,3],[0,2]]
 Output: true
 Explanation: We can partition the nodes into two sets: {0, 2} and {1, 3}.
 
 Constraints:
 
 graph.length == n
 1 <= n <= 100
 0 <= graph[u].length < n
 0 <= graph[u][i] <= n - 1
 graph[u]Â does not containÂ u.
 All the values of graph[u] are unique.
 If graph[u] contains v, then graph[v] contains u.","class Solution {
public:
bool  dfs(int node,int col,int color[],vector<vector<int>>& graph){
    color[node]=col;
    for(auto it:graph[node]){
        if(color[it]==-1){
            if(dfs(it,!col,color,graph)==false)return false;
        }
        else if(color[it]!=-1 &&color[it]==col)return false;

    }
    return true;
}
    bool isBipartite(vector<vector<int>>& graph) {
        int V=graph.size();
        int color[V];
        for(int i=0;i<V;i++){
            color[i]=-1;
        }
        for(int i=0;i<V;i++){
            if(color[i]==-1){
                if(dfs(i,0,color,graph)==false)return false;
            }
        }
    return true;
    }
};",https://leetcode.com/problems/is-graph-bipartite,"class Solution {
public:
bool  dfs(int node,int col,int color[],vector<vector<int>>& graph){
    color[node]=col;
    for(auto it:graph[node]){
        if(color[it]==-1){
            if(dfs(it,!col,color,graph)==false)return false;
        }
        else if(color[it]!=-1 &&color[it]!=col)return false;

    }
    return true;
}
    bool isBipartite(vector<vector<int>>& graph) {
        int V=graph.size();
        int color[V];
        for(int i=0;i<V;i++){
            color[i]=-1;
        }
        for(int i=0;i<V;i++){
            if(color[i]==-1){
                if(dfs(i,0,color,graph)==false)return false;
            }
        }
    return true;
    }
};","[Logic – Wrong condition operator] Changed the conflict check from `color[it] == col` to `color[it] != col`, causing valid opposite-colored edges to be treated as invalid.",Wrong Answer,"graph =
[[1,3],[0,2],[1,3],[0,2]]",FALSE,TRUE,,qwen3.7-max,zero-shot,Wrong Answer,"""[[1,3],[0,2],[1,3],[0,2]]""","""false""","""true""",
Graph,Medium,158,"There are n cities connected by some number of flights. You are given an array flights where flights[i] = [fromi, toi, pricei] indicates that there is a flight from city fromi to city toi with cost pricei.
 
 You are also given three integers src, dst, and k, return the cheapest price from src to dst with at most k stops. If there is no such route, return -1.
 
 Example 1:
 
 Input: n = 4, flights = [[0,1,100],[1,2,100],[2,0,100],[1,3,600],[2,3,200]], src = 0, dst = 3, k = 1
 Output: 700
 Explanation:
 The graph is shown above.
 The optimal path with at most 1 stop from city 0 to 3 is marked in red and has cost 100 + 600 = 700.
 Note that the path through cities [0,1,2,3] is cheaper but is invalid because it uses 2 stops.
 
 Example 2:
 
 Input: n = 3, flights = [[0,1,100],[1,2,100],[0,2,500]], src = 0, dst = 2, k = 1
 Output: 200
 Explanation:
 The graph is shown above.
 The optimal path with at most 1 stop from city 0 to 2 is marked in red and has cost 100 + 100 = 200.
 
 Example 3:
 
 Input: n = 3, flights = [[0,1,100],[1,2,100],[0,2,500]], src = 0, dst = 2, k = 0
 Output: 500
 Explanation:
 The graph is shown above.
 The optimal path with no stops from city 0 to 2 is marked in red and has cost 500.
 
 Constraints:
 
 1 <= n <= 100
 0 <= flights.length <= (n * (n - 1) / 2)
 flights[i].length == 3
 0 <= fromi, toi < n
 fromi != toi
 1 <= pricei <= 104
 There will not be any multiple flights between two cities.
 0 <= src, dst, k < n
 src != dst","int dist[4950] = {INT_MAX};
int saved[4950];

class Solution {
public:
    int findCheapestPrice(int n, vector<vector<int>>& flights, int src, int dst, int k) {
        for (int i = 0; i < n; i++) dist[i] = INT_MAX;
        dist[src] = 0;
        for (int i = 0; i <= k; i++) {
            memcpy(saved, dist, sizeof(int) * n);
            for (auto& v : flights) {
                auto from = v[0];
                auto to = v[1];
                auto price = v[2];
                if (dist[from] != INT_MAX && dist[from] + price < saved[to]) {
                    saved[to] = dist[from] + price;
                }
            }
            memcpy(dist, saved, sizeof(int) * n);
        }
        return dist[dst] == INT_MAX ? -1 : dist[dst];
    }
};",https://leetcode.com/problems/cheapest-flights-within-k-stops,"int dist[4950] = {INT_MAX};
int saved[4950];

class Solution {
public:
    int findCheapestPrice(int n, vector<vector<int>>& flights, int src, int dst, int k) {
        for (int i = 0; i < n; i++) dist[i] = INT_MAX;
        dist[src] = 0;
        for (int i = 0; i < k; i++) {
            memcpy(saved, dist, sizeof(int) * n);
            for (auto& v : flights) {
                auto from = v[0];
                auto to = v[1];
                auto price = v[2];
                if (dist[from] != INT_MAX && dist[from] + price < saved[to]) {
                    saved[to] = dist[from] + price;
                }
            }
            memcpy(dist, saved, sizeof(int) * n);
        }
        return dist[dst] == INT_MAX ? -1 : dist[dst];
    }
};","[Logic – Wrong condition operator] Changed the relaxation loop condition from `i <= k` to `i < k`, causing one fewer iteration than required.",Wrong Answer,"n =
4
flights =
[[0,1,100],[1,2,100],[2,0,100],[1,3,600],[2,3,200]]
src =
0
dst =
3
k =
1",-1,700,,qwen3.7-max,zero-shot,Wrong Answer,"""n = 4, flights = [[0,1,100],[1,2,100],[2,0,100],[1,3,600],[2,3,200]], src = 0, dst = 3, k = 1""","""-1""","""700""",
Graph,Medium,159,"There are a total of numCourses courses you have to take, labeled from 0 to numCourses - 1. You are given an array prerequisites where prerequisites[i] = [ai, bi] indicates that you must take course bi first if you want to take course ai.

	For example, the pair [0, 1], indicates that to take course 0 you have to first take course 1.

Return the ordering of courses you should take to finish all courses. If there are many valid answers, return any of them. If it is impossible to finish all courses, return an empty array.

Example 1:

Input: numCourses = 2, prerequisites = [[1,0]]
Output: [0,1]
Explanation: There are a total of 2 courses to take. To take course 1 you should have finished course 0. So the correct course order is [0,1].

Example 2:

Input: numCourses = 4, prerequisites = [[1,0],[2,0],[3,1],[3,2]]
Output: [0,2,1,3]
Explanation: There are a total of 4 courses to take. To take course 3 you should have finished both courses 1 and 2. Both courses 1 and 2 should be taken after you finished course 0.
So one correct course order is [0,1,2,3]. Another correct ordering is [0,2,1,3].

Example 3:

Input: numCourses = 1, prerequisites = []
Output: [0]

Constraints:

	1 <= numCourses <= 2000
	0 <= prerequisites.length <= numCourses * (numCourses - 1)
	prerequisites[i].length == 2
	0 <= ai, bi < numCourses
	ai != bi
	All the pairs [ai, bi] are distinct.","			

enum class State { kInit, kVisiting, kVisited };

class Solution {
 public:
  vector<int> findOrder(int numCourses, vector<vector<int>>& prerequisites) {
    vector<int> ans;
    vector<vector<int>> graph(numCourses);
    vector<State> state(numCourses);

    for (const auto& p : prerequisites)
      graph[p[1]].push_back(p[0]);

    for (int i = 0; i < numCourses; ++i)
      if (hasCycle(graph, i, state, ans))
        return {};

    reverse(begin(ans), end(ans));
    return ans;
  }

 private:
  bool hasCycle(const vector<vector<int>>& graph, int u, vector<State>& state,
                vector<int>& ans) {
    if (state[u] == State::kVisiting)
      return true;
    if (state[u] == State::kVisited)
      return false;

    state[u] = State::kVisiting;
    for (const int v : graph[u])
      if (hasCycle(graph, v, state, ans))
        return true;
    state[u] = State::kVisited;
    ans.push_back(u);

    return false;
  }
};",https://leetcode.com/problems/course-schedule-ii,"enum class State { kInit, kVisiting, kVisited };

class Solution {
 public:
  vector<int> findOrder(int numCourses, vector<vector<int>>& prerequisites) {
    vector<int> ans;
    vector<vector<int>> graph(numCourses);
    vector<State> state(numCourses);

    for (const auto& p : prerequisites)
      graph[p[1]].push_back(p[0]);

    for (int i = 0; i < numCourses; ++i)
      if (hasCycle(graph, i, state, ans))
        return {};

    reverse(begin(ans), end(ans));
    return ans;
  }

 private:
  bool hasCycle(const vector<vector<int>>& graph, int u, vector<State>& state,
                vector<int>& ans) {
    if (state[u] == State::kVisiting)
      return true;
    if (state[u] != State::kVisited)
      return false;

    state[u] = State::kVisiting;
    for (const int v : graph[u])
      if (hasCycle(graph, v, state, ans))
        return true;
    state[u] = State::kVisited;
    ans.push_back(u);

    return false;
  }
};","[Logic – Wrong condition operator] Changed the visited-state check in DFS from `state[u] == State::kVisited` to `state[u] != State::kVisited`, causing unvisited nodes to be incorrectly treated as already processed.",Wrong Answer,"numCourses =
2
prerequisites =
[[1,0]]",[],"[0,1]",,qwen3.7-max,zero-shot,Wrong Answer,"""numCourses = 2, prerequisites = [[1,0]]""","""[]""","""[0,1]""",
Graph,Medium,160,"You are given an array of variable pairs equations and an array of real numbers values, where equations[i] = [Ai, Bi] and values[i] represent the equation Ai / Bi = values[i]. Each Ai or Bi is a string that represents a single variable.

You are also given some queries, where queries[j] = [Cj, Dj] represents the jth query where you must find the answer for Cj / Dj = ?.

Return the answers to all queries. If a single answer cannot be determined, return -1.0.

Note: The input is always valid. You may assume that evaluating the queries will not result in division by zero and that there is no contradiction.

Note: The variables that do not occur in the list of equations are undefined, so the answer cannot be determined for them.

Example 1:

Input: equations = [[""a"",""b""],[""b"",""c""]], values = [2.0,3.0], queries = [[""a"",""c""],[""b"",""a""],[""a"",""e""],[""a"",""a""],[""x"",""x""]]
Output: [6.00000,0.50000,-1.00000,1.00000,-1.00000]
Explanation: 
Given: a / b = 2.0, b / c = 3.0
queries are: a / c = ?, b / a = ?, a / e = ?, a / a = ?, x / x = ? 
return: [6.0, 0.5, -1.0, 1.0, -1.0 ]
note: x is undefined => -1.0

Example 2:

Input: equations = [[""a"",""b""],[""b"",""c""],[""bc"",""cd""]], values = [1.5,2.5,5.0], queries = [[""a"",""c""],[""c"",""b""],[""bc"",""cd""],[""cd"",""bc""]]
Output: [3.75000,0.40000,5.00000,0.20000]

Example 3:

Input: equations = [[""a"",""b""]], values = [0.5], queries = [[""a"",""b""],[""b"",""a""],[""a"",""c""],[""x"",""y""]]
Output: [0.50000,2.00000,-1.00000,-1.00000]

Constraints:

	1 <= equations.length <= 20
	equations[i].length == 2
	1 <= Ai.length, Bi.length <= 5
	values.length == equations.length
	0.0 < values[i] <= 20.0
	1 <= queries.length <= 20
	queries[i].length == 2
	1 <= Cj.length, Dj.length <= 5
	Ai, Bi, Cj, Dj consist of lower case English letters and digits.","			

class Solution {
 public:
  vector<double> calcEquation(vector<vector<string>>& equations,
                              vector<double>& values,
                              vector<vector<string>>& queries) {
    vector<double> ans;
    // graph[A][B] := A / B
    unordered_map<string, unordered_map<string, double>> graph;

    for (int i = 0; i < equations.size(); ++i) {
      const string& A = equations[i][0];
      const string& B = equations[i][1];
      graph[A][B] = values[i];
      graph[B][A] = 1 / values[i];
    }

    for (const vector<string>& q : queries) {
      const string& A = q[0];
      const string& C = q[1];
      if (!graph.count(A) || !graph.count(C))
        ans.push_back(-1);
      else
        ans.push_back(divide(graph, A, C, unordered_set<string>()));
    }

    return ans;
  }

 private:
  // Returns A / C
  double divide(
      const unordered_map<string, unordered_map<string, double>>& graph,
      const string& A, const string& C, unordered_set<string>&& seen) {
    if (A == C)
      return 1.0;

    seen.insert(A);

    // Value := A / B
    for (const auto& [B, value] : graph.at(A)) {
      if (seen.count(B))
        continue;
      const double res = divide(graph, B, C, move(seen));  // B / C
      if (res > 0)                                         // Valid result
        return value * res;  // A / C = (A / B) * (B / C)
    }

    return -1;  // Invalid result
  }
};",https://leetcode.com/problems/evaluate-division,"class Solution {
 public:
  vector<double> calcEquation(vector<vector<string>>& equations,
                              vector<double>& values,
                              vector<vector<string>>& queries) {
    vector<double> ans;
    // graph[A][B] := A / B
    unordered_map<string, unordered_map<string, double>> graph;

    for (int i = 0; i < equations.size(); ++i) {
      const string& A = equations[i][0];
      const string& B = equations[i][1];
      graph[A][B] = values[i];
      graph[B][A] = 1 / values[i];
    }

    for (const vector<string>& q : queries) {
      const string& A = q[0];
      const string& C = q[1];
      if (!graph.count(A) || !graph.count(C))
        ans.push_back(-1);
      else
        ans.push_back(divide(graph, A, C, unordered_set<string>()));
    }

    return ans;
  }

 private:
  // Returns A / C
  double divide(
      const unordered_map<string, unordered_map<string, double>>& graph,
      const string& A, const string& C, unordered_set<string>&& seen) {
    if (A != C)
      return 1.0;

    seen.insert(A);

    // Value := A / B
    for (const auto& [B, value] : graph.at(A)) {
      if (seen.count(B))
        continue;
      const double res = divide(graph, B, C, move(seen));  // B / C
      if (res > 0)                                         // Valid result
        return value * res;  // A / C = (A / B) * (B / C)
    }

    return -1;  // Invalid result
  }
};",[Logic – Wrong condition operator] Changed the base-case comparison in divide from A == C to A != C.,Wrong Answer,"equations =
[[""a"",""b""],[""b"",""c""]]
values =
[2.0,3.0]
queries =
[[""a"",""c""],[""b"",""a""],[""a"",""e""],[""a"",""a""],[""x"",""x""]]","[1.00000,1.00000,-1.00000,2.00000,-1.00000]","[6.00000,0.50000,-1.00000,1.00000,-1.00000]",,qwen3.7-max,zero-shot,Wrong Answer,"""equations = [[\""a\"",\""b\""],[\""b\"",\""c\""]], values = [2.0,3.0], queries = [[\""a\"",\""c\""],[\""b\"",\""a\""],[\""a\"",\""e\""],[\""a\"",\""a\""],[\""x\"",\""x\""]]""","""[1.0, 1.0, -1.0, 2.0, -1.0]""","""[6.0, 0.5, -1.0, 1.0, -1.0]""",
Graph,Medium,161,"There are n cities. Some of them are connected, while some are not. If city a is connected directly with city b, and city b is connected directly with city c, then city a is connected indirectly with city c.

A province is a group of directly or indirectly connected cities and no other cities outside of the group.

You are given an n x n matrix isConnected where isConnected[i][j] = 1 if the ith city and the jth city are directly connected, and isConnected[i][j] = 0 otherwise.

Return the total number of provinces.

Example 1:

Input: isConnected = [[1,1,0],[1,1,0],[0,0,1]]
Output: 2

Example 2:

Input: isConnected = [[1,0,0],[0,1,0],[0,0,1]]
Output: 3

Constraints:

	1 <= n <= 200
	n == isConnected.length
	n == isConnected[i].length
	isConnected[i][j] is 1 or 0.
	isConnected[i][i] == 1
	isConnected[i][j] == isConnected[j][i]","			

class UnionFind {
 public:
  UnionFind(int n) : count(n), id(n) {
    iota(begin(id), end(id), 0);
  }

  void union_(int u, int v) {
    const int i = find(u);
    const int j = find(v);
    if (i == j)
      return;
    id[i] = j;
    --count;
  }

  int getCount() const {
    return count;
  }

 private:
  int count;
  vector<int> id;

  int find(int u) {
    return id[u] == u ? u : id[u] = find(id[u]);
  }
};

class Solution {
 public:
  int findCircleNum(vector<vector<int>>& M) {
    const int n = M.size();
    UnionFind uf(n);

    for (int i = 0; i < n; ++i)
      for (int j = i; j < n; ++j)
        if (M[i][j] == 1)
          uf.union_(i, j);

    return uf.getCount();
  }
};",https://leetcode.com/problems/number-of-provinces,"class UnionFind {
 public:
  UnionFind(int n) : count(n), id(n) {
    iota(begin(id), end(id), 0);
  }

  void union_(int u, int v) {
    const int i = find(u);
    const int j = find(v);
    if (i != j)
      return;
    id[i] = j;
    --count;
  }

  int getCount() const {
    return count;
  }

 private:
  int count;
  vector<int> id;

  int find(int u) {
    return id[u] == u ? u : id[u] = find(id[u]);
  }
};

class Solution {
 public:
  int findCircleNum(vector<vector<int>>& M) {
    const int n = M.size();
    UnionFind uf(n);

    for (int i = 0; i < n; ++i)
      for (int j = i; j < n; ++j)
        if (M[i][j] == 1)
          uf.union_(i, j);

    return uf.getCount();
  }
};",[Logic – Wrong condition operator] Changed the union early-return condition from checking whether roots are equal to checking whether they are different.,Wrong Answer,"isConnected =
[[1,1,0],[1,1,0],[0,0,1]]",0,2,,qwen3.7-max,zero-shot,Wrong Answer,"""[[1,1,0],[1,1,0],[0,0,1]]""","""0""","""2""",
Graph,Medium,162,"Given a directed acyclic graph (DAG) of n nodes labeled from 0 to n - 1, find all possible paths from node 0 to node n - 1 and return them in any order.

The graph is given as follows: graph[i] is a list of all nodes you can visit from node i (i.e., there is a directed edge from node i to node graph[i][j]).

Example 1:

Input: graph = [[1,2],[3],[3],[]]
Output: [[0,1,3],[0,2,3]]
Explanation: There are two paths: 0 -> 1 -> 3 and 0 -> 2 -> 3.

Example 2:

Input: graph = [[4,3,1],[3,2,4],[3],[4],[]]
Output: [[0,4],[0,3,4],[0,1,3,4],[0,1,2,3,4],[0,1,4]]

Constraints:

	n == graph.length
	2 <= n <= 15
	0 <= graph[i][j] < n
	graph[i][j] != i (i.e., there will be no self-loops).
	All the elements of graph[i] are unique.
	The input graph is guaranteed to be a DAG.","			

class Solution {
 public:
  vector<vector<int>> allPathsSourceTarget(vector<vector<int>>& graph) {
    vector<vector<int>> ans;
    dfs(graph, 0, {0}, ans);
    return ans;
  }

 private:
  void dfs(const vector<vector<int>>& graph, int u, vector<int>&& path,
           vector<vector<int>>& ans) {
    if (u == graph.size() - 1) {
      ans.push_back(path);
      return;
    }

    for (const int v : graph[u]) {
      path.push_back(v);
      dfs(graph, v, move(path), ans);
      path.pop_back();
    }
  }
};",https://leetcode.com/problems/all-paths-from-source-to-target,"class Solution {
 public:
  vector<vector<int>> allPathsSourceTarget(vector<vector<int>>& graph) {
    vector<vector<int>> ans;
    dfs(graph, 0, {0}, ans);
    return ans;
  }

 private:
  void dfs(const vector<vector<int>>& graph, int u, vector<int>&& path,
           vector<vector<int>>& ans) {
    if (u != graph.size() - 1) {
      ans.push_back(path);
      return;
    }

    for (const int v : graph[u]) {
      path.push_back(v);
      dfs(graph, v, move(path), ans);
      path.pop_back();
    }
  }
};",[Logic – Wrong condition operator] Changed the DFS base-case check from reaching the target node to not reaching the target node.,Wrong Answer,"graph =
[[1,2],[3],[3],[]]",[[0]],"[[0,1,3],[0,2,3]]",,qwen3.7-max,zero-shot,Wrong Answer,"""[[1,2],[3],[3],[]]""","""[[0]]""","""[[0,1,3],[0,2,3]]""","The base case condition in the DFS function is inverted. It checks `if (u != graph.size() - 1)` instead of `if (u == graph.size() - 1)`, causing it to prematurely terminate and add incomplete paths to the result whenever it visits a node that is not the target."
Graph,Medium,163,"There is a directed graph of n nodes with each node labeled from 0 to n - 1. The graph is represented by a 0-indexed 2D integer array graph where graph[i] is an integer array of nodes adjacent to node i, meaning there is an edge from node i to each node in graph[i].

A node is a terminal node if there are no outgoing edges. A node is a safe node if every possible path starting from that node leads to a terminal node (or another safe node).

Return an array containing all the safe nodes of the graph. The answer should be sorted in ascending order.

Example 1:

Input: graph = [[1,2],[2,3],[5],[0],[5],[],[]]
Output: [2,4,5,6]
Explanation: The given graph is shown above.
Nodes 5 and 6 are terminal nodes as there are no outgoing edges from either of them.
Every path starting at nodes 2, 4, 5, and 6 all lead to either node 5 or 6.

Example 2:

Input: graph = [[1,2,3,4],[1,2],[3,4],[0,4],[]]
Output: [4]
Explanation:
Only node 4 is a terminal node, and every path starting at node 4 leads to node 4.

Constraints:

	n == graph.length
	1 <= n <= 104
	0 <= graph[i].length <= n
	0 <= graph[i][j] <= n - 1
	graph[i] is sorted in a strictly increasing order.
	The graph may contain self-loops.
	The number of edges in the graph will be in the range [1, 4 * 104].","			

enum class State { kInit, kVisiting, kVisited };

class Solution {
 public:
  vector<int> eventualSafeNodes(vector<vector<int>>& graph) {
    vector<int> ans;
    vector<State> state(graph.size());

    for (int i = 0; i < graph.size(); ++i)
      if (!hasCycle(graph, i, state))
        ans.push_back(i);

    return ans;
  }

 private:
  bool hasCycle(const vector<vector<int>>& graph, int u, vector<State>& state) {
    if (state[u] == State::kVisiting)
      return true;
    if (state[u] == State::kVisited)
      return false;

    state[u] = State::kVisiting;
    for (const int v : graph[u])
      if (hasCycle(graph, v, state))
        return true;
    state[u] = State::kVisited;

    return false;
  }
};",https://leetcode.com/problems/find-eventual-safe-states,"enum class State { kInit, kVisiting, kVisited };

class Solution {
 public:
  vector<int> eventualSafeNodes(vector<vector<int>>& graph) {
    vector<int> ans;
    vector<State> state(graph.size());

    for (int i = 0; i < graph.size(); ++i)
      if (!hasCycle(graph, i, state))
        ans.push_back(i);

    return ans;
  }

 private:
  bool hasCycle(const vector<vector<int>>& graph, int u, vector<State>& state) {
    if (state[u] == State::kVisiting)
      return true;
    if (state[u] != State::kVisited)
      return false;

    state[u] = State::kVisiting;
    for (const int v : graph[u])
      if (hasCycle(graph, v, state))
        return true;
    state[u] = State::kVisited;

    return false;
  }
};","[Logic – Wrong condition operator] Changed the visited-state check from `state[u] == State::kVisited` to `state[u] != State::kVisited`, causing nodes currently in the initial state to be incorrectly treated as already safe.",Wrong Answer,"graph =
[[1,2],[2,3],[5],[0],[5],[],[]]","[0,1,2,3,4,5,6]","[2,4,5,6]",,qwen3.7-max,zero-shot,Wrong Answer,"""graph = [[1,2],[2,3],[5],[0],[5],[],[]]""","""[0,1,2,3,4,5,6]""","""[2,4,5,6]""",
Graph,Medium,164,"There are n rooms labeled from 0 to n - 1 and all the rooms are locked except for room 0. Your goal is to visit all the rooms. However, you cannot enter a locked room without having its key.

When you visit a room, you may find a set of distinct keys in it. Each key has a number on it, denoting which room it unlocks, and you can take all of them with you to unlock the other rooms.

Given an array rooms where rooms[i] is the set of keys that you can obtain if you visited room i, return true if you can visit all the rooms, or false otherwise.

Example 1:

Input: rooms = [[1],[2],[3],[]]
Output: true
Explanation: 
We visit room 0 and pick up key 1.
We then visit room 1 and pick up key 2.
We then visit room 2 and pick up key 3.
We then visit room 3.
Since we were able to visit every room, we return true.

Example 2:

Input: rooms = [[1,3],[3,0,1],[2],[0]]
Output: false
Explanation: We can not enter room number 2 since the only key that unlocks it is in that room.

Constraints:

	n == rooms.length
	2 <= n <= 1000
	0 <= rooms[i].length <= 1000
	1 <= sum(rooms[i].length) <= 3000
	0 <= rooms[i][j] < n
	All the values of rooms[i] are unique.","			

class Solution {
 public:
  bool canVisitAllRooms(vector<vector<int>>& rooms) {
    vector<bool> seen(rooms.size());
    dfs(rooms, 0, seen);
    return all_of(begin(seen), end(seen), [](int s) { return s == true; });
  }

 private:
  void dfs(const vector<vector<int>>& rooms, int node, vector<bool>& seen) {
    seen[node] = true;
    for (const int child : rooms[node])
      if (!seen[child])
        dfs(rooms, child, seen);
  }
};",https://leetcode.com/problems/keys-and-rooms,"class Solution {
 public:
  bool canVisitAllRooms(vector<vector<int>>& rooms) {
    vector<bool> seen(rooms.size());
    dfs(rooms, 0, seen);
    return all_of(begin(seen), end(seen), [](int s) { return s == true; });
  }

 private:
  void dfs(const vector<vector<int>>& rooms, int node, vector<bool>& seen) {
    seen[node] = true;
    for (const int child : rooms[node])
      if (seen[child])
        dfs(rooms, child, seen);
  }
};",[Logic – Wrong condition operator] Changed the DFS condition from visiting unseen child rooms to recursing only when a child room is already seen.,Wrong Answer,"rooms =
[[1],[2],[3],[]]",FALSE,TRUE,,qwen3.7-max,zero-shot,Wrong Answer,"""[[1],[2],[3],[]]""","""false""","""true""",
Graph,Medium,165,"There is a group of n people labeled from 0 to n - 1 where each person has a different amount of money and a different level of quietness.

You are given an array richer where richer[i] = [ai, bi] indicates that ai has more money than bi and an integer array quiet where quiet[i] is the quietness of the ith person. All the given data in richer are logically correct (i.e., the data will not lead you to a situation where x is richer than y and y is richer than x at the same time).

Return an integer array answer where answer[x] = y if y is the least quiet person (that is, the person y with the smallest value of quiet[y]) among all people who definitely have equal to or more money than the person x.

Example 1:

Input: richer = [[1,0],[2,1],[3,1],[3,7],[4,3],[5,3],[6,3]], quiet = [3,2,5,4,6,1,7,0]
Output: [5,5,2,5,4,5,6,7]
Explanation: 
answer[0] = 5.
Person 5 has more money than 3, which has more money than 1, which has more money than 0.
The only person who is quieter (has lower quiet[x]) is person 7, but it is not clear if they have more money than person 0.
answer[7] = 7.
Among all people that definitely have equal to or more money than person 7 (which could be persons 3, 4, 5, 6, or 7), the person who is the quietest (has lower quiet[x]) is person 7.
The other answers can be filled out with similar reasoning.

Example 2:

Input: richer = [], quiet = [0]
Output: [0]

Constraints:

	n == quiet.length
	1 <= n <= 500
	0 <= quiet[i] < n
	All the values of quiet are unique.
	0 <= richer.length <= n * (n - 1) / 2
	0 <= ai, bi < n
	ai != bi
	All the pairs of richer are unique.
	The observations in richer are all logically consistent.","			

class Solution {
 public:
  vector<int> loudAndRich(vector<vector<int>>& richer, vector<int>& quiet) {
    vector<int> ans(quiet.size(), -1);
    vector<vector<int>> graph(quiet.size());

    for (const vector<int>& e : richer)
      graph[e[1]].push_back(e[0]);

    for (int i = 0; i < graph.size(); ++i)
      dfs(graph, i, quiet, ans);

    return ans;
  }

 private:
  int dfs(const vector<vector<int>>& graph, int u, const vector<int>& quiet,
          vector<int>& ans) {
    if (ans[u] != -1)
      return ans[u];

    ans[u] = u;

    for (const int v : graph[u]) {
      const int res = dfs(graph, v, quiet, ans);
      if (quiet[res] < quiet[ans[u]])
        ans[u] = res;
    }

    return ans[u];
  }
};",https://leetcode.com/problems/loud-and-rich,"class Solution {
 public:
  vector<int> loudAndRich(vector<vector<int>>& richer, vector<int>& quiet) {
    vector<int> ans(quiet.size(), -1);
    vector<vector<int>> graph(quiet.size());

    for (const vector<int>& e : richer)
      graph[e[1]].push_back(e[0]);

    for (int i = 0; i < graph.size(); ++i)
      dfs(graph, i, quiet, ans);

    return ans;
  }

 private:
  int dfs(const vector<vector<int>>& graph, int u, const vector<int>& quiet,
          vector<int>& ans) {
    if (ans[u] == -1)
      return ans[u];

    ans[u] = u;

    for (const int v : graph[u]) {
      const int res = dfs(graph, v, quiet, ans);
      if (quiet[res] < quiet[ans[u]])
        ans[u] = res;
    }

    return ans[u];
  }
};","[Logic – Wrong condition operator] Changed the memoization guard from `ans[u] != -1` to `ans[u] == -1`, causing uncomputed nodes to return immediately.",Wrong Answer,"richer =
[[1,0],[2,1],[3,1],[3,7],[4,3],[5,3],[6,3]]
quiet =
[3,2,5,4,6,1,7,0]","[-1,-1,-1,-1,-1,-1,-1,-1]","[5,5,2,5,4,5,6,7]",,qwen3.7-max,zero-shot,Wrong Answer,"""richer = [[1,0],[2,1],[3,1],[3,7],[4,3],[5,3],[6,3]], quiet = [3,2,5,4,6,1,7,0]""","""[-1,-1,-1,-1,-1,-1,-1,-1]""","""[5,5,2,5,4,5,6,7]""","The base case in the DFS function is incorrect. It checks `if (ans[u] == -1)` instead of `if (ans[u] != -1)`. As a result, the function immediately returns -1 for all unvisited nodes without exploring the graph, leaving the answer array filled with -1s."
Graph,Medium,166,"We want to split a group of n people (labeled from 1 to n) into two groups of any size. Each person may dislike some other people, and they should not go into the same group.

Given the integer n and the array dislikes where dislikes[i] = [ai, bi] indicates that the person labeled ai does not like the person labeled bi, return true if it is possible to split everyone into two groups in this way.

Example 1:

Input: n = 4, dislikes = [[1,2],[1,3],[2,4]]
Output: true
Explanation: The first group has [1,4], and the second group has [2,3].

Example 2:

Input: n = 3, dislikes = [[1,2],[1,3],[2,3]]
Output: false
Explanation: We need at least 3 groups to divide them. We cannot put them in two groups.

Constraints:

	1 <= n <= 2000
	0 <= dislikes.length <= 104
	dislikes[i].length == 2
	1 <= ai < bi <= n
	All the pairs of dislikes are unique.","			

enum Color { kWhite, kRed, kGreen };

class Solution {
 public:
  bool possibleBipartition(int n, vector<vector<int>>& dislikes) {
    vector<vector<int>> graph(n + 1);
    vector<Color> colors(n + 1, Color::kWhite);

    for (const vector<int>& d : dislikes) {
      const int u = d[0];
      const int v = d[1];
      graph[u].push_back(v);
      graph[v].push_back(u);
    }

    // Reduce to 785. Is Graph Bipartite?
    for (int i = 1; i <= n; ++i)
      if (colors[i] == Color::kWhite &&
          !isValidColor(graph, i, colors, Color::kRed))
        return false;

    return true;
  }

 private:
  bool isValidColor(const vector<vector<int>>& graph, int u,
                    vector<Color>& colors, Color color) {
    // The painted color should be same as the `color`
    if (colors[u] != Color::kWhite)
      return colors[u] == color;

    colors[u] = color;  // Always paint w/ `color`

    // All children should have valid colors
    for (const int v : graph[u])
      if (!isValidColor(graph, v, colors,
                        color == Color::kRed ? Color::kGreen : Color::kRed))
        return false;

    return true;
  }
};",https://leetcode.com/problems/possible-bipartition,"enum Color { kWhite, kRed, kGreen };

class Solution {
 public:
  bool possibleBipartition(int n, vector<vector<int>>& dislikes) {
    vector<vector<int>> graph(n + 1);
    vector<Color> colors(n + 1, Color::kWhite);

    for (const vector<int>& d : dislikes) {
      const int u = d[0];
      const int v = d[1];
      graph[u].push_back(v);
      graph[v].push_back(u);
    }

    // Reduce to 785. Is Graph Bipartite?
    for (int i = 1; i <= n; ++i)
      if (colors[i] == Color::kWhite &&
          !isValidColor(graph, i, colors, Color::kRed))
        return false;

    return true;
  }

 private:
  bool isValidColor(const vector<vector<int>>& graph, int u,
                    vector<Color>& colors, Color color) {
    // The painted color should be same as the `color`
    if (colors[u] == Color::kWhite)
      return colors[u] == color;

    colors[u] = color;  // Always paint w/ `color`

    // All children should have valid colors
    for (const int v : graph[u])
      if (!isValidColor(graph, v, colors,
                        color == Color::kRed ? Color::kGreen : Color::kRed))
        return false;

    return true;
  }
};",[Logic – Wrong condition operator] Changed the check for an already-colored node from `colors[u] != Color::kWhite` to `colors[u] == Color::kWhite`.,Wrong Answer,"n =
4
dislikes =
[[1,2],[1,3],[2,4]]",FALSE,TRUE,,qwen3.7-max,zero-shot,Wrong Answer,"""n = 4, dislikes = [[1,2],[1,3],[2,4]]""","""false""","""true""","The condition `if (colors[u] == Color::kWhite)` in the `isValidColor` function is logically backwards; it should be `if (colors[u] != Color::kWhite)`. As written, when an unvisited node (colored kWhite) is processed, it checks if kWhite equals the target color (kRed or kGreen), which is always false. This causes the function to immediately return false on the very first node, resulting in an incorrect output for almost all inputs."
Graph,Medium,167,"On a 2D plane, we place n stones at some integer coordinate points. Each coordinate point may have at most one stone.

A stone can be removed if it shares either the same row or the same column as another stone that has not been removed.

Given an array stones of length n where stones[i] = [xi, yi] represents the location of the ith stone, return the largest possible number of stones that can be removed.

Example 1:

Input: stones = [[0,0],[0,1],[1,0],[1,2],[2,1],[2,2]]
Output: 5
Explanation: One way to remove 5 stones is as follows:
1. Remove stone [2,2] because it shares the same row as [2,1].
2. Remove stone [2,1] because it shares the same column as [0,1].
3. Remove stone [1,2] because it shares the same row as [1,0].
4. Remove stone [1,0] because it shares the same column as [0,0].
5. Remove stone [0,1] because it shares the same row as [0,0].
Stone [0,0] cannot be removed since it does not share a row/column with another stone still on the plane.

Example 2:

Input: stones = [[0,0],[0,2],[1,1],[2,0],[2,2]]
Output: 3
Explanation: One way to make 3 moves is as follows:
1. Remove stone [2,2] because it shares the same row as [2,0].
2. Remove stone [2,0] because it shares the same column as [0,0].
3. Remove stone [0,2] because it shares the same row as [0,0].
Stones [0,0] and [1,1] cannot be removed since they do not share a row/column with another stone still on the plane.

Example 3:

Input: stones = [[0,0]]
Output: 0
Explanation: [0,0] is the only stone on the plane, so you cannot remove it.

Constraints:

	1 <= stones.length <= 1000
	0 <= xi, yi <= 104
	No two stones are at the same coordinate point.","                        

class Solution {
 public:
  int removeStones(vector<vector<int>>& stones) {
    int numOfIslands = 0;
    vector<vector<int>> graph(stones.size());
    unordered_set<int> seen;

    for (int i = 0; i < stones.size(); ++i)
      for (int j = i + 1; j < stones.size(); ++j)
        if (stones[i][0] == stones[j][0] || stones[i][1] == stones[j][1]) {
          graph[i].push_back(j);
          graph[j].push_back(i);
        }

    for (int i = 0; i < stones.size(); ++i)
      if (seen.insert(i).second) {
        dfs(graph, i, seen);
        ++numOfIslands;
      }

    return stones.size() - numOfIslands;
  }

 private:
  void dfs(const vector<vector<int>>& graph, int u, unordered_set<int>& seen) {
    for (const int v : graph[u])
      if (seen.insert(v).second)
        dfs(graph, v, seen);
  }
};",https://leetcode.com/problems/most-stones-removed-with-same-row-or-column,"class Solution {
 public:
  int removeStones(vector<vector<int>>& stones) {
    int numOfIslands = 0;
    vector<vector<int>> graph(stones.size());
    unordered_set<int> seen;

    for (int i = 0; i < stones.size(); ++i)
      for (int j = i + 1; j < stones.size(); ++j)
        if (stones[i][0] == stones[j][0] && stones[i][1] == stones[j][1]) {
          graph[i].push_back(j);
          graph[j].push_back(i);
        }

    for (int i = 0; i < stones.size(); ++i)
      if (seen.insert(i).second) {
        dfs(graph, i, seen);
        ++numOfIslands;
      }

    return stones.size() - numOfIslands;
  }

 private:
  void dfs(const vector<vector<int>>& graph, int u, unordered_set<int>& seen) {
    for (const int v : graph[u])
      if (seen.insert(v).second)
        dfs(graph, v, seen);
  }
};",[Logic – Wrong condition operator] Changed the edge-building condition to connect stones only when both row and column match instead of when either matches.,Wrong Answer,"stones =
[[0,0],[0,1],[1,0],[1,2],[2,1],[2,2]]",0,5,,qwen3.7-max,zero-shot,Wrong Answer,"""[[0,0],[0,1],[1,0],[1,2],[2,1],[2,2]]""","""0""","""5""",
Graph,Medium,168,"You are given an array of strings equations that represent relationships between variables where each string equations[i] is of length 4 and takes one of two different forms: ""xi==yi"" or ""xi!=yi"".Here, xi and yi are lowercase letters (not necessarily different) that represent one-letter variable names.

Return true if it is possible to assign integers to variable names so as to satisfy all the given equations, or false otherwise.

Example 1:

Input: equations = [""a==b"",""b!=a""]
Output: false
Explanation: If we assign say, a = 1 and b = 1, then the first equation is satisfied, but not the second.
There is no way to assign the variables to satisfy both equations.

Example 2:

Input: equations = [""b==a"",""a==b""]
Output: true
Explanation: We could assign a = 1 and b = 1 to satisfy both equations.

Constraints:

	1 <= equations.length <= 500
	equations[i].length == 4
	equations[i][0] is a lowercase letter.
	equations[i][1] is either '=' or '!'.
	equations[i][2] is '='.
	equations[i][3] is a lowercase letter.","			

class UnionFind {
 public:
  UnionFind(int n) : id(n) {
    iota(begin(id), end(id), 0);
  }

  void union_(int u, int v) {
    id[find(u)] = find(v);
  }

  int find(int u) {
    return id[u] == u ? u : id[u] = find(id[u]);
  }

 private:
  vector<int> id;
};

class Solution {
 public:
  bool equationsPossible(vector<string>& equations) {
    UnionFind uf(26);

    for (const string& e : equations)
      if (e[1] == '=') {
        const int x = e[0] - 'a';
        const int y = e[3] - 'a';
        uf.union_(x, y);
      }

    for (const string& e : equations)
      if (e[1] == '!') {
        const int x = e[0] - 'a';
        const int y = e[3] - 'a';
        if (uf.find(x) == uf.find(y))
          return false;
      }

    return true;
  }
};",https://leetcode.com/problems/satisfiability-of-equality-equations,"class UnionFind {
 public:
  UnionFind(int n) : id(n) {
    iota(begin(id), end(id), 0);
  }

  void union_(int u, int v) {
    id[find(u)] = find(v);
  }

  int find(int u) {
    return id[u] == u ? u : id[u] = find(id[u]);
  }

 private:
  vector<int> id;
};

class Solution {
 public:
  bool equationsPossible(vector<string>& equations) {
    UnionFind uf(26);

    for (const string& e : equations)
      if (e[1] == '=') {
        const int x = e[0] - 'a';
        const int y = e[3] - 'a';
        uf.union_(x, y);
      }

    for (const string& e : equations)
      if (e[1] == '=') {
        const int x = e[0] - 'a';
        const int y = e[3] - 'a';
        if (uf.find(x) == uf.find(y))
          return false;
      }

    return true;
  }
};",[Logic – Wrong condition operator] Changed the second pass condition from checking inequality equations to checking equality equations.,Wrong Answer,"equations =
[""b==a"",""a==b""]",FALSE,TRUE,,qwen3.7-max,zero-shot,Wrong Answer,"""[\""a==b\""]""","""false""","""true""",
Graph,Medium,169,"You have n gardens, labeled from 1 to n, and an array paths where paths[i] = [xi, yi] describes a bidirectional path between garden xi to garden yi. In each garden, you want to plant one of 4 types of flowers.

All gardens have at most 3 paths coming into or leaving it.

Your task is to choose a flower type for each garden such that, for any two gardens connected by a path, they have different types of flowers.

Return any such a choice as an array answer, where answer[i] is the type of flower planted in the (i+1)th garden. The flower types are denoted 1, 2, 3, or 4. It is guaranteed an answer exists.

Example 1:

Input: n = 3, paths = [[1,2],[2,3],[3,1]]
Output: [1,2,3]
Explanation:
Gardens 1 and 2 have different types.
Gardens 2 and 3 have different types.
Gardens 3 and 1 have different types.
Hence, [1,2,3] is a valid answer. Other valid answers include [1,2,4], [1,4,2], and [3,2,1].

Example 2:

Input: n = 4, paths = [[1,2],[3,4]]
Output: [1,2,1,2]

Example 3:

Input: n = 4, paths = [[1,2],[2,3],[3,4],[4,1],[1,3],[2,4]]
Output: [1,2,3,4]

Constraints:

	1 <= n <= 104
	0 <= paths.length <= 2 * 104
	paths[i].length == 2
	1 <= xi, yi <= n
	xi != yi
	Every garden has at most 3 paths coming into or leaving it.","			

class Solution {
 public:
  vector<int> gardenNoAdj(int n, vector<vector<int>>& paths) {
    vector<int> ans(n);  // ans[i] := 1, 2, 3, or 4
    vector<vector<int>> graph(n);

    for (const vector<int>& p : paths) {
      const int u = p[0] - 1;
      const int v = p[1] - 1;
      graph[u].push_back(v);
      graph[v].push_back(u);
    }

    for (int i = 0; i < n; ++i) {
      vector<bool> used(5);
      for (const int v : graph[i])
        used[ans[v]] = true;
      for (int type = 1; type < 5; ++type)
        if (!used[type]) {
          ans[i] = type;
          break;
        }
    }

    return ans;
  }
};",https://leetcode.com/problems/flower-planting-with-no-adjacent,"class Solution {
 public:
  vector<int> gardenNoAdj(int n, vector<vector<int>>& paths) {
    vector<int> ans(n);  // ans[i] := 1, 2, 3, or 4
    vector<vector<int>> graph(n);

    for (const vector<int>& p : paths) {
      const int u = p[0] - 1;
      const int v = p[1] - 1;
      graph[u].push_back(v);
      graph[v].push_back(u);
    }

    for (int i = 0; i < n; ++i) {
      vector<bool> used(5);
      for (const int v : graph[i])
        used[ans[v]] = true;
      for (int type = 1; type < 5; ++type)
        if (used[type]) {
          ans[i] = type;
          break;
        }
    }

    return ans;
  }
};",[Logic – Wrong condition operator] Changed the flower type selection condition from choosing an unused type to choosing a used type.,Wrong Answer,"n =
3
paths =
[[1,2],[2,3],[3,1]]","[0,0,0]","[1,2,3]",,qwen3.7-max,zero-shot,Wrong Answer,"""n = 3, paths = [[1,2],[2,3],[3,1]]""","""[0,0,0]""","""[1,2,3]""",
Graph,Hard,170,"You are given a list of airline tickets where tickets[i] = [fromi, toi] represent the departure and the arrival airports of one flight. Reconstruct the itinerary in order and return it.
 
 All of the tickets belong to a man who departs from ""JFK"", thus, the itinerary must begin with ""JFK"". If there are multiple valid itineraries, you should return the itinerary that has the smallest lexical order when read as a single string.
 
 For example, the itinerary [""JFK"", ""LGA""] has a smaller lexical order than [""JFK"", ""LGB""].
 
 You may assume all tickets form at least one valid itinerary. You must use all the tickets once and only once.
 
 Example 1:
 
 Input: tickets = [[""MUC"",""LHR""],[""JFK"",""MUC""],[""SFO"",""SJC""],[""LHR"",""SFO""]]
 Output: [""JFK"",""MUC"",""LHR"",""SFO"",""SJC""]
 
 Example 2:
 
 Input: tickets = [[""JFK"",""SFO""],[""JFK"",""ATL""],[""SFO"",""ATL""],[""ATL"",""JFK""],[""ATL"",""SFO""]]
 Output: [""JFK"",""ATL"",""JFK"",""SFO"",""ATL"",""SFO""]
 Explanation: Another possible reconstruction is [""JFK"",""SFO"",""ATL"",""JFK"",""ATL"",""SFO""] but it is larger in lexical order.
 
 Constraints:
 
 1 <= tickets.length <= 300
 tickets[i].length == 2
 fromi.length == 3
 toi.length == 3
 fromi and toi consist of uppercase English letters.
 fromi != toi","const int N = 605;
const int A = 26;
const int M = A * A * A;

vector <int> g_from[N];
string id_to_string[N];
int itin[N];
int n, k;

class Solution {
public:
    void findLeastPath(int v)
    {
        for (int u; !g_from[v].empty(); u = -g_from[v].back(), g_from[v].pop_back(), v = u) itin[k++] = v;
        itin[k++] = v;
    }

    void solve(int start)
    {
        //cout << id_to_string[start] << ""\n"";
        int k0 = k;
        findLeastPath(start);
        //for (int i = k0; i < k; ++i) cout << id_to_string[itin[i]] << "" "";
        //cout << ""\n"";
        for (int i = k - 1; i >= k0; --i)
        {
            if (g_from[itin[i]].empty()) continue;
            int k1 = k;
            solve(itin[i]);
            --k;
            rotate(itin + i, itin + k1, itin + k);
        }
    }

    vector<string> findItinerary(vector<vector<string>>& tickets) {
        int m = tickets.size(); n = 0;
        for (int i = 0; i < m; ++i)
        {
            id_to_string[n++] = tickets[i][0];
            id_to_string[n++] = tickets[i][1];
        }
        sort(id_to_string, id_to_string + (m<<1));
        n = 0;
        for (int i = 0; i < (m<<1); ++i)
        {
            if (i == 0 || id_to_string[i] != id_to_string[i-1]) id_to_string[n++] = id_to_string[i];
        }
        for (int i = 0; i < n; ++i)
        {
            g_from[i].clear();
        }
        for (const vector <string>& edge: tickets)
        {
            //int i0 = lower_bound(id_to_string, id_to_string + n, edge[0]), i1 = lower_bound(id_to_string, id_to_string + n, edge[1]);
            int i0, i1;
            for (i0 = 0; i0 < n && id_to_string[i0] != edge[0]; ++i0);
            for (i1 = 0; i1 < n && id_to_string[i1] != edge[1]; ++i1);
            g_from[i0].push_back(-i1);
        }

        for (int i = 0; i < n; ++i)
        {
            sort(g_from[i].begin(), g_from[i].end());
        }

        int start;
        for (start = 0; id_to_string[start] != ""JFK""; ++start);

        k = 0;
        solve(start);

        vector <string> ans(k);
        for (int i = 0; i < k; ++i) ans[i] = id_to_string[itin[i]];

        return ans;
    }
};",https://leetcode.com/problems/reconstruct-itinerary,"const int N = 605;
const int A = 26;
const int M = A * A * A;

vector <int> g_from[N];
string id_to_string[N];
int itin[N];
int n, k;

class Solution {
public:
    void findLeastPath(int v)
    {
        for (int u; !g_from[v].empty(); u = -g_from[v].back(), g_from[v].pop_back(), v = u) itin[k++] = v;
        itin[k++] = v;
    }

    void solve(int start)
    {
        //cout << id_to_string[start] << ""\n"";
        int k0 = k;
        findLeastPath(start);
        //for (int i = k0; i < k; ++i) cout << id_to_string[itin[i]] << "" "";
        //cout << ""\n"";
        for (int i = k - 1; i >= k0; --i)
        {
            if (g_from[itin[i]].empty()) continue;
            int k1 = k;
            solve(itin[i]);
            --k;
            rotate(itin + i, itin + k1, itin + k);
        }
    }

    vector<string> findItinerary(vector<vector<string>>& tickets) {
        int m = tickets.size(); n = 0;
        for (int i = 0; i < m; ++i)
        {
            id_to_string[n++] = tickets[i][0];
            id_to_string[n++] = tickets[i][1];
        }
        sort(id_to_string, id_to_string + (m<<1));
        n = 0;
        for (int i = 0; i < (m<<1); ++i)
        {
            if (i == 0 || id_to_string[i] == id_to_string[i-1]) id_to_string[n++] = id_to_string[i];
        }
        for (int i = 0; i < n; ++i)
        {
            g_from[i].clear();
        }
        for (const vector <string>& edge: tickets)
        {
            //int i0 = lower_bound(id_to_string, id_to_string + n, edge[0]), i1 = lower_bound(id_to_string, id_to_string + n, edge[1]);
            int i0, i1;
            for (i0 = 0; i0 < n && id_to_string[i0] != edge[0]; ++i0);
            for (i1 = 0; i1 < n && id_to_string[i1] != edge[1]; ++i1);
            g_from[i0].push_back(-i1);
        }

        for (int i = 0; i < n; ++i)
        {
            sort(g_from[i].begin(), g_from[i].end());
        }

        int start;
        for (start = 0; id_to_string[start] != ""JFK""; ++start);

        k = 0;
        solve(start);

        vector <string> ans(k);
        for (int i = 0; i < k; ++i) ans[i] = id_to_string[itin[i]];

        return ans;
    }
};","[Logic – Wrong condition operator] Changed the duplicate-removal condition from comparing adjacent airport strings with `!=` to `==`, causing unique airport IDs to be built incorrectly.",Wrong Answer,"tickets =
[[""MUC"",""LHR""],[""JFK"",""MUC""],[""SFO"",""SJC""],[""LHR"",""SFO""]]","[""JFK"",""MUC"",""LHR"",""SFO"",""MUC""]","[""JFK"",""MUC"",""LHR"",""SFO"",""SJC""]",,qwen3.7-max,zero-shot,Wrong Answer,"""[[\""MUC\"",\""LHR\""],[\""JFK\"",\""MUC\""],[\""SFO\"",\""SJC\""],[\""LHR\"",\""SFO\""]]""","""[\""JFK\"",\""MUC\"",\""LHR\"",\""SFO\"",\""\""]""","""[\""JFK\"",\""MUC\"",\""LHR\"",\""SFO\"",\""SJC\""]""","The code contains a logical error in the array compaction loop meant to extract unique airport strings: `if (i == 0 || id_to_string[i] == id_to_string[i-1])`. The condition should use `!=` instead of `==` to properly filter out duplicates (similar to `std::unique`). Due to this typo, the first occurrence of any string (except the very first element in the sorted array) is skipped. In Example 1, the airport 'SJC' appears only once and is not at index 0, so it is entirely omitted from the `id_to_string` mapping. This causes the algorithm to fail to find 'SJC', resulting in an out-of-bounds logical index that resolves to an empty string in the final output."
Graph,Hard,171,"In this problem, a rooted tree is a directed graph such that, there is exactly one node (the root) for which all other nodes are descendants of this node, plus every node has exactly one parent, except for the root node which has no parents.
 
 The given input is a directed graph that started as a rooted tree with n nodes (with distinct values from 1 to n), with one additional directed edge added. The added edge has two different vertices chosen from 1 to n, and was not an edge that already existed.
 
 The resulting graph is given as a 2D-array of edges. Each element of edges is a pair [ui, vi] that represents a directed edge connecting nodes ui and vi, where ui is a parent of child vi.
 
 Return an edge that can be removed so that the resulting graph is a rooted tree of n nodes. If there are multiple answers, return the answer that occurs last in the given 2D-array.
 
 Example 1:
 
 Input: edges = [[1,2],[1,3],[2,3]]
 Output: [2,3]
 
 Example 2:
 
 Input: edges = [[1,2],[2,3],[3,4],[4,1],[1,5]]
 Output: [4,1]
 
 Constraints:
 
 n == edges.length
 3 <= n <= 1000
 edges[i].length == 2
 1 <= ui, vi <= n
 ui != vi","class UnionFind {
  public:
  UnionFind(int n) : id(n) {
  iota(begin(id), end(id), 0);
  }
 
  bool union_(int u, int v) {
  const int i = find(u);
  const int j = find(v);
  if (i == j)
  return false;
  id[i] = j;
  return true;
  }
 
  private:
  vector<int> id;
 
  int find(int u) {
  return id[u] == u ? u : id[u] = find(id[u]);
  }
 };
 
 class Solution {
  public:
  vector<int> findRedundantDirectedConnection(vector<vector<int>>& edges) {
  vector<int> ids(edges.size() + 1);
  int nodeWithTwoParents = 0;
 
  for (const vector<int>& e : edges) {
  const int v = e[1];
  if (++ids[v] == 2) {
  nodeWithTwoParents = v;
  break;
  }
  }
 
  // If there is no edge with two ids
  // We don't have to skip any edge
  if (nodeWithTwoParents == 0)
  return findRedundantDirectedConnection(edges, -1);
 
  for (int i = edges.size() - 1; i >= 0; --i)
  if (edges[i][1] == nodeWithTwoParents)
  // Try to delete edges[i]
  if (findRedundantDirectedConnection(edges, i).empty())
  return edges[i];
 
  throw;
  }
 
  vector<int> findRedundantDirectedConnection(const vector<vector<int>>& edges,
  int skippedEdgeIndex) {
  UnionFind uf(edges.size() + 1);
 
  for (int i = 0; i < edges.size(); ++i) {
  if (i == skippedEdgeIndex)
  continue;
  if (!uf.union_(edges[i][0], edges[i][1]))
  return edges[i];
  }
 
  return {};
  }
 };",https://leetcode.com/problems/redundant-connection-ii,"class UnionFind {
 public:
  UnionFind(int n) : id(n) {
    iota(begin(id), end(id), 0);
  }

  bool union_(int u, int v) {
    const int i = find(u);
    const int j = find(v);
    if (i == j)
      return false;
    id[i] = j;
    return true;
  }

 private:
  vector<int> id;

  int find(int u) {
    return id[u] == u ? u : id[u] = find(id[u]);
  }
};

class Solution {
 public:
  vector<int> findRedundantDirectedConnection(vector<vector<int>>& edges) {
    vector<int> ids(edges.size() + 1);
    int nodeWithTwoParents = 0;

    for (const vector<int>& e : edges) {
      const int v = e[1];
      if (++ids[v] == 2) {
        nodeWithTwoParents = v;
        break;
      }
    }

    // If there is no edge with two ids
    // We don't have to skip any edge
    if (nodeWithTwoParents == 0)
      return findRedundantDirectedConnection(edges, -1);

    for (int i = edges.size() - 1; i >= 0; --i)
      if (edges[i][1] == nodeWithTwoParents)
        // Try to delete edges[i]
        if (findRedundantDirectedConnection(edges, i).empty())
          return edges[i];

    throw;
  }

  vector<int> findRedundantDirectedConnection(const vector<vector<int>>& edges,
                                              int skippedEdgeIndex) {
    UnionFind uf(edges.size() + 1);

    for (int i = 0; i < edges.size(); ++i) {
      if (i != skippedEdgeIndex)
        continue;
      if (!uf.union_(edges[i][0], edges[i][1]))
        return edges[i];
    }

    return {};
  }
};","[Logic – Wrong condition operator] Changed the skipped-edge check from `i == skippedEdgeIndex` to `i != skippedEdgeIndex`, causing the union-find loop to process only the skipped edge instead of all other edges.",Wrong Answer,"edges =
[[1,2],[2,3],[3,4],[4,1],[1,5]]",[],"[4,1]",,qwen3.7-max,zero-shot,Wrong Answer,"""[[1,2],[2,3],[3,1]]""","""[]""","""[3,1]""","In the helper function findRedundantDirectedConnection, the condition `if (i != skippedEdgeIndex) continue;` is inverted. It should be `if (i == skippedEdgeIndex) continue;`. Because of this typo, the UnionFind only processes the skipped edge (or skips all edges if skippedEdgeIndex is -1), failing to detect cycles and returning incorrect results."
Graph,Hard,172,"There is a safe protected by a password. The password is a sequence of n digits where each digit can be in the range [0, k - 1].
 
 The safe has a peculiar way of checking the password. When you enter in a sequence, it checks the most recent n digits that were entered each time you type a digit.
 
 For example, the correct password is ""345"" and you enter in ""012345"":
 
 After typing 0, the most recent 3 digits is ""0"", which is incorrect.
 After typing 1, the most recent 3 digits is ""01"", which is incorrect.
 After typing 2, the most recent 3 digits is ""012"", which is incorrect.
 After typing 3, the most recent 3 digits is ""123"", which is incorrect.
 After typing 4, the most recent 3 digits is ""234"", which is incorrect.
 After typing 5, the most recent 3 digits is ""345"", which is correct and the safe unlocks.
 
 Return any string of minimum length that will unlock the safe at some point of entering it.
 
 Example 1:
 
 Input: n = 1, k = 2
 Output: ""10""
 Explanation: The password is a single digit, so enter each digit. ""01"" would also unlock the safe.
 
 Example 2:
 
 Input: n = 2, k = 2
 Output: ""01100""
 Explanation: For each possible password:
 - ""00"" is typed in starting from the 4th digit.
 - ""01"" is typed in starting from the 1st digit.
 - ""10"" is typed in starting from the 3rd digit.
 - ""11"" is typed in starting from the 2nd digit.
 Thus ""01100"" will unlock the safe. ""10011"", and ""11001"" would also unlock the safe.
 
 Constraints:
 
 1 <= n <= 4
 1 <= k <= 10
 1 <= kn <= 4096","namespace {
constexpr int ipow(int k, int n) noexcept {
    int result = 1;
    while (n--)
        result *= k;
    return result;
}

struct Solution {
    static constexpr std::string crackSafe(int n, int k) noexcept {
        int size = k == 1 ? n : ipow(k, n) + n - 1;
        std::string result(size, '\0');
        auto write = result.begin();
        if (k == 1) {
            std::fill(result.begin(), result.end(), '0');
        } else {
            std::string a(k*n, '0');
            [&](this const auto& de_bruijn, int t, int p) noexcept -> void {
                if (t > n) {
                    if (n % p == 0)
                        write = std::copy(a.begin() + 1, a.begin() + p + 1, write);
                    return;
                }
                a[t] = a[t-p];
                de_bruijn(t+1, p);
                for (char j = a[t-p] + 1; j < k+'0'; ++j) {
                    a[t] = j;
                    de_bruijn(t+1, t);
                }
            }(1, 1);
            std::copy(result.begin(), result.begin() + (n-1), write);
        }
        return result;
    }
};
}",https://leetcode.com/problems/cracking-the-safe,"namespace {
constexpr int ipow(int k, int n) noexcept {
    int result = 1;
    while (n--)
        result *= k;
    return result;
}

struct Solution {
    static constexpr std::string crackSafe(int n, int k) noexcept {
        int size = k == 1 ? n : ipow(k, n) + n - 1;
        std::string result(size, '\0');
        auto write = result.begin();
        if (k == 1) {
            std::fill(result.begin(), result.end(), '0');
        } else {
            std::string a(k*n, '0');
            [&](this const auto& de_bruijn, int t, int p) noexcept -> void {
                if (t > n) {
                    if (n % p != 0)
                        write = std::copy(a.begin() + 1, a.begin() + p + 1, write);
                    return;
                }
                a[t] = a[t-p];
                de_bruijn(t+1, p);
                for (char j = a[t-p] + 1; j < k+'0'; ++j) {
                    a[t] = j;
                    de_bruijn(t+1, t);
                }
            }(1, 1);
            std::copy(result.begin(), result.begin() + (n-1), write);
        }
        return result;
    }
};
}",[Logic – Wrong condition operator] Changed the De Bruijn sequence emission condition from `n % p == 0` to `n % p != 0`.,Wrong Answer,"n =
1
k =
2","""\u0000""","""10""",,qwen3.7-max,zero-shot,Wrong Answer,"""n = 1, k = 2""","""""","""01""","The algorithm contains a logical error in the De Bruijn sequence generation: the condition `if (n % p != 0)` should be `if (n % p == 0)`. Because of this, the sequence is not correctly appended, resulting in an incorrect output (a string of null characters). Additionally, the explicit object parameter `this const auto&` in the lambda is a C++23 feature and will cause a Compilation Error on compilers that only support C++20 or older."
Graph,Hard,173,"There are n couples sitting in 2n seats arranged in a row and want to hold hands.
 
 The people and seats are represented by an integer array row where row[i] is the ID of the person sitting in the ith seat. The couples are numbered in order, the first couple being (0, 1), the second couple being (2, 3), and so on with the last couple being (2n - 2, 2n - 1).
 
 Return the minimum number of swaps so that every couple is sitting side by side. A swap consists of choosing any two people, then they stand up and switch seats.
 
 Example 1:
 
 Input: row = [0,2,1,3]
 Output: 1
 Explanation: We only need to swap the second (row[1]) and third (row[2]) person.
 
 Example 2:
 
 Input: row = [3,2,0,1]
 Output: 0
 Explanation: All couples are already seated side by side.
 
 Constraints:
 
 2n == row.length
 2 <= n <= 30
 n is even.
 0 <= row[i] < 2n
 All the elements of row are unique.","class UnionFind {
  public:
  UnionFind(int n) : count(n), id(n) {
  iota(begin(id), end(id), 0);
  }
 
  void union_(int u, int v) {
  const int i = find(u);
  const int j = find(v);
  if (i == j)
  return;
  id[i] = j;
  --count;
  }
 
  int getCount() const {
  return count;
  }
 
  private:
  int count;
  vector<int> id;
 
  int find(int u) {
  return id[u] == u ? u : id[u] = find(id[u]);
  }
 };
 
 class Solution {
  public:
  int minSwapsCouples(vector<int>& row) {
  const int n = row.size() / 2;
  UnionFind uf(n);
 
  for (int i = 0; i < n; ++i) {
  const int a = row[2 * i];
  const int b = row[2 * i + 1];
  uf.union_(a / 2, b / 2);
  }
 
  return n - uf.getCount();
  }
 };",https://leetcode.com/problems/couples-holding-hands,"class UnionFind {
  public:
  UnionFind(int n) : count(n), id(n) {
  iota(begin(id), end(id), 0);
  }
 
  void union_(int u, int v) {
  const int i = find(u);
  const int j = find(v);
  if (i != j)
  return;
  id[i] = j;
  --count;
  }
 
  int getCount() const {
  return count;
  }
 
  private:
  int count;
  vector<int> id;
 
  int find(int u) {
  return id[u] == u ? u : id[u] = find(id[u]);
  }
 };
 
 class Solution {
  public:
  int minSwapsCouples(vector<int>& row) {
  const int n = row.size() / 2;
  UnionFind uf(n);
 
  for (int i = 0; i < n; ++i) {
  const int a = row[2 * i];
  const int b = row[2 * i + 1];
  uf.union_(a / 2, b / 2);
  }
 
  return n - uf.getCount();
  }
 };","[Logic – Wrong condition operator] Changed the union early-return check from `if (i == j)` to `if (i != j)`, preventing distinct sets from being merged.",Wrong Answer,"row =
[0,2,1,3]",0,1,,qwen3.7-max,zero-shot,Wrong Answer,"""[0,2,1,3]""","""0""","""1""",
Graph,Hard,174,"You have an undirected, connected graph of n nodes labeled from 0 to n - 1. You are given an array graph where graph[i] is a list of all the nodes connected with node i by an edge.
 
 Return the length of the shortest path that visits every node. You may start and stop at any node, you may revisit nodes multiple times, and you may reuse edges.
 
 Example 1:
 
 Input: graph = [[1,2,3],[0],[0],[0]]
 Output: 4
 Explanation: One possible path is [1,0,2,0,3]
 
 Example 2:
 
 Input: graph = [[1],[0,2,4],[1,3,4],[2],[1,2]]
 Output: 4
 Explanation: One possible path is [0,1,4,2,3]
 
 Constraints:
 
 n == graph.length
 1 <= n <= 12
 0 <= graph[i].length <Â n
 graph[i] does not contain i.
 If graph[a] contains b, then graph[b] contains a.
 The input graph is always connected.","static const int fast_io = []() {
    std::ios_base::sync_with_stdio(false);
    std::cin.tie(NULL);
    return 0;
}();

class Solution {
public:
    int shortestPathLength(vector<vector<int>>& graph) {
        int n = graph.size();
        if (n <= 1) return 0;

        int target = (1 << n) - 1;
        int vis[4096] = {0}; 
        int q[49152];
        int head = 0, tail = 0;

        for (int i = 0; i < n; i++) {
            q[tail++] = (i << 12) | (1 << i);
            vis[1 << i] |= (1 << i);
        }

        int dist = 0;
        while (head < tail) {
            int size = tail - head;
            
            while (size--) {
                int state = q[head++];
                int u = state >> 12;
                int mask = state & 4095;
                for (int v : graph[u]) {
                    int next_mask = mask | (1 << v);
                    if (next_mask == target) return dist + 1;
                    if ((vis[next_mask] & (1 << v)) == 0) {
                        vis[next_mask] |= (1 << v);
                        q[tail++] = (v << 12) | next_mask;
                    }
                }
            }
            dist++; 
        }
        
        return 0;
    }
};",https://leetcode.com/problems/shortest-path-visiting-all-nodes,"static const int fast_io = []() {
    std::ios_base::sync_with_stdio(false);
    std::cin.tie(NULL);
    return 0;
}();

class Solution {
public:
    int shortestPathLength(vector<vector<int>>& graph) {
        int n = graph.size();
        if (n <= 1) return 0;

        int target = (1 << n) - 1;
        int vis[4096] = {0}; 
        int q[49152];
        int head = 0, tail = 0;

        for (int i = 0; i < n; i++) {
            q[tail++] = (i << 12) | (1 << i);
            vis[1 << i] |= (1 << i);
        }

        int dist = 0;
        while (head < tail) {
            int size = tail - head;
            
            while (size--) {
                int state = q[head++];
                int u = state >> 12;
                int mask = state & 4095;
                for (int v : graph[u]) {
                    int next_mask = mask | (1 << v);
                    if (next_mask != target) return dist + 1;
                    if ((vis[next_mask] & (1 << v)) == 0) {
                        vis[next_mask] |= (1 << v);
                        q[tail++] = (v << 12) | next_mask;
                    }
                }
            }
            dist++; 
        }
        
        return 0;
    }
};","[Logic – Wrong condition operator] Replaced the target-state check `next_mask == target` with `next_mask != target`, causing the BFS to return before all nodes are visited.",Wrong Answer,"graph =
[[1,2,3],[0],[0],[0]]",1,4,,qwen3.7-max,zero-shot,Wrong Answer,"""[[1,2,3],[0],[0],[0]]""","""1""","""4""",
Graph,Hard,175,"Given an m x n integers matrix, return the length of the longest increasing path in matrix.
 
 From each cell, you can either move in four directions: left, right, up, or down. You may not move diagonally or move outside the boundary (i.e., wrap-around is not allowed).
 
 Example 1:
 
 Input: matrix = [[9,9,4],[6,6,8],[2,1,1]]
 Output: 4
 Explanation: The longest increasing path is [1, 2, 6, 9].
 
 Example 2:
 
 Input: matrix = [[3,4,5],[3,2,6],[2,2,1]]
 Output: 4
 Explanation: The longest increasing path is [3, 4, 5, 6]. Moving diagonally is not allowed.
 
 Example 3:
 
 Input: matrix = [[1]]
 Output: 1
 
 Constraints:
 
 m == matrix.length
 n == matrix[i].length
 1 <= m, n <= 200
 0 <= matrix[i][j] <= 231 - 1","class Solution {
public:
    int dp[205][205];
    vector<int> dx = {-1, 0, 1, 0};
    vector<int> dy = {0, 1, 0, -1};
    int dfs(vector<vector<int>>& matrix, int i, int j, int n, int m) {
        if(dp[i][j] != -1)
            return dp[i][j];
        int maxi = 0;
        for(int k = 0; k < 4; k++) {
            int new_i = i + dx[k];
            int new_j = j + dy[k];
            if(new_i >= 0 && new_i < n && new_j >= 0 && new_j < m && matrix[new_i][new_j] > matrix[i][j]) {
                maxi = max(maxi, dfs(matrix, new_i, new_j, n, m));
            }
        }
        return dp[i][j] = 1 + maxi;
    }
    int longestIncreasingPath(vector<vector<int>>& matrix) {
        int n = matrix.size();
        int m = matrix[0].size();
        memset(dp, -1, sizeof(dp));
        int maxi = INT_MIN;
        for(int i = 0; i < n; i++) {
            for(int j = 0; j < m; j++) {
                int ans = dfs(matrix, i, j, n, m);
                maxi = max(maxi, ans);
            }
        }
        return maxi;
    }
};",https://leetcode.com/problems/longest-increasing-path-in-a-matrix,"class Solution {
public:
    int dp[205][205];
    vector<int> dx = {-1, 0, 1, 0};
    vector<int> dy = {0, 1, 0, -1};
    int dfs(vector<vector<int>>& matrix, int i, int j, int n, int m) {
        if(dp[i][j] == -1)
            return dp[i][j];
        int maxi = 0;
        for(int k = 0; k < 4; k++) {
            int new_i = i + dx[k];
            int new_j = j + dy[k];
            if(new_i >= 0 && new_i < n && new_j >= 0 && new_j < m && matrix[new_i][new_j] > matrix[i][j]) {
                maxi = max(maxi, dfs(matrix, new_i, new_j, n, m));
            }
        }
        return dp[i][j] = 1 + maxi;
    }
    int longestIncreasingPath(vector<vector<int>>& matrix) {
        int n = matrix.size();
        int m = matrix[0].size();
        memset(dp, -1, sizeof(dp));
        int maxi = INT_MIN;
        for(int i = 0; i < n; i++) {
            for(int j = 0; j < m; j++) {
                int ans = dfs(matrix, i, j, n, m);
                maxi = max(maxi, ans);
            }
        }
        return maxi;
    }
};","[Logic – Wrong condition operator] Changed the memoization check from `dp[i][j] != -1` to `dp[i][j] == -1`, causing uncomputed states to be returned immediately.",Wrong Answer,"matrix =
[[9,9,4],[6,6,8],[2,1,1]]",-1,4,,qwen3.7-max,zero-shot,Wrong Answer,"""[[9,9,4],[6,6,8],[2,1,1]]""","""-1""","""4""",
Graph,Hard,176,"You are given an undirected graph (the ""original graph"") with n nodes labeled from 0 to n - 1. You decide to subdivide each edge in the graph into a chain of nodes, with the number of new nodes varying between each edge.

The graph is given as a 2D array of edges where edges[i] = [ui, vi, cnti] indicates that there is an edge between nodes ui and vi in the original graph, and cnti is the total number of new nodes that you will subdivide the edge into. Note that cnti == 0 means you will not subdivide the edge.

To subdivide the edge [ui, vi], replace it with (cnti + 1) new edges and cnti new nodes. The new nodes are x1, x2, ..., xcnti, and the new edges are [ui, x1], [x1, x2], [x2, x3], ..., [xcnti-1, xcnti], [xcnti, vi].

In this new graph, you want to know how many nodes are reachable from the node 0, where a node is reachable if the distance is maxMoves or less.

Given the original graph and maxMoves, return the number of nodes that are reachable from node 0 in the new graph.

Example 1:

Input: edges = [[0,1,10],[0,2,1],[1,2,2]], maxMoves = 6, n = 3
Output: 13
Explanation: The edge subdivisions are shown in the image above.
The nodes that are reachable are highlighted in yellow.

Example 2:

Input: edges = [[0,1,4],[1,2,6],[0,2,8],[1,3,1]], maxMoves = 10, n = 4
Output: 23

Example 3:

Input: edges = [[1,2,4],[1,4,5],[1,3,1],[2,3,4],[3,4,5]], maxMoves = 17, n = 5
Output: 1
Explanation: Node 0 is disconnected from the rest of the graph, so only node 0 is reachable.

Constraints:

	0 <= edges.length <= min(n * (n - 1) / 2, 104)
	edges[i].length == 3
	0 <= ui < vi < n
	There are no multiple edges in the graph.
	0 <= cnti <= 104
	0 <= maxMoves <= 109
	1 <= n <= 3000","			

class Solution {
 public:
  int reachableNodes(vector<vector<int>>& edges, int maxMoves, int n) {
    using P = pair<int, int>;
    vector<vector<P>> graph(n);
    priority_queue<P, vector<P>, greater<>> minHeap;  // (d, u)
    vector<int> dist(n, maxMoves + 1);

    for (const vector<int>& e : edges) {
      const int u = e[0];
      const int v = e[1];
      const int cnt = e[2];
      graph[u].emplace_back(v, cnt);
      graph[v].emplace_back(u, cnt);
    }

    minHeap.emplace(0, 0);
    dist[0] = 0;

    while (!minHeap.empty()) {
      const auto [d, u] = minHeap.top();
      minHeap.pop();
      // Already takes maxMoves to reach u, can't explore anymore
      if (dist[u] >= maxMoves)
        break;
      for (const auto& [v, w] : graph[u]) {
        const int newDist = d + w + 1;
        if (newDist < dist[v]) {
          dist[v] = newDist;
          minHeap.emplace(newDist, v);
        }
      }
    }

    const int reachableNodes =
        count_if(begin(dist), end(dist), [&](int d) { return d <= maxMoves; });
    int reachableSubnodes = 0;

    for (const vector<int>& e : edges) {
      const int u = e[0];
      const int v = e[1];
      const int cnt = e[2];
      // Reachable nodes of e from u
      const int a = dist[u] > maxMoves ? 0 : min(maxMoves - dist[u], cnt);
      // Reachable nodes of e from v
      const int b = dist[v] > maxMoves ? 0 : min(maxMoves - dist[v], cnt);
      reachableSubnodes += min(a + b, cnt);
    }

    return reachableNodes + reachableSubnodes;
  }
};",https://leetcode.com/problems/reachable-nodes-in-subdivided-graph,"class Solution {
 public:
  int reachableNodes(vector<vector<int>>& edges, int maxMoves, int n) {
    using P = pair<int, int>;
    vector<vector<P>> graph(n);
    priority_queue<P, vector<P>, greater<>> minHeap;  // (d, u)
    vector<int> dist(n, maxMoves + 1);

    for (const vector<int>& e : edges) {
      const int u = e[0];
      const int v = e[1];
      const int cnt = e[2];
      graph[u].emplace_back(v, cnt);
      graph[v].emplace_back(u, cnt);
    }

    minHeap.emplace(0, 0);
    dist[0] = 0;

    while (!minHeap.empty()) {
      const auto [d, u] = minHeap.top();
      minHeap.pop();
      // Already takes maxMoves to reach u, can't explore anymore
      if (dist[u] >= maxMoves)
        break;
      for (const auto& [v, w] : graph[u]) {
        const int newDist = d + w + 1;
        if (newDist > dist[v]) {
          dist[v] = newDist;
          minHeap.emplace(newDist, v);
        }
      }
    }

    const int reachableNodes =
        count_if(begin(dist), end(dist), [&](int d) { return d <= maxMoves; });
    int reachableSubnodes = 0;

    for (const vector<int>& e : edges) {
      const int u = e[0];
      const int v = e[1];
      const int cnt = e[2];
      // Reachable nodes of e from u
      const int a = dist[u] > maxMoves ? 0 : min(maxMoves - dist[u], cnt);
      // Reachable nodes of e from v
      const int b = dist[v] > maxMoves ? 0 : min(maxMoves - dist[v], cnt);
      reachableSubnodes += min(a + b, cnt);
    }

    return reachableNodes + reachableSubnodes;
  }
};","[Logic – Wrong condition operator] Changed the Dijkstra relaxation condition from `newDist < dist[v]` to `newDist > dist[v]`, preventing shorter paths from being recorded.",Wrong Answer,"edges =
[[0,1,10],[0,2,1],[1,2,2]]
maxMoves =
6
n =
3",8,13,,qwen3.7-max,zero-shot,Wrong Answer,"""edges = [[0,1,10],[0,2,1],[1,2,2]], maxMoves = 6, n = 3""","""8""","""13""","The condition to update the shortest distance in Dijkstra's algorithm is inverted. It uses `newDist > dist[v]` instead of `newDist < dist[v]`, causing the algorithm to fail to find the correct shortest paths and incorrectly calculate the number of reachable nodes."
Graph,Hard,177,"A game on an undirected graph is played by two players, Mouse and Cat, who alternate turns.

The graph is given as follows: graph[a] is a list of all nodes b such that ab is an edge of the graph.

The mouse starts at node 1 and goes first, the cat starts at node 2 and goes second, and there is a hole at node 0.

During each player's turn, they must travel along one edge of the graph that meets where they are.  For example, if the Mouse is at node 1, it must travel to any node in graph[1].

Additionally, it is not allowed for the Cat to travel to the Hole (node 0).

Then, the game can end in three ways:

	If ever the Cat occupies the same node as the Mouse, the Cat wins.
	If ever the Mouse reaches the Hole, the Mouse wins.
	If ever a position is repeated (i.e., the players are in the same position as a previous turn, and it is the same player's turn to move), the game is a draw.

Given a graph, and assuming both players play optimally, return

	1 if the mouse wins the game,
	2 if the cat wins the game, or
	0 if the game is a draw.

Example 1:

Input: graph = [[2,5],[3],[0,4,5],[1,4,5],[2,3],[0,2,3]]
Output: 0

Example 2:

Input: graph = [[1,3],[0],[3],[0,2]]
Output: 1

Constraints:

	3 <= graph.length <= 50
	1 <= graph[i].length < graph.length
	0 <= graph[i][j] < graph.length
	graph[i][j] != i
	graph[i] is unique.
	The mouse and the cat can always move.","			

enum class State { kDraw, kMouseWin, kCatWin };

class Solution {
 public:
  int catMouseGame(vector<vector<int>>& graph) {
    const int n = graph.size();
    // Result of (cat, mouse, move)
    // Move := 0 (mouse) / 1 (cat)
    vector<vector<vector<State>>> states(
        n, vector<vector<State>>(n, vector<State>(2)));
    vector<vector<vector<int>>> outDegree(
        n, vector<vector<int>>(n, vector<int>(2)));
    queue<tuple<int, int, int, State>> q;  // (cat, mouse, move, state)

    for (int cat = 0; cat < n; ++cat)
      for (int mouse = 0; mouse < n; ++mouse) {
        outDegree[cat][mouse][0] = graph[mouse].size();
        outDegree[cat][mouse][1] =
            graph[cat].size() - count(begin(graph[cat]), end(graph[cat]), 0);
      }

    // Start from states that winner can be determined
    for (int cat = 1; cat < n; ++cat)
      for (int move = 0; move < 2; ++move) {
        // Mouse is in the hole -> State::kMouseWin
        states[cat][0][move] = State::kMouseWin;
        q.emplace(cat, 0, move, State::kMouseWin);
        // Cat catches mouse -> State::kCatWin
        states[cat][cat][move] = State::kCatWin;
        q.emplace(cat, cat, move, State::kCatWin);
      }

    while (!q.empty()) {
      const auto [cat, mouse, move, state] = q.front();
      q.pop();
      if (cat == 2 && mouse == 1 && move == 0)
        return static_cast<int>(state);
      const int prevMove = move ^ 1;
      for (const int prev : graph[prevMove ? cat : mouse]) {
        const int prevCat = prevMove ? prev : cat;
        if (prevCat == 0)  // Invalid
          continue;
        const int prevMouse = prevMove ? mouse : prev;
        // The state is already determined
        if (states[prevCat][prevMouse][prevMove] != State::kDraw)
          continue;
        if (prevMove == 0 && state == State::kMouseWin ||
            prevMove == 1 && state == State::kCatWin ||
            --outDegree[prevCat][prevMouse][prevMove] == 0) {
          states[prevCat][prevMouse][prevMove] = state;
          q.emplace(prevCat, prevMouse, prevMove, state);
        }
      }
    }

    return static_cast<int>(states[2][1][0]);
  }
};",https://leetcode.com/problems/cat-and-mouse,"enum class State { kDraw, kMouseWin, kCatWin };

class Solution {
 public:
  int catMouseGame(vector<vector<int>>& graph) {
    const int n = graph.size();
    // Result of (cat, mouse, move)
    // Move := 0 (mouse) / 1 (cat)
    vector<vector<vector<State>>> states(
        n, vector<vector<State>>(n, vector<State>(2)));
    vector<vector<vector<int>>> outDegree(
        n, vector<vector<int>>(n, vector<int>(2)));
    queue<tuple<int, int, int, State>> q;  // (cat, mouse, move, state)

    for (int cat = 0; cat < n; ++cat)
      for (int mouse = 0; mouse < n; ++mouse) {
        outDegree[cat][mouse][0] = graph[mouse].size();
        outDegree[cat][mouse][1] =
            graph[cat].size() - count(begin(graph[cat]), end(graph[cat]), 0);
      }

    // Start from states that winner can be determined
    for (int cat = 1; cat < n; ++cat)
      for (int move = 0; move < 2; ++move) {
        // Mouse is in the hole -> State::kMouseWin
        states[cat][0][move] = State::kMouseWin;
        q.emplace(cat, 0, move, State::kMouseWin);
        // Cat catches mouse -> State::kCatWin
        states[cat][cat][move] = State::kCatWin;
        q.emplace(cat, cat, move, State::kCatWin);
      }

    while (!q.empty()) {
      const auto [cat, mouse, move, state] = q.front();
      q.pop();
      if (cat == 2 && mouse == 1 && move == 0)
        return static_cast<int>(state);
      const int prevMove = move ^ 1;
      for (const int prev : graph[prevMove ? cat : mouse]) {
        const int prevCat = prevMove ? prev : cat;
        if (prevCat != 0)  // Invalid
          continue;
        const int prevMouse = prevMove ? mouse : prev;
        // The state is already determined
        if (states[prevCat][prevMouse][prevMove] != State::kDraw)
          continue;
        if (prevMove == 0 && state == State::kMouseWin ||
            prevMove == 1 && state == State::kCatWin ||
            --outDegree[prevCat][prevMouse][prevMove] == 0) {
          states[prevCat][prevMouse][prevMove] = state;
          q.emplace(prevCat, prevMouse, prevMove, state);
        }
      }
    }

    return static_cast<int>(states[2][1][0]);
  }
};","[Logic – Wrong condition operator] Changed the invalid previous cat position check from `prevCat == 0` to `prevCat != 0`, causing valid cat positions to be skipped.",Wrong Answer,"graph =
[[1,3],[0],[3],[0,2]]",0,1,,qwen3.7-max,zero-shot,Wrong Answer,"""[[1,3],[0],[3],[0,2]]""","""0""","""1""","The condition `if (prevCat != 0) continue;` is logically inverted. It should be `if (prevCat == 0) continue;` because the cat is not allowed to move to or be at the hole (node 0). As written, the code skips all valid previous states where the cat is not at 0, and only incorrectly processes invalid states where the cat is at 0. This prevents the backward induction from propagating correctly through the state graph, causing the algorithm to return the default initialized value of 0 (Draw) for almost all non-trivial cases."
Graph,Hard,178,"You are given a network of n nodes represented as an n x n adjacency matrix graph, where the ith node is directly connected to the jth node if graph[i][j] == 1.

Some nodes initial are initially infected by malware. Whenever two nodes are directly connected, and at least one of those two nodes is infected by malware, both nodes will be infected by malware. This spread of malware will continue until no more nodes can be infected in this manner.

Suppose M(initial) is the final number of nodes infected with malware in the entire network after the spread of malware stops. We will remove exactly one node from initial.

Return the node that, if removed, would minimize M(initial). If multiple nodes could be removed to minimize M(initial), return such a node with the smallest index.

Note that if a node was removed from the initial list of infected nodes, it might still be infected later due to the malware spread.

Example 1:
Input: graph = [[1,1,0],[1,1,0],[0,0,1]], initial = [0,1]
Output: 0
Example 2:
Input: graph = [[1,0,0],[0,1,0],[0,0,1]], initial = [0,2]
Output: 0
Example 3:
Input: graph = [[1,1,1],[1,1,1],[1,1,1]], initial = [1,2]
Output: 1

Constraints:

	n == graph.length
	n == graph[i].length
	2 <= n <= 300
	graph[i][j] is 0 or 1.
	graph[i][j] == graph[j][i]
	graph[i][i] == 1
	1 <= initial.length <= n
	0 <= initial[i] <= n - 1
	All the integers in initial are unique.","                        

class UnionFind {
 public:
  UnionFind(int n) : id(n) {
    iota(begin(id), end(id), 0);
  }

  void union_(int u, int v) {
    id[find(u)] = find(v);
  }

  int find(int u) {
    return id[u] == u ? u : id[u] = find(id[u]);
  }

 private:
  vector<int> id;
};

class Solution {
 public:
  int minMalwareSpread(vector<vector<int>>& graph, vector<int>& initial) {
    const int n = graph.size();
    UnionFind uf(n);
    vector<int> ufSize(n);
    vector<int> malwareCount(n);

    for (int i = 0; i < n; ++i)
      for (int j = i + 1; j < n; ++j)
        if (graph[i][j] == 1)
          uf.union_(i, j);

    for (int i = 0; i < n; ++i)
      ++ufSize[uf.find(i)];

    for (const int i : initial)
      ++malwareCount[uf.find(i)];

    sort(begin(initial), end(initial));

    int ans = initial[0];
    int maxUfSize = 0;

    // Find the max union's malware if it only contains 1 malware
    for (const int i : initial) {
      const int id = uf.find(i);
      if (ufSize[id] > maxUfSize && malwareCount[id] == 1) {
        maxUfSize = ufSize[id];
        ans = i;
      }
    }

    return ans;
  }
};",https://leetcode.com/problems/minimize-malware-spread,"class UnionFind {
 public:
  UnionFind(int n) : id(n) {
    iota(begin(id), end(id), 0);
  }

  void union_(int u, int v) {
    id[find(u)] = find(v);
  }

  int find(int u) {
    return id[u] == u ? u : id[u] = find(id[u]);
  }

 private:
  vector<int> id;
};

class Solution {
 public:
  int minMalwareSpread(vector<vector<int>>& graph, vector<int>& initial) {
    const int n = graph.size();
    UnionFind uf(n);
    vector<int> ufSize(n);
    vector<int> malwareCount(n);

    for (int i = 0; i < n; ++i)
      for (int j = i + 1; j < n; ++j)
        if (graph[i][j] == 1)
          uf.union_(i, j);

    for (int i = 0; i < n; ++i)
      ++ufSize[uf.find(i)];

    for (const int i : initial)
      ++malwareCount[uf.find(i)];

    sort(rbegin(initial), rend(initial));

    int ans = initial[0];
    int maxUfSize = 0;

    // Find the max union's malware if it only contains 1 malware
    for (const int i : initial) {
      const int id = uf.find(i);
      if (ufSize[id] > maxUfSize && malwareCount[id] == 1) {
        maxUfSize = ufSize[id];
        ans = i;
      }
    }

    return ans;
  }
};","[Logic – Wrong tie-break handling] Changed the sorting of initial infected nodes to descending order, causing ties to prefer the largest index instead of the smallest.",Wrong Answer,"graph =
[[1,1,0],[1,1,0],[0,0,1]]
initial =
[0,1]",1,0,,qwen3.7-max,zero-shot,Wrong Answer,"""graph = [[1,0,0],[0,1,0],[0,0,1]], initial = [0,2]""","""2""","""0""","The code sorts the 'initial' array in descending order and uses a strict greater-than condition (> maxUfSize) to update the answer. This causes it to return the largest index in case of a tie (or when no node can save a component), whereas the problem explicitly requires returning the smallest index. For Example 2, it incorrectly returns 2 instead of 0."
Graph,Hard,179,"You are given a network of n nodes represented as an n x n adjacency matrix graph, where the ith node is directly connected to the jth node if graph[i][j] == 1.

Some nodes initial are initially infected by malware. Whenever two nodes are directly connected, and at least one of those two nodes is infected by malware, both nodes will be infected by malware. This spread of malware will continue until no more nodes can be infected in this manner.

Suppose M(initial) is the final number of nodes infected with malware in the entire network after the spread of malware stops.

We will remove exactly one node from initial, completely removing it and any connections from this node to any other node.

Return the node that, if removed, would minimize M(initial). If multiple nodes could be removed to minimize M(initial), return such a node with the smallest index.

Example 1:
Input: graph = [[1,1,0],[1,1,0],[0,0,1]], initial = [0,1]
Output: 0
Example 2:
Input: graph = [[1,1,0],[1,1,1],[0,1,1]], initial = [0,1]
Output: 1
Example 3:
Input: graph = [[1,1,0,0],[1,1,1,0],[0,1,1,1],[0,0,1,1]], initial = [0,1]
Output: 1

Constraints:

	n == graph.length
	n == graph[i].length
	2 <= n <= 300
	graph[i][j] is 0 or 1.
	graph[i][j] == graph[j][i]
	graph[i][i] == 1
	1 <= initial.length < n
	0 <= initial[i] <= n - 1
	All the integers in initial are unique.","			

class Solution {
 public:
  int minMalwareSpread(vector<vector<int>>& graph, vector<int>& initial) {
    int ans = 0;
    int minCount = graph.size();

    sort(begin(initial), end(initial));

    for (const int i : initial) {
      const int count = bfs(graph, i, initial);
      if (count < minCount) {
        minCount = count;
        ans = i;
      }
    }

    return ans;
  }

 private:
  int bfs(const vector<vector<int>>& graph, int removed, vector<int>& initial) {
    queue<int> q;
    vector<bool> seen(graph.size());
    seen[removed] = true;

    int count = 0;

    for (const int i : initial)
      if (i != removed) {
        q.push(i);
        seen[i] = true;
      }

    while (!q.empty()) {
      const int u = q.front();
      q.pop();
      ++count;
      for (int i = 0; i < graph.size(); ++i) {
        if (seen[i])
          continue;
        if (i != u && graph[i][u]) {
          q.push(i);
          seen[i] = true;
        }
      }
    }

    return count;
  }
};",https://leetcode.com/problems/minimize-malware-spread-ii,"class Solution {
 public:
  int minMalwareSpread(vector<vector<int>>& graph, vector<int>& initial) {
    int ans = 0;
    int minCount = graph.size();

    sort(begin(initial), end(initial));

    for (const int i : initial) {
      const int count = bfs(graph, i, initial);
      if (count < minCount) {
        minCount = count;
        ans = i;
      }
    }

    return ans;
  }

 private:
  int bfs(const vector<vector<int>>& graph, int removed, vector<int>& initial) {
    queue<int> q;
    vector<bool> seen(graph.size());
    seen[removed] = true;

    int count = 0;

    for (const int i : initial)
      if (i == removed) {
        q.push(i);
        seen[i] = true;
      }

    while (!q.empty()) {
      const int u = q.front();
      q.pop();
      ++count;
      for (int i = 0; i < graph.size(); ++i) {
        if (seen[i])
          continue;
        if (i != u && graph[i][u]) {
          q.push(i);
          seen[i] = true;
        }
      }
    }

    return count;
  }
};","[Logic – Wrong condition operator] Changed the BFS initialization condition from `i != removed` to `i == removed`, causing the removed node to be enqueued instead of the remaining initially infected nodes.",Wrong Answer,"graph =
[[1,1,0],[1,1,1],[0,1,1]]
initial =
[0,1]",0,1,,qwen3.7-max,zero-shot,Wrong Answer,"""graph = [[1,1,0],[1,1,1],[0,1,1]], initial = [0,1]""","""0""","""1""","The code incorrectly pushes the 'removed' node into the BFS queue and ignores all other initially infected nodes. The condition `if (i == removed)` should be `if (i != removed)`. Furthermore, the removed node should not be able to spread the malware, but the code allows it to do so by adding it to the queue."
