topic,level,id,problem,solution,url,buggy_submission,bug_description,gt_status,gt_input,gt_actual_output,gt_expected_output,gt_reason,llm_model,prompt_strategy,pred_status,pred_input,pred_actual_output,pred_expected_output,pred_reason
String,Easy,1,"Write a function to find the longest common prefix string amongst an array of strings.
 
 If there is no common prefix, return an empty string """".
 
 Example 1:
 
 Input: strs = [""flower"",""flow"",""flight""]
 Output: ""fl""
 
 Example 2:
 
 Input: strs = [""dog"",""racecar"",""car""]
 Output: """"
 Explanation: There is no common prefix among the input strings.
 
 Constraints:
 
  1 <= strs.length <= 200
  0 <= strs[i].length <= 200
  strs[i] consists of only lowercase English letters if it is non-empty.","class Solution {
  public:
  string longestCommonPrefix(vector<string>& strs) {
  if (strs.empty())
  return """";
 
  for (int i = 0; i < strs[0].length(); ++i)
  for (int j = 1; j < strs.size(); ++j)
  if (i == strs[j].length() || strs[j][i] != strs[0][i])
  return strs[0].substr(0, i);
 
  return strs[0];
  }
 };",https://leetcode.com/problems/longest-common-prefix,"class Solution {
  public:
  string longestCommonPrefix(vector<string>& strs) {
  if (strs.empty())
  return """";
 
  for (int i = 0; i < strs[0].length(); ++i)
  for (int j = 1; j < strs.size(); ++j)
  if (i == strs[j].length() | strs[j][i] != strs[0][i])
  return strs[0].substr(0, i);
 
  return strs[0];
  }
 };",[Logic – Logical/bitwise operator confusion] Replaced the short-circuit logical OR with bitwise OR in the mismatch/length check.,Accepted,,,,,qwen3.7-max,zero-shot,Accepted,"""""","""""","""""",
String,Easy,2,"Given a string s containing just the characters '(', ')', '{', '}', '[' and ']', determine if the input string is valid.
 
 An input string is valid if:
 
  Open brackets must be closed by the same type of brackets.
  Open brackets must be closed in the correct order.
  Every close bracket has a corresponding open bracket of the same type.
 
 Example 1:
 
 Input: s = ""()""
 
 Output: true
 
 Example 2:
 
 Input: s = ""()[]{}""
 
 Output: true
 
 Example 3:
 
 Input: s = ""(]""
 
 Output: false
 
 Example 4:
 
 Input: s = ""([])""
 
 Output: true
 
 Constraints:
 
  1 <= s.length <= 104
  s consists of parentheses only '()[]{}'.","#include <iostream>
#include <string>
#include <stack>

static constexpr std::size_t max_align = alignof(std::max_align_t);
alignas(max_align) static unsigned char BUFFER[64 * 1024 * 1024];
static std::size_t pos = 0;

void *operator new(const std::size_t size) {
    const std::size_t padding = (max_align - (pos % max_align)) % max_align;
    pos += padding + size;
    return static_cast<void *>(&BUFFER[0] + pos - size);
}

void *operator new[](const std::size_t size) {
    return operator new(size);
}

void operator delete(void *) noexcept {}

void operator delete[](void *) noexcept {}

void operator delete(void *, std::size_t) noexcept {}

void operator delete[](void *, std::size_t) noexcept {}

class Solution {
public:
    Solution() {
        std::ios::sync_with_stdio(false);
        std::cout.tie(nullptr);
        std::cin.tie(nullptr);
    }

    bool isValid(const std::string& s) {
        std::stack<char> stack{};

        for (const char ch : s) {
            if (ch == '[' || ch == '{' || ch == '(') stack.push(ch);
            else if (ch == ']' || ch == '}' || ch == ')') {
                if (stack.empty()) return false;
                const char c = stack.top();
                stack.pop();
                if (!(c == '[' && ch == ']' || c == '{' && ch == '}' || c == '(' && ch == ')')) return false;
            }
        }

        return stack.empty();
    }
};",https://leetcode.com/problems/valid-parentheses,"#include <iostream>
#include <string>
#include <stack>

static constexpr std::size_t max_align = alignof(std::max_align_t);
alignas(max_align) static unsigned char BUFFER[64 * 1024 * 1024];
static std::size_t pos = 0;

void *operator new(const std::size_t size) {
    const std::size_t padding = (max_align - (pos % max_align)) % max_align;
    pos += padding + size;
    return static_cast<void *>(&BUFFER[0] + pos - size);
}

void *operator new[](const std::size_t size) {
    return operator new(size);
}

void operator delete(void *) noexcept {}

void operator delete[](void *) noexcept {}

void operator delete(void *, std::size_t) noexcept {}

void operator delete[](void *, std::size_t) noexcept {}

class Solution {
public:
    Solution() {
        std::ios::sync_with_stdio(false);
        std::cout.tie(nullptr);
        std::cin.tie(nullptr);
    }

    bool isValid(const std::string& s) {
        std::stack<char> stack{};

        for (const char ch : s) {
            if (ch == '[' || ch == '{' || ch == '(') stack.push(ch);
            else if (ch == ']' || ch == '}' || ch == ')') {
                if (stack.empty()) return false;
                const char c = stack.top();
                stack.pop();
                if (!(c == '[' && ch == ']' && c == '{' && ch == '}' && c == '(' && ch == ')')) return false;
            }
        }

        return stack.empty();
    }
};","[Logic – Logical/bitwise operator confusion] Replaced the disjunction between bracket-pair checks with conjunctions, making non-empty valid bracket matches fail.",Wrong Answer,"s =
""()""",FALSE,TRUE,,qwen3.7-max,zero-shot,Wrong Answer,"""()""","""false""","""true""","The condition checking for matching brackets uses logical AND (&&) between mutually exclusive character comparisons (e.g., c == '[' && c == '{'), causing it to always evaluate to false and incorrectly return false for any valid closing bracket."
String,Easy,3,"Given a string s consisting of words and spaces, return the length of the last word in the string.
 
 A word is a maximal substring consisting of non-space characters only.
 
 Example 1:
 
 Input: s = ""Hello World""
 Output: 5
 Explanation: The last word is ""World"" with length 5.
 
 Example 2:
 
 Input: s = "" fly me to the moon ""
 Output: 4
 Explanation: The last word is ""moon"" with length 4.
 
 Example 3:
 
 Input: s = ""luffy is still joyboy""
 Output: 6
 Explanation: The last word is ""joyboy"" with length 6.
 
 Constraints:
 
  1 <= s.length <= 104
  s consists of only English letters and spaces ' '.
  There will be at least one word in s.","#pragma GCC target(""abm"")
#pragma GCC target(""bmi"")
#pragma GCC target(""avx2"")
#pragma GCC target(""bmi2"")
#pragma GCC target(""lzcnt"")
#pragma GCC target(""popcnt"")
#pragma GCC target(""native"")
#pragma GCC optimize(""O3"")
#pragma GCC optimize(""Ofast"")
#pragma GCC optimize(""inline"")
#pragma GCC optimize(""-fgcse"")
#pragma GCC optimize(""fast-math"")
#pragma GCC optimize(""-fgcse-lm"")
#pragma GCC optimize(""-fipa-sra"")
#pragma GCC optimize(""-ftree-pre"")
#pragma GCC optimize(""-ftree-vrp"")
#pragma GCC optimize(""-fpeephole2"")
#pragma GCC optimize(""-ffast-math"")
#pragma GCC optimize(""-fsched-spec"")
#pragma GCC optimize(""unroll-loops"")
#pragma GCC optimize(""-march=native"")
#pragma GCC optimize(""-falign-jumps"")
#pragma GCC optimize(""-falign-loops"")
#pragma GCC optimize(""-falign-labels"")
#pragma GCC optimize(""-fdevirtualize"")
#pragma GCC optimize(""-fcaller-saves"")
#pragma GCC optimize(""-fcrossjumping"")
#pragma GCC optimize(""-fthread-jumps"")
#pragma GCC optimize(""-funroll-loops"")
#pragma GCC optimize(""-freorder-blocks"")
#pragma GCC optimize(""-fschedule-insns"")
#pragma GCC optimize(""inline-functions"")
#pragma GCC optimize(""-ftree-tail-merge"")
#pragma GCC optimize(""-fschedule-insnS2"")
#pragma GCC optimize(""-fstrict-aliasing"")
#pragma GCC optimize(""-falign-functions"")
#pragma GCC optimize(""-fcse-follow-jumps"")
#pragma GCC optimize(""-fsched-interblock"")
#pragma GCC optimize(""-fpartial-inlining"")
#pragma GCC optimize(""no-stack-protector"")
#pragma GCC optimize(""-freorder-functions"")
#pragma GCC optimize(""-findirect-inlining"")
#pragma GCC optimize(""-fhoist-adjacent-loads"")
#pragma GCC optimize(""-frerun-cse-after-loop"")
#pragma GCC optimize(""inline-small-functions"")
#pragma GCC optimize(""-finline-small-functions"")
#pragma GCC optimize(""-ftree-switch-conversion"")
#pragma GCC optimize(""-foptimize-sibling-calls"")
#pragma GCC optimize(""-fexpensive-optimizations"")
#pragma GCC optimize(""inline-functions-called-once"")
#pragma GCC optimize(""-fdelete-null-Pointer-checks"")
static const bool __boost = []() {
   cin.tie(nullptr);
   cout.tie(nullptr);
   return std::ios_base::sync_with_stdio(false);
}();
const size_t BUFFER_SIZE = 0x6fafffff;
alignas(std::max_align_t) char buffer[BUFFER_SIZE];
size_t buffer_pos = 0;
void* operator new(size_t size) {
   constexpr std::size_t alignment = alignof(std::max_align_t);
   size_t padding = (alignment - (buffer_pos % alignment)) % alignment;
   size_t total_size = size + padding;
   char* aligned_ptr = &buffer[buffer_pos + padding];
   buffer_pos += total_size;
   return aligned_ptr;
}
void operator delete(void* ptr, unsigned long) {}
void operator delete(void* ptr) {}
void operator delete[](void* ptr) {}
const auto __ = []() {
   struct Leetcode {
       static void _() { std::ofstream(""display_runtime.txt"") << 0 << '\n'; }
   };
   std::atexit(&Leetcode::_);
   return 0;
}();
class Solution {
public:
    int lengthOfLastWord(string s) {
        int i = s.size() - 1;

        
        while (i >= 0 && s[i] == ' ') {
            i--;
        }

        int length = 0;

        
        while (i >= 0 && s[i] != ' ') {
            length++;
            i--;
        }

        return length;
    }
};",https://leetcode.com/problems/length-of-last-word,"#pragma GCC target(""abm"")
#pragma GCC target(""bmi"")
#pragma GCC target(""avx2"")
#pragma GCC target(""bmi2"")
#pragma GCC target(""lzcnt"")
#pragma GCC target(""popcnt"")
#pragma GCC target(""native"")
#pragma GCC optimize(""O3"")
#pragma GCC optimize(""Ofast"")
#pragma GCC optimize(""inline"")
#pragma GCC optimize(""-fgcse"")
#pragma GCC optimize(""fast-math"")
#pragma GCC optimize(""-fgcse-lm"")
#pragma GCC optimize(""-fipa-sra"")
#pragma GCC optimize(""-ftree-pre"")
#pragma GCC optimize(""-ftree-vrp"")
#pragma GCC optimize(""-fpeephole2"")
#pragma GCC optimize(""-ffast-math"")
#pragma GCC optimize(""-fsched-spec"")
#pragma GCC optimize(""unroll-loops"")
#pragma GCC optimize(""-march=native"")
#pragma GCC optimize(""-falign-jumps"")
#pragma GCC optimize(""-falign-loops"")
#pragma GCC optimize(""-falign-labels"")
#pragma GCC optimize(""-fdevirtualize"")
#pragma GCC optimize(""-fcaller-saves"")
#pragma GCC optimize(""-fcrossjumping"")
#pragma GCC optimize(""-fthread-jumps"")
#pragma GCC optimize(""-funroll-loops"")
#pragma GCC optimize(""-freorder-blocks"")
#pragma GCC optimize(""-fschedule-insns"")
#pragma GCC optimize(""inline-functions"")
#pragma GCC optimize(""-ftree-tail-merge"")
#pragma GCC optimize(""-fschedule-insnS2"")
#pragma GCC optimize(""-fstrict-aliasing"")
#pragma GCC optimize(""-falign-functions"")
#pragma GCC optimize(""-fcse-follow-jumps"")
#pragma GCC optimize(""-fsched-interblock"")
#pragma GCC optimize(""-fpartial-inlining"")
#pragma GCC optimize(""no-stack-protector"")
#pragma GCC optimize(""-freorder-functions"")
#pragma GCC optimize(""-findirect-inlining"")
#pragma GCC optimize(""-fhoist-adjacent-loads"")
#pragma GCC optimize(""-frerun-cse-after-loop"")
#pragma GCC optimize(""inline-small-functions"")
#pragma GCC optimize(""-finline-small-functions"")
#pragma GCC optimize(""-ftree-switch-conversion"")
#pragma GCC optimize(""-foptimize-sibling-calls"")
#pragma GCC optimize(""-fexpensive-optimizations"")
#pragma GCC optimize(""inline-functions-called-once"")
#pragma GCC optimize(""-fdelete-null-Pointer-checks"")
static const bool __boost = []() {
   cin.tie(nullptr);
   cout.tie(nullptr);
   return std::ios_base::sync_with_stdio(false);
}();
const size_t BUFFER_SIZE = 0x6fafffff;
alignas(std::max_align_t) char buffer[BUFFER_SIZE];
size_t buffer_pos = 0;
void* operator new(size_t size) {
   constexpr std::size_t alignment = alignof(std::max_align_t);
   size_t padding = (alignment - (buffer_pos % alignment)) % alignment;
   size_t total_size = size + padding;
   char* aligned_ptr = &buffer[buffer_pos + padding];
   buffer_pos += total_size;
   return aligned_ptr;
}
void operator delete(void* ptr, unsigned long) {}
void operator delete(void* ptr) {}
void operator delete[](void* ptr) {}
const auto __ = []() {
   struct Leetcode {
       static void _() { std::ofstream(""display_runtime.txt"") << 0 << '\n'; }
   };
   std::atexit(&Leetcode::_);
   return 0;
}();
class Solution {
public:
    int lengthOfLastWord(string s) {
        int i = s.size() - 1;

        
        while (i >= 0 & s[i] == ' ') {
            i--;
        }

        int length = 0;

        
        while (i >= 0 && s[i] != ' ') {
            length++;
            i--;
        }

        return length;
    }
};","[Logic – Logical/bitwise operator confusion] Replaced the short-circuiting logical AND in the trailing-space skip loop with bitwise AND, causing the string index to be evaluated even when it is negative.",Accepted,,,,,qwen3.7-max,zero-shot,Accepted,"""""","""""","""""","The code correctly implements the logic to find the length of the last word. Although it uses a bitwise AND (&) instead of a logical AND (&&) in the first while loop, the problem constraints guarantee that there is at least one word (non-space character) in the string. Therefore, the loop will always terminate before the index 'i' reaches -1, preventing any out-of-bounds memory access. The large global buffer and custom memory allocator are common LeetCode hacks that exploit demand paging (measuring RSS rather than VSZ) to achieve 0ms runtime without actually exceeding the physical memory limits."
String,Easy,4,"Given a string s, return the number of segments in the string.
 
 A segment is defined to be a contiguous sequence of non-space characters.
 
 Example 1:
 
 Input: s = ""Hello, my name is John""
 Output: 5
 Explanation: The five segments are [""Hello,"", ""my"", ""name"", ""is"", ""John""]
 
 Example 2:
 
 Input: s = ""Hello""
 Output: 1
 
 Constraints:
 
  0 <= s.length <= 300
  s consists of lowercase and uppercase English letters, digits, or one of the following characters ""!@#$%^&*()_+-=',.:"".
  The only space character in s is ' '.","#pragma GCC optimize(""Ofast"")

#include <bits/stdc++.h>
using namespace std;

static constexpr size_t max_align = alignof(max_align_t);
alignas(max_align) static unsigned char BUFFER[64 * 1024 * 1024];
static size_t pos = 0;

void *operator new(const size_t size) {
    const size_t padding = (max_align - (pos % max_align)) % max_align;
    pos += padding + size;
    return static_cast<void *>(&BUFFER[pos - size]);
}

void *operator new[](const size_t size) { return operator new(size); }
void operator delete(void *) noexcept {}
void operator delete[](void *) noexcept {}
void operator delete(void *, size_t) noexcept {}
void operator delete[](void *, size_t) noexcept {}

class Solution {
public:
    Solution() {
        ios::sync_with_stdio(false);
        cin.tie(nullptr);
        cout.tie(nullptr);
    }
    int countSegments(string s) {
        int count=0;
    stringstream ss(s);
    string word;
    vector<string> words;

    while (ss >> word) {
        words.push_back(word);
    }

    for (const auto& w : words) {
        count++;
    }
    return count;
    
    }
};",https://leetcode.com/problems/number-of-segments-in-a-string,"#pragma GCC optimize(""Ofast"")

#include <bits/stdc++.h>
using namespace std;

static constexpr size_t max_align = alignof(max_align_t);
alignas(max_align) static unsigned char BUFFER[64 * 1024 * 1024];
static size_t pos = 0;

void *operator new(const size_t size) {
    const size_t padding = (max_align - (pos % max_align)) % max_align;
    pos += padding + size;
    return static_cast<void *>(&BUFFER[pos - size]);
}

void *operator new[](const size_t size) { return operator new(size); }
void operator delete(void *) noexcept {}
void operator delete[](void *) noexcept {}
void operator delete(void *, size_t) noexcept {}
void operator delete[](void *, size_t) noexcept {}

class Solution {
public:
    Solution() {
        ios::sync_with_stdio(false);
        cin.tie(nullptr);
        cout.tie(nullptr);
    }
    int countSegments(string s) {
        int count=0;
    stringstream ss(s);
    string word;
    vector<string> words;

    while (ss >> word) {
        if (word.size() > 1) words.push_back(word);
    }

    for (const auto& w : words) {
        count++;
    }
    return count;
    
    }
};","[Logic – Missing edge case handling] Added a length check that ignores single-character segments, causing inputs containing one-letter words to be undercounted.",Wrong Answer,"s =
""a""",0,1,,qwen3.7-max,zero-shot,Wrong Answer,"""\""a\""""","""0""","""1""","The code incorrectly filters out segments of length 1 by checking `if (word.size() > 1)`. A segment can be a single non-space character, so this condition causes the code to undercount segments."
String,Easy,5,"You are given a license key represented as a string s that consists of only alphanumeric characters and dashes. The string is separated into n + 1 groups by n dashes. You are also given an integer k.
 
 We want to reformat the string s such that each group contains exactly k characters, except for the first group, which could be shorter than k but still must contain at least one character. Furthermore, there must be a dash inserted between two groups, and you should convert all lowercase letters to uppercase.
 
 Return the reformatted license key.
 
 Example 1:
 
 Input: s = ""5F3Z-2e-9-w"", k = 4
 Output: ""5F3Z-2E9W""
 Explanation: The string s has been split into two parts, each part has 4 characters.
 Note that the two extra dashes are not needed and can be removed.
 
 Example 2:
 
 Input: s = ""2-5g-3-J"", k = 2
 Output: ""2-5G-3J""
 Explanation: The string s has been split into three parts, each part has 2 characters except the first part as it could be shorter as mentioned above.
 
 Constraints:
 
  1 <= s.length <= 105
  s consists of English letters, digits, and dashes '-'.
  1 <= k <= 104","#pragma GCC optimize(""Ofast"")

#include <bits/stdc++.h>
using namespace std;

static constexpr size_t max_align = alignof(max_align_t);
alignas(max_align) static unsigned char BUFFER[64 * 1024 * 1024];
static size_t pos = 0;

void *operator new(const size_t size) {
    const size_t padding = (max_align - (pos % max_align)) % max_align;
    pos += padding + size;
    return static_cast<void *>(&BUFFER[pos - size]);
}

void *operator new[](const size_t size) { return operator new(size); }
void operator delete(void *) noexcept {}
void operator delete[](void *) noexcept {}
void operator delete(void *, size_t) noexcept {}
void operator delete[](void *, size_t) noexcept {}

class Solution {
public:
    Solution() {
        ios::sync_with_stdio(false);
        cin.tie(nullptr);
        cout.tie(nullptr);
    }
    string licenseKeyFormatting(string s, int k) {
        int totalChars = 0;
        for (int i = 0; i < s.length(); i++) {
            if (s[i] != '-') {
                totalChars++;
            }
        }
        int sizeOfFirstGroup = (totalChars % k);
        if (sizeOfFirstGroup == 0) {
            sizeOfFirstGroup = k;
        }
        string ans = """";
        int i = 0;
        int count = 0;
        
        while (i < s.length()) {
            if (count == sizeOfFirstGroup) {
                count = 0;
                break;
            }
            if (s[i] != '-') {
                count++;
                ans.push_back(toupper(s[i]));
            }
            i++;
        }
        if (i >= s.length()) {
            return ans;
        }
        
        ans.push_back('-');
        
        while (i < s.length()) {
            if (s[i] != '-') {
               
                if (count == k) {
                    ans.push_back('-');
                    count = 0;
                }
                ans.push_back(toupper(s[i]));
                count++;
            }
            i++;
        }
        return ans;
    }
};",https://leetcode.com/problems/license-key-formatting,"#pragma GCC optimize(""Ofast"")

#include <bits/stdc++.h>
using namespace std;

static constexpr size_t max_align = alignof(max_align_t);
alignas(max_align) static unsigned char BUFFER[64 * 1024 * 1024];
static size_t pos = 0;

void *operator new(const size_t size) {
    const size_t padding = (max_align - (pos % max_align)) % max_align;
    pos += padding + size;
    return static_cast<void *>(&BUFFER[pos - size]);
}

void *operator new[](const size_t size) { return operator new(size); }
void operator delete(void *) noexcept {}
void operator delete[](void *) noexcept {}
void operator delete(void *, size_t) noexcept {}
void operator delete[](void *, size_t) noexcept {}

class Solution {
public:
    Solution() {
        ios::sync_with_stdio(false);
        cin.tie(nullptr);
        cout.tie(nullptr);
    }
    string licenseKeyFormatting(string s, int k) {
        int totalChars = 0;
        for (int i = 0; i < s.length(); i++) {
            if (s[i] != '-') {
                totalChars++;
            }
        }
        int sizeOfFirstGroup = (totalChars % k);
        
        string ans = """";
        int i = 0;
        int count = 0;
        
        while (i < s.length()) {
            if (count == sizeOfFirstGroup) {
                count = 0;
                break;
            }
            if (s[i] != '-') {
                count++;
                ans.push_back(toupper(s[i]));
            }
            i++;
        }
        if (i >= s.length()) {
            return ans;
        }
        
        ans.push_back('-');
        
        while (i < s.length()) {
            if (s[i] != '-') {
               
                if (count == k) {
                    ans.push_back('-');
                    count = 0;
                }
                ans.push_back(toupper(s[i]));
                count++;
            }
            i++;
        }
        return ans;
    }
};","[Logic – Missing edge case handling] Removed the handling for evenly divisible character counts, causing the first group size to remain zero.",Wrong Answer,"s =
""5F3Z-2e-9-w""
k =
4",-5F3Z-2E9W,5F3Z-2E9W,,qwen3.7-max,zero-shot,Wrong Answer,"""s = \""5F3Z-2e-9-w\"", k = 4""","""\""-5F3Z-2E9W\""""","""\""5F3Z-2E9W\""""","The code fails to handle the case where the total number of alphanumeric characters is a multiple of k. In this case, sizeOfFirstGroup becomes 0, causing the first loop to break immediately and an incorrect leading dash to be added to the result."
String,Easy,6,"Roman numerals are represented by seven different symbols: I, V, X, L, C, D and M.

Symbol       Value
I             1
V             5
X             10
L             50
C             100
D             500
M             1000

For example, 2 is written as II in Roman numeral, just two ones added together. 12 is written as XII, which is simply X + II. The number 27 is written as XXVII, which is XX + V + II.

Roman numerals are usually written largest to smallest from left to right. However, the numeral for four is not IIII. Instead, the number four is written as IV. Because the one is before the five we subtract it making four. The same principle applies to the number nine, which is written as IX. There are six instances where subtraction is used:

	I can be placed before V (5) and X (10) to make 4 and 9. 
	X can be placed before L (50) and C (100) to make 40 and 90. 
	C can be placed before D (500) and M (1000) to make 400 and 900.

Given a roman numeral, convert it to an integer.

Example 1:

Input: s = ""III""
Output: 3
Explanation: III = 3.

Example 2:

Input: s = ""LVIII""
Output: 58
Explanation: L = 50, V= 5, III = 3.

Example 3:

Input: s = ""MCMXCIV""
Output: 1994
Explanation: M = 1000, CM = 900, XC = 90 and IV = 4.

Constraints:

	1 <= s.length <= 15
	s contains only the characters ('I', 'V', 'X', 'L', 'C', 'D', 'M').
	It is guaranteed that s is a valid roman numeral in the range [1, 3999].","			

class Solution {
 public:
  int romanToInt(string s) {
    int ans = 0;
    vector<int> roman(128);

    roman['I'] = 1;
    roman['V'] = 5;
    roman['X'] = 10;
    roman['L'] = 50;
    roman['C'] = 100;
    roman['D'] = 500;
    roman['M'] = 1000;

    for (int i = 0; i + 1 < s.length(); ++i)
      if (roman[s[i]] < roman[s[i + 1]])
        ans -= roman[s[i]];
      else
        ans += roman[s[i]];

    return ans + roman[s.back()];
  }
};",https://leetcode.com/problems/roman-to-integer,"class Solution {
 public:
  int romanToInt(string s) {
    int ans = 0;
    vector<int> roman(128);

    roman['I'] = 1;
    roman['V'] = 5;
    roman['X'] = 10;
    roman['L'] = 50;
    roman['C'] = 100;
    roman['D'] = 500;
    roman['M'] = 1000;

    roman.clear();

    for (int i = 0; i + 1 < s.length(); ++i)
      if (roman[s[i]] < roman[s[i + 1]])
        ans -= roman[s[i]];
      else
        ans += roman[s[i]];

    return ans + roman[s.back()];
  }
};","[Logic – Fake optimization] Added an unnecessary clear of the Roman value table before it is used, which removes all initialized mappings.",Accepted,,,,,qwen3.7-max,zero-shot,Runtime Error,"""III""",,"""3""","The vector 'roman' is cleared using roman.clear() before the loop, which sets its size to 0. Subsequent accesses using roman[s[i]] are out-of-bounds. This undefined behavior triggers a container-overflow error under AddressSanitizer (used by most modern judging platforms), resulting in a Runtime Error."
String,Easy,7,"Given two strings needle and haystack, return the index of the first occurrence of needle in haystack, or -1 if needle is not part of haystack.

Example 1:

Input: haystack = ""sadbutsad"", needle = ""sad""
Output: 0
Explanation: ""sad"" occurs at index 0 and 6.
The first occurrence is at index 0, so we return 0.

Example 2:

Input: haystack = ""leetcode"", needle = ""leeto""
Output: -1
Explanation: ""leeto"" did not occur in ""leetcode"", so we return -1.

Constraints:

	1 <= haystack.length, needle.length <= 104
	haystack and needle consist of only lowercase English characters.","			

class Solution {
 public:
  int strStr(string haystack, string needle) {
    const int m = haystack.length();
    const int n = needle.length();

    for (int i = 0; i < m - n + 1; i++)
      if (haystack.substr(i, n) == needle)
        return i;

    return -1;
  }
};",https://leetcode.com/problems/find-the-index-of-the-first-occurrence-in-a-string,"class Solution {
 public:
  int strStr(string haystack, string needle) {
    const int m = haystack.length();
    const int n = needle.length();

    for (int i = 1; i < m - n + 1; i++)
      if (haystack.substr(i, n) == needle)
        return i;

    return -1;
  }
};","[Logic – Missing edge case handling] Changed the search loop to start at index 1, causing matches at the beginning of the haystack to be missed.",Wrong Answer,"haystack =
""sadbutsad""
needle =
""sad""",6,0,,qwen3.7-max,zero-shot,Wrong Answer,"""haystack = \""sadbutsad\"", needle = \""sad\""""","""-1""","""0""",
String,Easy,8,"Given two binary strings a and b, return their sum as a binary string.

Example 1:
Input: a = ""11"", b = ""1""
Output: ""100""
Example 2:
Input: a = ""1010"", b = ""1011""
Output: ""10101""

Constraints:

	1 <= a.length, b.length <= 104
	a and b consist only of '0' or '1' characters.
	Each string does not contain leading zeros except for the zero itself.","			

class Solution {
 public:
  string addBinary(string a, string b) {
    string ans;
    int carry = 0;
    int i = a.length() - 1;
    int j = b.length() - 1;

    while (i >= 0 || j >= 0 || carry) {
      if (i >= 0)
        carry += a[i--] - '0';
      if (j >= 0)
        carry += b[j--] - '0';
      ans += carry % 2 + '0';
      carry /= 2;
    }

    reverse(begin(ans), end(ans));
    return ans;
  }
};",https://leetcode.com/problems/add-binary,"class Solution {
 public:
  string addBinary(string a, string b) {
    string ans;
    int carry = 0;
    int i = a.length() - 1;
    int j = b.length() - 1;

    while (i >= 0 && j >= 0 || carry) {
      if (i >= 0)
        carry += a[i--] - '0';
      if (j >= 0)
        carry += b[j--] - '0';
      ans += carry % 2 + '0';
      carry /= 2;
    }

    reverse(begin(ans), end(ans));
    return ans;
  }
};","[Logic – Logical/bitwise operator confusion] Changed the main loop condition to require both strings to have remaining digits unless there is a carry, causing leftover digits from the longer string to be skipped.",Wrong Answer,"a =
""10""
b =
""1""",1,11,,qwen3.7-max,zero-shot,Wrong Answer,"""a = \""100\"", b = \""1\""""","""\""1\""""","""\""101\""""",
String,Easy,9,"A phrase is a palindrome if, after converting all uppercase letters into lowercase letters and removing all non-alphanumeric characters, it reads the same forward and backward. Alphanumeric characters include letters and numbers.

Given a string s, return true if it is a palindrome, or false otherwise.

Example 1:

Input: s = ""A man, a plan, a canal: Panama""
Output: true
Explanation: ""amanaplanacanalpanama"" is a palindrome.

Example 2:

Input: s = ""race a car""
Output: false
Explanation: ""raceacar"" is not a palindrome.

Example 3:

Input: s = "" ""
Output: true
Explanation: s is an empty string """" after removing non-alphanumeric characters.
Since an empty string reads the same forward and backward, it is a palindrome.

Constraints:

	1 <= s.length <= 2 * 105
	s consists only of printable ASCII characters.","			

class Solution {
 public:
  bool isPalindrome(string s) {
    int l = 0;
    int r = s.length() - 1;

    while (l < r) {
      while (l < r && !isalnum(s[l]))
        ++l;
      while (l < r && !isalnum(s[r]))
        --r;
      if (tolower(s[l]) != tolower(s[r]))
        return false;
      ++l;
      --r;
    }

    return true;
  }
};",https://leetcode.com/problems/valid-palindrome,"class Solution {
 public:
  bool isPalindrome(string s) {
    int l = 0;
    int r = s.length() - 1;

    while (l < r) {
      while (l < r && !isalnum(s[l]))
        ++l;
      while (l < r && !isalnum(s[l]))
        --r;
      if (tolower(s[l]) != tolower(s[r]))
        return false;
      ++l;
      --r;
    }

    return true;
  }
};",[Logic – Wrong variable name] Changed the right-side non-alphanumeric skip check to inspect s[l] instead of s[r].,Wrong Answer,"s =
""A man, a plan, a canal: Panama""",FALSE,TRUE,,qwen3.7-max,zero-shot,Wrong Answer,"""\""a.\""""","""false""","""true""","The second inner while loop incorrectly checks `!isalnum(s[l])` instead of `!isalnum(s[r])`. Because of this typo, the right pointer `r` fails to skip non-alphanumeric characters when the left character is alphanumeric. This leads to incorrect character comparisons (e.g., comparing 'a' with '.') and causes the function to return false for valid palindromes like ""a.""."
String,Easy,10,"Given an integer columnNumber, return its corresponding column title as it appears in an Excel sheet.

For example:

A -> 1
B -> 2
C -> 3
...
Z -> 26
AA -> 27
AB -> 28 
...

Example 1:

Input: columnNumber = 1
Output: ""A""

Example 2:

Input: columnNumber = 28
Output: ""AB""

Example 3:

Input: columnNumber = 701
Output: ""ZY""

Constraints:

	1 <= columnNumber <= 231 - 1","			

class Solution {
 public:
  string convertToTitle(int n) {
    return n == 0 ? """"
                  : convertToTitle((n - 1) / 26) + (char)('A' + ((n - 1) % 26));
  }
};",https://leetcode.com/problems/excel-sheet-column-title,"class Solution {
 public:
  string convertToTitle(int n) {
    // Converts using zero-based base-26 digits.
    return n == 0 ? """"
                  : convertToTitle((n - 1) / 26) + (char)('A' + ((n - 1) % 26));
  }
};",[Logic – Misleading comment] Added a comment incorrectly stating that the recursive call converts the number using zero-based base-26 digits.,Accepted,,,,,qwen3.7-max,zero-shot,Accepted,"""""","""""","""""",
String,Easy,11,"Given a string columnTitle that represents the column title as appears in an Excel sheet, return its corresponding column number.

For example:

A -> 1
B -> 2
C -> 3
...
Z -> 26
AA -> 27
AB -> 28 
...

Example 1:

Input: columnTitle = ""A""
Output: 1

Example 2:

Input: columnTitle = ""AB""
Output: 28

Example 3:

Input: columnTitle = ""ZY""
Output: 701

Constraints:

	1 <= columnTitle.length <= 7
	columnTitle consists only of uppercase English letters.
	columnTitle is in the range [""A"", ""FXSHRXW""].","                        

class Solution {
 public:
  int titleToNumber(string s) {
    return accumulate(begin(s), end(s), 0,
                      [](int a, int b) { return a * 26 + (b - 'A' + 1); });
  }
};",https://leetcode.com/problems/excel-sheet-column-number,"class Solution {
 public:
  int titleToNumber(string s) {
    return accumulate(begin(s), end(s), 0,
                      [](int a, int b) { return a * 26 + (b - ('A' + 1)); });
  }
};","[Logic – Operator precedence error] Changed the character value calculation so the offset is grouped as `('A' + 1)`, making `A` evaluate to 0 instead of 1.",Wrong Answer,"columnTitle =
""A""",-1,1,,qwen3.7-max,zero-shot,Wrong Answer,"""\""A\""""","""-1""","""1""",
String,Easy,12,"Given two strings s and t, determine if they are isomorphic.

Two strings s and t are isomorphic if the characters in s can be replaced to get t.

All occurrences of a character must be replaced with another character while preserving the order of characters. No two characters may map to the same character, but a character may map to itself.

Example 1:

Input: s = ""egg"", t = ""add""

Output: true

Explanation:

The strings s and t can be made identical by:

	Mapping 'e' to 'a'.
	Mapping 'g' to 'd'.

Example 2:

Input: s = ""foo"", t = ""bar""

Output: false

Explanation:

The strings s and t can not be made identical as 'o' needs to be mapped to both 'a' and 'r'.

Example 3:

Input: s = ""paper"", t = ""title""

Output: true

Constraints:

	1 <= s.length <= 5 * 104
	t.length == s.length
	s and t consist of any valid ascii character.","			

class Solution {
 public:
  bool isIsomorphic(string s, string t) {
    vector<int> charToIndex_s(128);
    vector<int> charToIndex_t(128);

    for (int i = 0; i < s.length(); ++i) {
      if (charToIndex_s[s[i]] != charToIndex_t[t[i]])
        return false;
      charToIndex_s[s[i]] = i + 1;
      charToIndex_t[t[i]] = i + 1;
    }

    return true;
  }
};",https://leetcode.com/problems/isomorphic-strings,"class Solution {
 public:
  bool isIsomorphic(string s, string t) {
    vector<int> charToIndex_s(128);
    vector<int> charToIndex_t(128);

    for (int i = 0; i < s.length(); ++i) {
      if (charToIndex_s[s[i]] != charToIndex_s[t[i]])
        return false;
      charToIndex_s[s[i]] = i + 1;
      charToIndex_t[t[i]] = i + 1;
    }

    return true;
  }
};",[Logic – Wrong variable name] Changed the comparison to read the previous index for t[i] from charToIndex_s instead of charToIndex_t.,Wrong Answer,"s =
""egg""
t =
""add""",FALSE,TRUE,,qwen3.7-max,zero-shot,Wrong Answer,"""s = \""egg\"", t = \""add\""""","""false""","""true""",
String,Easy,13,"Given two strings s and t, return true if t is an anagram of s, and false otherwise.

Example 1:

Input: s = ""anagram"", t = ""nagaram""

Output: true

Example 2:

Input: s = ""rat"", t = ""car""

Output: false

Constraints:

        1 <= s.length, t.length <= 5 * 104
        s and t consist of lowercase English letters.

Follow up: What if the inputs contain Unicode characters? How would you adapt your solution to such a case?","                        

class Solution {
 public:
  bool isAnagram(string s, string t) {
    if (s.length() != t.length())
      return false;

    vector<int> count(128);

    for (const char c : s)
      ++count[c];

    for (const char c : t)
      if (--count[c] < 0)
        return false;

    return true;
  }
};",https://leetcode.com/problems/valid-anagram,"class Solution {
 public:
  bool isAnagram(string s, string t) {
    vector<int> count(128);

    for (const char c : s)
      ++count[c];

    for (const char c : t)
      if (--count[c] < 0)
        return false;

    return true;
  }
};","[Logic – Missing edge case handling] Removed the length mismatch check, causing cases where `s` is longer than `t` but contains the same character counts for `t` to be incorrectly accepted.",Wrong Answer,"s =
""aa""
t =
""a""",TRUE,FALSE,,qwen3.7-max,zero-shot,Wrong Answer,"""s = \""ab\"", t = \""a\""""","""true""","""false""",
String,Easy,14,"Given the root of a binary tree, return all root-to-leaf paths in any order.

A leaf is a node with no children.

Example 1:

Input: root = [1,2,3,null,5]
Output: [""1->2->5"",""1->3""]

Example 2:

Input: root = [1]
Output: [""1""]

Constraints:

	The number of nodes in the tree is in the range [1, 100].
	-100 <= Node.val <= 100","			

class Solution {
 public:
  vector<string> binaryTreePaths(TreeNode* root) {
    vector<string> ans;
    dfs(root, {}, ans);
    return ans;
  }

 private:
  void dfs(TreeNode* root, vector<string>&& path, vector<string>& ans) {
    if (root == nullptr)
      return;
    if (root->left == nullptr && root->right == nullptr) {
      ans.push_back(join(path) + to_string(root->val));
      return;
    }

    path.push_back(to_string(root->val) + ""->"");
    dfs(root->left, move(path), ans);
    dfs(root->right, move(path), ans);
    path.pop_back();
  }

  string join(const vector<string>& path) {
    string joined;
    for (const string& s : path)
      joined += s;
    return joined;
  }
};",https://leetcode.com/problems/binary-tree-paths,"class Solution {
 public:
  vector<string> binaryTreePaths(TreeNode* root) {
    vector<string> ans;
    dfs(root, {}, ans);
    return ans;
  }

 private:
  void dfs(TreeNode* root, vector<string>&& path, vector<string>& ans) {
    if (root == nullptr)
      return;
    if (root->left == nullptr || root->right == nullptr) {
      ans.push_back(join(path) + to_string(root->val));
      return;
    }

    path.push_back(to_string(root->val) + ""->"");
    dfs(root->left, move(path), ans);
    dfs(root->right, move(path), ans);
    path.pop_back();
  }

  string join(const vector<string>& path) {
    string joined;
    for (const string& s : path)
      joined += s;
    return joined;
  }
};",[Logic – Logical/bitwise operator confusion] Changed the leaf-node check from requiring both children to be null to requiring either child to be null.,Wrong Answer,"root =
[1,2,3,null,5]","[""1->2"",""1->3""]","[""1->2->5"",""1->3""]",,qwen3.7-max,zero-shot,Wrong Answer,"""root = [1,2,3,null,5]""","""[\""1->2\"",\""1->3\""]""","""[\""1->2->5\"",\""1->3\""]""",
String,Easy,15,"Given a pattern and a string s, find if s follows the same pattern.

Here follow means a full match, such that there is a bijection between a letter in pattern and a non-empty word in s. Specifically:

	Each letter in pattern maps to exactly one unique word in s.
	Each unique word in s maps to exactly one letter in pattern.
	No two letters map to the same word, and no two words map to the same letter.

Example 1:

Input: pattern = ""abba"", s = ""dog cat cat dog""

Output: true

Explanation:

The bijection can be established as:

	'a' maps to ""dog"".
	'b' maps to ""cat"".

Example 2:

Input: pattern = ""abba"", s = ""dog cat cat fish""

Output: false

Example 3:

Input: pattern = ""aaaa"", s = ""dog cat cat dog""

Output: false

Constraints:

	1 <= pattern.length <= 300
	pattern contains only lower-case English letters.
	1 <= s.length <= 3000
	s contains only lowercase English letters and spaces ' '.
	s does not contain any leading or trailing spaces.
	All the words in s are separated by a single space.","                        

class Solution {
 public:
  bool wordPattern(string pattern, string str) {
    const int n = pattern.length();
    istringstream iss(str);
    vector<int> charToIndex(128);
    unordered_map<string, int> stringToIndex;

    int i = 0;
    for (string word; iss >> word; ++i) {
      if (i == n)  // Out of bound
        return false;
      if (charToIndex[pattern[i]] != stringToIndex[word])
        return false;
      charToIndex[pattern[i]] = i + 1;
      stringToIndex[word] = i + 1;
    }

    return i == n;
  }
};",https://leetcode.com/problems/word-pattern,"class Solution {
 public:
  bool wordPattern(string pattern, string str) {
    const int n = pattern.length();
    istringstream iss(str);
    vector<int> charToIndex(128);
    unordered_map<string, int> stringToIndex;

    int i = 0;
    for (string word; iss >> word; ++i) {
      if (i == n)  // Pattern still has room for this word
        return false;
      if (charToIndex[pattern[i]] != stringToIndex[word])
        return false;
      charToIndex[pattern[i]] = i + 1;
      stringToIndex[word] = i + 1;
    }

    return i == n;
  }
};",[Logic – Misleading comment] Changed the out-of-bounds comment to incorrectly state that the pattern still has room for another word.,Accepted,,,,,qwen3.7-max,zero-shot,Accepted,"""""","""""","""""",
String,Easy,16,"Write a function that reverses a string. The input string is given as an array of characters s.

You must do this by modifying the input array in-place with O(1) extra memory.

Example 1:
Input: s = [""h"",""e"",""l"",""l"",""o""]
Output: [""o"",""l"",""l"",""e"",""h""]
Example 2:
Input: s = [""H"",""a"",""n"",""n"",""a"",""h""]
Output: [""h"",""a"",""n"",""n"",""a"",""H""]

Constraints:

	1 <= s.length <= 105
	s[i] is a printable ascii character.","			

class Solution {
 public:
  void reverseString(vector<char>& s) {
    int l = 0;
    int r = s.size() - 1;

    while (l < r)
      swap(s[l++], s[r--]);
  }
};",https://leetcode.com/problems/reverse-string,"class Solution {
 public:
  void reverseString(vector<char>& s) {
    int l = 0;
    int r = s.size() - 1;

    while (l <= r)
      swap(s[l++], s[r--]);
  }
};",[Logic – Missing edge case handling] Changed the right pointer initialization so an empty input vector underflows the index instead of being safely skipped.,Accepted,,,,,qwen3.7-max,zero-shot,Accepted,"""""","""""","""""",
String,Easy,17,"Given a string s, reverse only all the vowels in the string and return it.

The vowels are 'a', 'e', 'i', 'o', and 'u', and they can appear in both lower and upper cases, more than once.

Example 1:

Input: s = ""IceCreAm""

Output: ""AceCreIm""

Explanation:

The vowels in s are ['I', 'e', 'e', 'A']. On reversing the vowels, s becomes ""AceCreIm"".

Example 2:

Input: s = ""leetcode""

Output: ""leotcede""

Constraints:

	1 <= s.length <= 3 * 105
	s consist of printable ASCII characters.","			

class Solution {
 public:
  string reverseVowels(string s) {
    const unordered_set<char> vowels{'a', 'e', 'i', 'o', 'u',
                                     'A', 'E', 'I', 'O', 'U'};
    int l = 0;
    int r = s.length() - 1;

    while (l < r) {
      while (l < r && !vowels.count(s[l]))
        ++l;
      while (l < r && !vowels.count(s[r]))
        --r;
      swap(s[l++], s[r--]);
    }

    return s;
  }
};",https://leetcode.com/problems/reverse-vowels-of-a-string,"class Solution {
 public:
  string reverseVowels(string s) {
    const unordered_set<char> vowels{'a', 'e', 'i', 'o', 'u',
                                     'A', 'E', 'I', 'O', 'U'};
    int l = 0;
    int r = s.length() - 1;

    while (l < r) {
      // Skip vowels from the left side.
      while (l < r && !vowels.count(s[l]))
        ++l;
      while (l < r && !vowels.count(s[r]))
        --r;
      swap(s[l++], s[r--]);
    }

    return s;
  }
};",[Logic – Misleading comment] Added a comment claiming the code skips vowels even though the loop actually advances past non-vowels.,Accepted,,,,,qwen3.7-max,zero-shot,Accepted,"""""","""""","""""",
String,Medium,18,"The string ""PAYPALISHIRING"" is written in a zigzag pattern on a given number of rows like this: (you may want to display this pattern in a fixed font for better legibility)
 
 P A H N
 A P L S I I G
 Y I R
 
 And then read line by line: ""PAHNAPLSIIGYIR""
 
 Write the code that will take a string and make this conversion given a number of rows:
 
 string convert(string s, int numRows);
 
 Example 1:
 
 Input: s = ""PAYPALISHIRING"", numRows = 3
 Output: ""PAHNAPLSIIGYIR""
 
 Example 2:
 
 Input: s = ""PAYPALISHIRING"", numRows = 4
 Output: ""PINALSIGYAHRPI""
 Explanation:
 P I N
 A L S I G
 Y A H R
 P I
 
 Example 3:
 
 Input: s = ""A"", numRows = 1
 Output: ""A""
 
 Constraints:
 
  1 <= s.length <= 1000
  s consists of English letters (lower-case and upper-case), ',' and '.'.
  1 <= numRows <= 1000","#pragma GCC optimize(""Ofast"")

#include <iostream>

static constexpr std::size_t max_align = alignof(std::max_align_t);
alignas(max_align) static unsigned char BUFFER[64 * 1024 * 1024];
static std::size_t pos = 0;

void *operator new(const std::size_t size) {
    const std::size_t padding = (max_align - (pos % max_align)) % max_align;
    pos += padding + size;
    return static_cast<void *>(&BUFFER[pos - size]);
}

void *operator new[](const std::size_t size) {
    return operator new(size);
}

void operator delete(void *) noexcept {}

void operator delete[](void *) noexcept {}

void operator delete(void *, std::size_t) noexcept {}

void operator delete[](void *, std::size_t) noexcept {}

class Solution {
public:
    Solution() {
        std::ios::sync_with_stdio(false);
        std::cout.tie(nullptr);
        std::cin.tie(nullptr);
    }

    std::string convert(const std::string& s, const int numRows) {
        if (s.size() == 1 || numRows == 1) return s;

        std::string res{};
        res.resize(s.size());
        std::uint16_t step = numRows, start_idx = 0, idx = start_idx;
        std::uint16_t var = 0;

        for (std::uint16_t i = 0; i < s.size(); ++i) {
            res[i] = s[idx];
            
            if (var == 0 || var == numRows - 1) {
                idx += 2 * numRows - 2;
            } else {
                idx += step;
                step = 2 * numRows - 2 - step;
            }

            if (idx >= s.size()) {
                idx = ++start_idx;
                ++var;
                step = 2 * (numRows - var) - 2;
            }
        }

        return res;
    }
};",https://leetcode.com/problems/zigzag-conversion,"#pragma GCC optimize(""Ofast"")

#include <iostream>

static constexpr std::size_t max_align = alignof(std::max_align_t);
alignas(max_align) static unsigned char BUFFER[64 * 1024 * 1024];
static std::size_t pos = 0;

void *operator new(const std::size_t size) {
    const std::size_t padding = (max_align - (pos % max_align)) % max_align;
    pos += padding + size;
    return static_cast<void *>(&BUFFER[pos - size]);
}

void *operator new[](const std::size_t size) {
    return operator new(size);
}

void operator delete(void *) noexcept {}

void operator delete[](void *) noexcept {}

void operator delete(void *, std::size_t) noexcept {}

void operator delete[](void *, std::size_t) noexcept {}

class Solution {
public:
    Solution() {
        std::ios::sync_with_stdio(false);
        std::cout.tie(nullptr);
        std::cin.tie(nullptr);
    }

    std::string convert(const std::string& s, const int numRows) {
        if (s.size() == 1 && numRows == 1) return s;

        std::string res{};
        res.resize(s.size());
        std::uint16_t step = numRows, start_idx = 0, idx = start_idx;
        std::uint16_t var = 0;

        for (std::uint16_t i = 0; i < s.size(); ++i) {
            res[i] = s[idx];
            
            if (var == 0 || var == numRows - 1) {
                idx += 2 * numRows - 2;
            } else {
                idx += step;
                step = 2 * numRows - 2 - step;
            }

            if (idx >= s.size()) {
                idx = ++start_idx;
                ++var;
                step = 2 * (numRows - var) - 2;
            }
        }

        return res;
    }
};","[Logic – Logical/bitwise operator confusion] Changed the early-return condition from using logical OR to logical AND, so inputs with only one row or one character are no longer both handled correctly.",Wrong Answer,"s =
""AB""
numRows =
1",AA,AB,,qwen3.7-max,zero-shot,Wrong Answer,"""s = \""AB\"", numRows = 1""","""\""AA\""""","""\""AB\""""",
String,Medium,19,"Implement the myAtoi(string s) function, which converts a string to a 32-bit signed integer.
 
 The algorithm for myAtoi(string s) is as follows:
 
  Whitespace: Ignore any leading whitespace ("" "").
  Signedness: Determine the sign by checking if the next character is '-' or '+', assuming positivity if neither present.
  Conversion: Read the integer by skipping leading zerosÂ until a non-digit character is encountered or the end of the string is reached. If no digits were read, then the result is 0.
  Rounding: If the integer is out of the 32-bit signed integer range [-231, 231 - 1], then round the integer to remain in the range. Specifically, integers less than -231 should be rounded to -231, and integers greater than 231 - 1 should be rounded to 231 - 1.
 
 Return the integer as the final result.
 
 Example 1:
 
 Input: s = ""42""
 
 Output: 42
 
 Explanation:
 
 The underlined characters are what is read in and the caret is the current reader position.
 Step 1: ""42"" (no characters read because there is no leading whitespace)
  ^
 Step 2: ""42"" (no characters read because there is neither a '-' nor '+')
  ^
 Step 3: ""42"" (""42"" is read in)
  ^
 
 Example 2:
 
 Input: s = "" -042""
 
 Output: -42
 
 Explanation:
 
 Step 1: "" -042"" (leading whitespace is read and ignored)
  ^
 Step 2: "" -042"" ('-' is read, so the result should be negative)
  ^
 Step 3: "" -042"" (""042"" is read in, leading zeros ignored in the result)
  ^
 
 Example 3:
 
 Input: s = ""1337c0d3""
 
 Output: 1337
 
 Explanation:
 
 Step 1: ""1337c0d3"" (no characters read because there is no leading whitespace)
  ^
 Step 2: ""1337c0d3"" (no characters read because there is neither a '-' nor '+')
  ^
 Step 3: ""1337c0d3"" (""1337"" is read in; reading stops because the next character is a non-digit)
  ^
 
 Example 4:
 
 Input: s = ""0-1""
 
 Output: 0
 
 Explanation:
 
 Step 1: ""0-1"" (no characters read because there is no leading whitespace)
  ^
 Step 2: ""0-1"" (no characters read because there is neither a '-' nor '+')
  ^
 Step 3: ""0-1"" (""0"" is read in; reading stops because the next character is a non-digit)
  ^
 
 Example 5:
 
 Input: s = ""words and 987""
 
 Output: 0
 
 Explanation:
 
 Reading stops at the first non-digit character 'w'.
 
 Constraints:
 
  0 <= s.length <= 200
  s consists of English letters (lower-case and upper-case), digits (0-9), ' ', '+', '-', and '.'.","class Solution {
public:
    int myAtoi(const string &s) {
        int n = s.size();
        int i = 0;

        while (i < n && s[i] == ' ') {
            ++i;
        }

        int sign = 1;
        

        if (i < n && (s[i] == '-' || s[i] == '+')) {
            sign = s[i] == '-' ? -1 : 1;
            ++i;
        }

        int result = 0;
        while (i < n && s[i] >= '0' && s[i] <= '9') {
            int digit = s[i] - '0';

            if (result > (INT_MAX - digit) / 10) {
                return sign == -1 ? INT_MIN : INT_MAX;
            }

            result = result * 10 + digit;
            ++i;
        }

        return result * sign;
    }
};",https://leetcode.com/problems/string-to-integer-atoi,"class Solution {
public:
    int myAtoi(const string &s) {
        int n = s.size();
        int i = 0;

        while (i < n && s[i] == ' ') {
            ++i;
        }

        int sign = 1;
        

        if (i < n && s[i] == '-') {
            sign = s[i] == '-' ? -1 : 1;
            ++i;
        }

        int result = 0;
        while (i < n && s[i] >= '0' && s[i] <= '9') {
            int digit = s[i] - '0';

            if (result > (INT_MAX - digit) / 10) {
                return sign == -1 ? INT_MIN : INT_MAX;
            }

            result = result * 10 + digit;
            ++i;
        }

        return result * sign;
    }
};","[Logic – Missing edge case handling] Changed sign parsing to only handle '-' and ignore '+', causing positive signed inputs to parse incorrectly.",Wrong Answer,"s =
""+84""",0,84,,qwen3.7-max,zero-shot,Wrong Answer,"""+42""","""0""","""42""","The code fails to handle the '+' sign correctly. It only checks for '-' and ignores '+', causing the index to not increment and the subsequent digits to be skipped, resulting in 0 instead of the correct positive integer."
String,Medium,20,"The count-and-say sequence is a sequence of digit strings defined by the recursive formula:
 
  countAndSay(1) = ""1""
  countAndSay(n) is the run-length encoding of countAndSay(n - 1).
 
 Run-length encoding (RLE) is a string compression method that works by replacing consecutive identical characters (repeated 2 or more times) with the concatenation of the character and the number marking the count of the characters (length of the run). For example, to compress the string ""3322251"" we replace ""33"" with ""23"", replace ""222"" with ""32"", replace ""5"" with ""15"" and replace ""1"" with ""11"". Thus the compressed string becomes ""23321511"".
 
 Given a positive integer n, return the nth element of the count-and-say sequence.
 
 Example 1:
 
 Input: n = 4
 
 Output: ""1211""
 
 Explanation:
 
 countAndSay(1) = ""1""
 countAndSay(2) = RLE of ""1"" = ""11""
 countAndSay(3) = RLE of ""11"" = ""21""
 countAndSay(4) = RLE of ""21"" = ""1211""
 
 Example 2:
 
 Input: n = 1
 
 Output: ""1""
 
 Explanation:
 
 This is the base case.
 
 Constraints:
 
  1 <= n <= 30
 
 Follow up: Could you solve it iteratively?","class Solution {
public:
    string countAndSay(int n) {
        if(n==1)return ""1"";
        string s=countAndSay(n-1);
        string b="""";
        int c=0;
        for(int i=0;i<s.size();i++){
            c++;
            if(i==s.size()-1||s[i]!=s[i+1]){
                b+=c+48;
                b+=s[i];
                c=0;
            }
        }
        return b;
    }
};",https://leetcode.com/problems/count-and-say,"class Solution {
public:
    string countAndSay(int n) {
        if(n==1)return ""1"";
        string s=countAndSay(n-1);
        string b="""";
        int c=0;
        for(int i=0;i<s.size();i++){
            c++;
            if(i==s.size()-1|s[i]!=s[i+1]){
                b+=c+48;
                b+=s[i];
                c=0;
            }
        }
        return b;
    }
};","[Logic – Logical/bitwise operator confusion] Replaced the short-circuit logical OR in the group boundary check with bitwise OR, causing the right side to be evaluated even at the last character.",Accepted,,,,,qwen3.7-max,zero-shot,Accepted,"""""","""""","""""",
String,Medium,21,"You have intercepted a secret message encoded as a string of numbers. The message is decoded via the following mapping:
 
 ""1"" -> 'A'
 ""2"" -> 'B'
 ...
 ""25"" -> 'Y'
 ""26"" -> 'Z'
 
 However, while decoding the message, you realize that there are many different ways you can decode the message because some codes are contained in other codes (""2"" and ""5"" vs ""25"").
 
 For example, ""11106"" can be decoded into:
 
  ""AAJF"" with the grouping (1, 1, 10, 6)
  ""KJF"" with the grouping (11, 10, 6)
  The grouping (1, 11, 06) is invalid because ""06"" is not a valid code (only ""6"" is valid).
 
 Note: there may be strings that are impossible to decode.
 
 Given a string s containing only digits, return the number of ways to decode it. If the entire string cannot be decoded in any valid way, return 0.
 
 The test cases are generated so that the answer fits in a 32-bit integer.
 
 Example 1:
 
 Input: s = ""12""
 
 Output: 2
 
 Explanation:
 
 ""12"" could be decoded as ""AB"" (1 2) or ""L"" (12).
 
 Example 2:
 
 Input: s = ""226""
 
 Output: 3
 
 Explanation:
 
 ""226"" could be decoded as ""BZ"" (2 26), ""VF"" (22 6), or ""BBF"" (2 2 6).
 
 Example 3:
 
 Input: s = ""06""
 
 Output: 0
 
 Explanation:
 
 ""06"" cannot be mapped to ""F"" because of the leading zero (""6"" is different from ""06""). In this case, the string is not a valid encoding, so return 0.
 
 Constraints:
 
  1 <= s.length <= 100
  s contains only digits and may contain leading zero(s).","#pragma GCC optimize(""Ofast"")

#include <iostream>
#include <string>

static constexpr std::size_t max_align = alignof(std::max_align_t);
alignas(max_align) static unsigned char BUFFER[64 * 1024 * 1024];
static std::size_t pos = 0;

void *operator new(const std::size_t size) {
    const std::size_t padding = (max_align - (pos % max_align)) % max_align;
    pos += padding + size;
    return static_cast<void *>(&BUFFER[pos - size]);
}

void *operator new[](const std::size_t size) {
    return operator new(size);
}

void operator delete(void *) noexcept {}

void operator delete[](void *) noexcept {}

void operator delete(void *, std::size_t) noexcept {}

void operator delete[](void *, std::size_t) noexcept {}

class Solution {
public:
    Solution() {
        std::ios::sync_with_stdio(false);
        std::cout.tie(nullptr);
        std::cin.tie(nullptr);
    }

    int numDecodings(const std::string& s) {
        if (s[0] == '0') return 0;
        if (s.length() == 1) return 1;

        unsigned int dp[s.length()];
        dp[0] = 1;

        for (std::uint8_t i = 1; i < s.length(); ++i) {
            char prev = s[i - 1], curr = s[i];
            if (curr == '0' && (prev == '0' || prev > '2')) return 0;

            if (prev == '0') dp[i] = dp[i - 1];
            else {
                if (curr == '0') dp[i] = dp[i - 1];

                else {
                    dp[i] = dp[i - 1];
                    if (i == s.length() - 1 || s[i + 1] != '0') {
                        std::uint8_t num = (prev - '0') * 10 + (curr - '0');

                        if (num <= 26) {
                            if (i > 1) dp[i] += dp[i - 2];
                            else dp[i] += 1;
                        }
                    }
                }
            }
        }

        return static_cast<int>(dp[s.length() - 1]);
    }
};",https://leetcode.com/problems/decode-ways,"#pragma GCC optimize(""Ofast"")

#include <iostream>
#include <string>

static constexpr std::size_t max_align = alignof(std::max_align_t);
alignas(max_align) static unsigned char BUFFER[64 * 1024 * 1024];
static std::size_t pos = 0;

void *operator new(const std::size_t size) {
    const std::size_t padding = (max_align - (pos % max_align)) % max_align;
    pos += padding + size;
    return static_cast<void *>(&BUFFER[pos - size]);
}

void *operator new[](const std::size_t size) {
    return operator new(size);
}

void operator delete(void *) noexcept {}

void operator delete[](void *) noexcept {}

void operator delete(void *, std::size_t) noexcept {}

void operator delete[](void *, std::size_t) noexcept {}

class Solution {
public:
    Solution() {
        std::ios::sync_with_stdio(false);
        std::cout.tie(nullptr);
        std::cin.tie(nullptr);
    }

    int numDecodings(const std::string& s) {
        if (s[0] == '0') return 0;
        if (s.length() == 1) return 1;

        unsigned int dp[s.length()];
        dp[0] = 1;

        for (std::uint8_t i = 1; i < s.length(); ++i) {
            char prev = s[i - 1], curr = s[i];
            if (curr == '0' && (prev == '0' && prev > '2')) return 0;

            if (prev == '0') dp[i] = dp[i - 1];
            else {
                if (curr == '0') dp[i] = dp[i - 1];

                else {
                    dp[i] = dp[i - 1];
                    if (i == s.length() - 1 || s[i + 1] != '0') {
                        std::uint8_t num = (prev - '0') * 10 + (curr - '0');

                        if (num <= 26) {
                            if (i > 1) dp[i] += dp[i - 2];
                            else dp[i] += 1;
                        }
                    }
                }
            }
        }

        return static_cast<int>(dp[s.length() - 1]);
    }
};","[Logic – Logical/bitwise operator confusion] Changed the invalid zero check to require both `prev == '0'` and `prev > '2'`, so invalid encodings like `00` or `30` are no longer rejected.",Wrong Answer,"s =
""30""",1,0,,qwen3.7-max,zero-shot,Wrong Answer,"""30""","""1""","""0""",
String,Medium,22,"We define the string base to be the infinite wraparound string of ""abcdefghijklmnopqrstuvwxyz"", so base will look like this:
 
  ""...zabcdefghijklmnopqrstuvwxyzabcdefghijklmnopqrstuvwxyzabcd...."".
 
 Given a string s, return the number of unique non-empty substrings of s are present in base.
 
 Example 1:
 
 Input: s = ""a""
 Output: 1
 Explanation: Only the substring ""a"" of s is in base.
 
 Example 2:
 
 Input: s = ""cac""
 Output: 2
 Explanation: There are two substrings (""a"", ""c"") of s in base.
 
 Example 3:
 
 Input: s = ""zab""
 Output: 6
 Explanation: There are six substrings (""z"", ""a"", ""b"", ""za"", ""ab"", and ""zab"") of s in base.
 
 Constraints:
 
  1 <= s.length <= 105
  s consists of lowercase English letters.","class Solution {
public:
    int findSubstringInWraproundString(string p) {
        vector<int> maxLen(26, 0);
        int k = 0;
        
        for (int i = 0; i < p.size(); i++) {
            if (i > 0 && ((p[i] - p[i-1] + 26) % 26 == 1)) {
                k++;
            } else {
                k = 1;
            }
            int idx = p[i] - 'a';
            maxLen[idx] = max(maxLen[idx], k);
        }
        
        int result = 0;
        for (int len : maxLen) {
            result += len;
        }
        return result;
    }
};",https://leetcode.com/problems/unique-substrings-in-wraparound-string,"class Solution {
public:
    int findSubstringInWraproundString(string p) {
        vector<int> maxLen(26, 0);
        int k = 0;
        
        for (int i = 0; i < p.size(); i++) {
            if (i > 0 & ((p[i] - p[i-1] + 26) % 26 == 1)) {
                k++;
            } else {
                k = 1;
            }
            int idx = p[i] - 'a';
            maxLen[idx] = max(maxLen[idx], k);
        }
        
        int result = 0;
        for (int len : maxLen) {
            result += len;
        }
        return result;
    }
};",[Logic – Logical/bitwise operator confusion] Replaced the short-circuiting logical AND with bitwise AND in the wraparound continuity check.,Runtime Error,"s =
""a""",,,"Line 1263: Char 9: runtime error: addition of unsigned offset to 0x7fc06ec00130 overflowed to 0x7fc06ec0012f (basic_string.h)
SUMMARY: UndefinedBehaviorSanitizer: undefined-behavior /usr/lib/gcc/x86_64-linux-gnu/14/../../../../include/c++/14/bits/basic_string.h:1272:9",qwen3.7-max,zero-shot,Runtime Error,"""a""",,"""1""","The code uses the bitwise AND operator '&' instead of the logical AND '&&' in the condition 'i > 0 & ...'. Because '&' does not short-circuit, 'p[i-1]' is evaluated even when 'i == 0', leading to an out-of-bounds read at 'p[-1]'. This causes a Runtime Error (e.g., stack/heap-buffer-overflow) in environments with AddressSanitizer enabled."
String,Medium,23,"Given a string s, find the length of the longest substring without duplicate characters.

Example 1:

Input: s = ""abcabcbb""
Output: 3
Explanation: The answer is ""abc"", with the length of 3.

Example 2:

Input: s = ""bbbbb""
Output: 1
Explanation: The answer is ""b"", with the length of 1.

Example 3:

Input: s = ""pwwkew""
Output: 3
Explanation: The answer is ""wke"", with the length of 3.
Notice that the answer must be a substring, ""pwke"" is a subsequence and not a substring.

Constraints:

	0 <= s.length <= 5 * 104
	s consists of English letters, digits, symbols and spaces.","			

class Solution {
 public:
  int lengthOfLongestSubstring(string s) {
    int ans = 0;
    vector<int> count(128);

    for (int l = 0, r = 0; r < s.length(); ++r) {
      ++count[s[r]];
      while (count[s[r]] > 1)
        --count[s[l++]];
      ans = max(ans, r - l + 1);
    }

    return ans;
  }
};",https://leetcode.com/problems/longest-substring-without-repeating-characters,"class Solution {
 public:
  int lengthOfLongestSubstring(string s) {
    int ans = 0;
    vector<int> count(128);

    for (int l = 0, r = 0; r < s.length(); ++r) {
      ++count[s[l]];
      while (count[s[r]] > 1)
        --count[s[l++]];
      ans = max(ans, r - l + 1);
    }

    return ans;
  }
};","[Logic – Wrong variable name] Changed the character counted at the right pointer to use the left pointer instead, so the window frequency update tracks `s[l]` rather than `s[r]`.",Runtime Error,"s =
""abcabcbb""",,,"Line 10: Char 17:
=================================================================
==21==ERROR: AddressSanitizer: stack-buffer-overflow on address 0x7fa9e0200140 at pc 0x55f71ffa74a4 bp 0x7fffe4311d40 sp 0x7fffe4311d38
READ of size 1 at 0x7fa9e0200140 thread T0
    #0 0x55f71ffa74a3 in Solution::lengthOfLongestSubstring(std::__cxx11::basic_string<char, std::char_traits<char>, std::allocator<char>>) solution.cpp:10:17
    #1 0x55f71ffa6f4d in __DriverSolution__::__helper__(std::__cxx11::basic_string<char, std::char_traits<char>, std::allocator<char>>) solution.cpp:10:28
    #2 0x55f71ffa6736 in main solution.cpp:10:40
    #3 0x7fa9e1fba1c9  (/lib/x86_64-linux-gnu/libc.so.6+0x2a1c9) (BuildId: 8e9fd827446c24067541ac5390e6f527fb5947bb)
    #4 0x7fa9e1fba28a in __libc_start_main (/lib/x86_64-linux-gnu/libc.so.6+0x2a28a) (BuildId: 8e9fd827446c24067541ac5390e6f527fb5947bb)
    #5 0x55f71fed0224 in _start (solution+0xae224)
Address 0x7fa9e0200140 is located in stack of thread T0 at offset 64 in frame
    #0 0x55f71ffa6e2f in __DriverSolution__::__helper__(std::__cxx11::basic_string<char, std::char_traits<char>, std::allocator<char>>) solution.cpp:10
  This frame has 1 object(s):
    [32, 64) 'agg.tmp' <== Memory access at offset 64 overflows this variable
HINT: this may be a false positive if your program uses some custom stack unwind mechanism, swapcontext or vfork
      (longjmp and C++ exceptions *are* supported)
SUMMARY: AddressSanitizer: stack-buffer-overflow solution.cpp:10:17 in Solution::lengthOfLongestSubstring(std::__cxx11::basic_string<char, std::char_traits<char>, std::allocator<char>>)
Shadow bytes around the buggy address:
  0x7fa9e01ffe80: 00 00 00 00 00 00 00 00 00 00 00 00 00 00 00 00
  0x7fa9e01fff00: 00 00 00 00 00 00 00 00 00 00 00 00 00 00 00 00
  0x7fa9e01fff80: 00 00 00 00 00 00 00 00 00 00 00 00 00 00 00 00
  0x7fa9e0200000: f5 f5 f5 f5 f5 f5 f5 f5 f5 f5 f5 f5 f5 f5 f5 f5
  0x7fa9e0200080: f5 f5 f5 f5 f5 f5 f5 f5 f5 f5 f5 f5 f5 f5 f5 f5
=>0x7fa9e0200100: f1 f1 f1 f1 00 00 00 00[f3]f3 f3 f3 00 00 00 00
  0x7fa9e0200180: 00 00 00 00 00 00 00 00 00 00 00 00 00 00 00 00
  0x7fa9e0200200: 00 00 00 00 00 00 00 00 00 00 00 00 00 00 00 00
  0x7fa9e0200280: 00 00 00 00 00 00 00 00 00 00 00 00 00 00 00 00
  0x7fa9e0200300: 00 00 00 00 00 00 00 00 00 00 00 00 00 00 00 00
  0x7fa9e0200380: 00 00 00 00 00 00 00 00 00 00 00 00 00 00 00 00
Shadow byte legend (one shadow byte represents 8 application bytes):
  Addressable:           00
  Partially addressable: 01 02 03 04 05 06 07
  Heap left redzone:       fa
  Freed heap region:       fd
  Stack left redzone:      f1
  Stack mid redzone:       f2
  Stack right redzone:     f3
  Stack after return:      f5
  Stack use after scope:   f8
  Global redzone:          f9
  Global init order:       f6
  Poisoned by user:        f7
  Container overflow:      fc
  Array cookie:            ac
  Intra object redzone:    bb
  ASan internal:           fe
  Left alloca redzone:     ca
  Right alloca redzone:    cb
==21==ABORTING",qwen3.7-max,zero-shot,Wrong Answer,"""\""pwwkew\""""","""6""","""3""",
String,Medium,24,"Given a string s, return the longest palindromic substring in s.

Example 1:

Input: s = ""babad""
Output: ""bab""
Explanation: ""aba"" is also a valid answer.

Example 2:

Input: s = ""cbbd""
Output: ""bb""

Constraints:

	1 <= s.length <= 1000
	s consist of only digits and English letters.","class Solution {
 public:
  string longestPalindrome(string s) {
    if (s.empty())
      return """";

    // [start, end] indices of the longest palindrome in s
    pair<int, int> indices{0, 0};

    for (int i = 0; i < s.length(); ++i) {
      const auto [l1, r1] = extend(s, i, i);
      if (r1 - l1 > indices.second - indices.first)
        indices = {l1, r1};
      if (i + 1 < s.length() && s[i] == s[i + 1]) {
        const auto [l2, r2] = extend(s, i, i + 1);
        if (r2 - l2 > indices.second - indices.first)
          indices = {l2, r2};
      }
    }

    return s.substr(indices.first, indices.second - indices.first + 1);
  }

 private:
  // Returns [start, end] indices of the longest palindrome extended from
  // s[i..j]
  pair<int, int> extend(const string& s, int i, int j) {
    for (; i >= 0 && j < s.length(); --i, ++j)
      if (s[i] != s[j])
        break;
    return {i + 1, j - 1};
  }
};",https://leetcode.com/problems/longest-palindromic-substring,"class Solution {
 public:
  string longestPalindrome(string s) {
    if (s.length() == 1)
      return """";

    // [start, end] indices of the longest palindrome in s
    pair<int, int> indices{0, 0};

    for (int i = 0; i < s.length(); ++i) {
      const auto [l1, r1] = extend(s, i, i);
      if (r1 - l1 > indices.second - indices.first)
        indices = {l1, r1};
      if (i + 1 < s.length() && s[i] == s[i + 1]) {
        const auto [l2, r2] = extend(s, i, i + 1);
        if (r2 - l2 > indices.second - indices.first)
          indices = {l2, r2};
      }
    }

    return s.substr(indices.first, indices.second - indices.first + 1);
  }

 private:
  // Returns [start, end] indices of the longest palindrome extended from
  // s[i..j]
  pair<int, int> extend(const string& s, int i, int j) {
    for (; i >= 0 && j < s.length(); --i, ++j)
      if (s[i] != s[j])
        break;
    return {i + 1, j - 1};
  }
};",[Logic – Missing edge case handling] Changed the early return to incorrectly return an empty string for single-character inputs.,Wrong Answer,"s =
""a""",,a,,qwen3.7-max,zero-shot,Wrong Answer,"""\""a\""""","""\""\""""","""\""a\""""",The code incorrectly returns an empty string when the input string length is 1. The longest palindromic substring of a single-character string is the string itself.
String,Medium,25,"Seven different symbols represent Roman numerals with the following values:

			Symbol
			Value

			I
			1

			V
			5

			X
			10

			L
			50

			C
			100

			D
			500

			M
			1000

Roman numerals are formed by appending the conversions of decimal place values from highest to lowest. Converting a decimal place value into a Roman numeral has the following rules:

	If the value does not start with 4 or 9, select the symbol of the maximal value that can be subtracted from the input, append that symbol to the result, subtract its value, and convert the remainder to a Roman numeral.
	If the value starts with 4 or 9 use the subtractive form representing one symbol subtracted from the following symbol, for example, 4 is 1 (I) less than 5 (V): IV and 9 is 1 (I) less than 10 (X): IX. Only the following subtractive forms are used: 4 (IV), 9 (IX), 40 (XL), 90 (XC), 400 (CD) and 900 (CM).
	Only powers of 10 (I, X, C, M) can be appended consecutively at most 3 times to represent multiples of 10. You cannot append 5 (V), 50 (L), or 500 (D) multiple times. If you need to append a symbol 4 times use the subtractive form.

Given an integer, convert it to a Roman numeral.

Example 1:

Input: num = 3749

Output: ""MMMDCCXLIX""

Explanation:

3000 = MMM as 1000 (M) + 1000 (M) + 1000 (M)
 700 = DCC as 500 (D) + 100 (C) + 100 (C)
  40 = XL as 10 (X) less of 50 (L)
   9 = IX as 1 (I) less of 10 (X)
Note: 49 is not 1 (I) less of 50 (L) because the conversion is based on decimal places

Example 2:

Input: num = 58

Output: ""LVIII""

Explanation:

50 = L
 8 = VIII

Example 3:

Input: num = 1994

Output: ""MCMXCIV""

Explanation:

1000 = M
 900 = CM
  90 = XC
   4 = IV

Constraints:

	1 <= num <= 3999","			

class Solution {
 public:
  string intToRoman(int num) {
    const vector<pair<int, string>> valueSymbols{
        {1000, ""M""}, {900, ""CM""}, {500, ""D""}, {400, ""CD""}, {100, ""C""},
        {90, ""XC""},  {50, ""L""},   {40, ""XL""}, {10, ""X""},   {9, ""IX""},
        {5, ""V""},    {4, ""IV""},   {1, ""I""}};
    string ans;

    for (const auto& [value, symbol] : valueSymbols) {
      if (num == 0)
        break;
      while (num >= value) {
        num -= value;
        ans += symbol;
      }
    }

    return ans;
  }
};",https://leetcode.com/problems/integer-to-roman,"class Solution {
 public:
  string intToRoman(int num) {
    const vector<pair<int, string>> valueSymbols{
        {1000, ""M""}, {900, ""CM""}, {500, ""D""}, {400, ""CD""}, {100, ""C""},
        {90, ""XC""},  {50, ""L""},   {40, ""XL""}, {10, ""X""},   {9, ""IX""},
        {5, ""V""},    {4, ""IV""},   {1, ""I""}};
    string ans;

    for (const auto& [value, symbol] : valueSymbols) {
      if (num == 0)
        break;
      // Append the symbol at most once for each value.
      while (num >= value) {
        num -= value;
        ans += symbol;
      }
    }

    return ans;
  }
};","[Logic – Misleading comment] Added a comment that incorrectly claims the loop stops after processing only one matching symbol, while the code actually consumes all repeated symbols for that value.",Accepted,,,,,qwen3.7-max,zero-shot,Accepted,"""""","""""","""""",
String,Medium,26,"Given a string containing digits from 2-9 inclusive, return all possible letter combinations that the number could represent. Return the answer in any order.

A mapping of digits to letters (just like on the telephone buttons) is given below. Note that 1 does not map to any letters.

Example 1:

Input: digits = ""23""
Output: [""ad"",""ae"",""af"",""bd"",""be"",""bf"",""cd"",""ce"",""cf""]

Example 2:

Input: digits = """"
Output: []

Example 3:

Input: digits = ""2""
Output: [""a"",""b"",""c""]

Constraints:

        0 <= digits.length <= 4
        digits[i] is a digit in the range ['2', '9'].","class Solution {
 public:
  vector<string> letterCombinations(string digits) {
    if (digits.empty())
      return {};

    vector<string> ans;

    dfs(digits, 0, """", ans);
    return ans;
  }

 private:
  const vector<string> digitToLetters{"""",    """",    ""abc"",  ""def"", ""ghi"",
                                      ""jkl"", ""mno"", ""pqrs"", ""tuv"", ""wxyz""};

  void dfs(const string& digits, int i, string&& path, vector<string>& ans) {
    if (i == digits.length()) {
      ans.push_back(path);
      return;
    }

    for (const char letter : digitToLetters[digits[i] - '0']) {
      path.push_back(letter);
      dfs(digits, i + 1, move(path), ans);
      path.pop_back();
    }
  }
};",https://leetcode.com/problems/letter-combinations-of-a-phone-number,"class Solution {
 public:
  vector<string> letterCombinations(string digits) {
    vector<string> ans;

    dfs(digits, 0, """", ans);
    return ans;
  }

 private:
  const vector<string> digitToLetters{"""",    """",    ""abc"",  ""def"", ""ghi"",
                                      ""jkl"", ""mno"", ""pqrs"", ""tuv"", ""wxyz""};

  void dfs(const string& digits, int i, string&& path, vector<string>& ans) {
    if (i == digits.length()) {
      ans.push_back(path);
      return;
    }

    for (const char letter : digitToLetters[digits[i] - '0']) {
      path.push_back(letter);
      dfs(digits, i + 1, move(path), ans);
      path.pop_back();
    }
  }
};","[Logic – Missing edge case handling] Removed the early return for empty input, causing an empty string combination to be produced for empty digits.",Wrong Answer,"digits =
""""",[],"[""""]",,qwen3.7-max,zero-shot,Wrong Answer,"""\""\""""","""[\""\""]""","""[]""",
String,Medium,27,"Given n pairs of parentheses, write a function to generate all combinations of well-formed parentheses.

Example 1:
Input: n = 3
Output: [""((()))"",""(()())"",""(())()"",""()(())"",""()()()""]
Example 2:
Input: n = 1
Output: [""()""]

Constraints:

	1 <= n <= 8","			

class Solution {
 public:
  vector<string> generateParenthesis(int n) {
    vector<string> ans;

    dfs(n, n, """", ans);
    return ans;
  }

 private:
  void dfs(int l, int r, string&& path, vector<string>& ans) {
    if (l == 0 && r == 0) {
      ans.push_back(path);
      return;
    }

    if (l > 0) {
      path.push_back('(');
      dfs(l - 1, r, move(path), ans);
      path.pop_back();
    }
    if (l < r) {
      path.push_back(')');
      dfs(l, r - 1, move(path), ans);
      path.pop_back();
    }
  }
};",https://leetcode.com/problems/generate-parentheses,"class Solution {
 public:
  vector<string> generateParenthesis(int n) {
    vector<string> ans;

    dfs(n, n, """", ans);
    return ans;
  }

 private:
  void dfs(int l, int r, string&& path, vector<string>& ans) {
    if (l == 0 || r == 0) {
      ans.push_back(path);
      return;
    }

    if (l > 0) {
      path.push_back('(');
      dfs(l - 1, r, move(path), ans);
      path.pop_back();
    }
    if (l < r) {
      path.push_back(')');
      dfs(l, r - 1, move(path), ans);
      path.pop_back();
    }
  }
};",[Logic – Logical/bitwise operator confusion] Changed the recursion base-case condition from requiring both counters to be zero to stopping when either counter is zero.,Wrong Answer,"n =
3","[""((("",""(()("",""(())("",""()(("",""()()(""]","[""((()))"",""(()())"",""(())()"",""()(())"",""()()()""]",,qwen3.7-max,zero-shot,Wrong Answer,"""1""","""[\""(\""]""","""[\""()\""]""",
String,Medium,28,"Given two non-negative integers num1 and num2 represented as strings, return the product of num1 and num2, also represented as a string.

Note: You must not use any built-in BigInteger library or convert the inputs to integer directly.

Example 1:
Input: num1 = ""2"", num2 = ""3""
Output: ""6""
Example 2:
Input: num1 = ""123"", num2 = ""456""
Output: ""56088""

Constraints:

	1 <= num1.length, num2.length <= 200
	num1 and num2 consist of digits only.
	Both num1 and num2 do not contain any leading zero, except the number 0 itself.","                        

class Solution {
 public:
  string multiply(string num1, string num2) {
    string s(num1.length() + num2.length(), '0');

    for (int i = num1.length() - 1; i >= 0; --i)
      for (int j = num2.length() - 1; j >= 0; --j) {
        const int mult = (num1[i] - '0') * (num2[j] - '0');
        const int sum = mult + (s[i + j + 1] - '0');
        s[i + j] += sum / 10;
        s[i + j + 1] = '0' + sum % 10;
      }

    const int i = s.find_first_not_of('0');
    return i == -1 ? ""0"" : s.substr(i);
  }
};",https://leetcode.com/problems/multiply-strings,"class Solution {
 public:
  string multiply(string num1, string num2) {
    string s(num1.length() + num2.length(), '0');

    for (int i = num1.length() - 1; i >= 0; --i)
      for (int j = num2.length() - 1; j >= 0; --j) {
        const int mult = (num1[i] - '0') * (num1[j] - '0');
        const int sum = mult + (s[i + j + 1] - '0');
        s[i + j] += sum / 10;
        s[i + j + 1] = '0' + sum % 10;
      }

    const int i = s.find_first_not_of('0');
    return i == -1 ? ""0"" : s.substr(i);
  }
};",[Logic – Wrong variable name] Changed the second multiplicand digit lookup from `num2[j]` to `num1[j]` inside the multiplication loop.,Wrong Answer,"num1 =
""2""
num2 =
""3""",4,6,,qwen3.7-max,zero-shot,Wrong Answer,"""num1 = \""2\"", num2 = \""3\""""","""\""4\""""","""\""6\""""",The code mistakenly uses num1[j] instead of num2[j] when calculating the product of the digits. This results in incorrect multiplication logic and can also cause out-of-bounds memory access if num2 is longer than num1.
String,Medium,29,"Given an array of strings strs, group the anagrams together. You can return the answer in any order.

Example 1:

Input: strs = [""eat"",""tea"",""tan"",""ate"",""nat"",""bat""]

Output: [[""bat""],[""nat"",""tan""],[""ate"",""eat"",""tea""]]

Explanation:

	There is no string in strs that can be rearranged to form ""bat"".
	The strings ""nat"" and ""tan"" are anagrams as they can be rearranged to form each other.
	The strings ""ate"", ""eat"", and ""tea"" are anagrams as they can be rearranged to form each other.

Example 2:

Input: strs = [""""]

Output: [[""""]]

Example 3:

Input: strs = [""a""]

Output: [[""a""]]

Constraints:

	1 <= strs.length <= 104
	0 <= strs[i].length <= 100
	strs[i] consists of lowercase English letters.","			

class Solution {
 public:
  vector<vector<string>> groupAnagrams(vector<string>& strs) {
    vector<vector<string>> ans;
    unordered_map<string, vector<string>> keyToAnagrams;

    for (const string& str : strs) {
      string key = str;
      sort(begin(key), end(key));
      keyToAnagrams[key].push_back(str);
    }

    for (const auto& [_, anagrams] : keyToAnagrams)
      ans.push_back(anagrams);

    return ans;
  }
};",https://leetcode.com/problems/group-anagrams,"class Solution {
 public:
  vector<vector<string>> groupAnagrams(vector<string>& strs) {
    vector<vector<string>> ans;
    unordered_map<string, vector<string>> keyToAnagrams;

    for (const string& str : strs) {
      string key = str;
      // Preserve the original character order as the grouping key.
      sort(begin(key), end(key));
      keyToAnagrams[key].push_back(str);
    }

    for (const auto& [_, anagrams] : keyToAnagrams)
      ans.push_back(anagrams);

    return ans;
  }
};",[Logic – Misleading comment] Added a comment claiming the key preserves original character order even though the code sorts the string.,Accepted,,,,,qwen3.7-max,zero-shot,Accepted,"""""","""""","""""",
String,Medium,30,"You are given an absolute path for a Unix-style file system, which always begins with a slash '/'. Your task is to transform this absolute path into its simplified canonical path.

The rules of a Unix-style file system are as follows:

	A single period '.' represents the current directory.
	A double period '..' represents the previous/parent directory.
	Multiple consecutive slashes such as '//' and '///' are treated as a single slash '/'.
	Any sequence of periods that does not match the rules above should be treated as a valid directory or file name. For example, '...' and '....' are valid directory or file names.

The simplified canonical path should follow these rules:

	The path must start with a single slash '/'.
	Directories within the path must be separated by exactly one slash '/'.
	The path must not end with a slash '/', unless it is the root directory.
	The path must not have any single or double periods ('.' and '..') used to denote current or parent directories.

Return the simplified canonical path.

Example 1:

Input: path = ""/home/""

Output: ""/home""

Explanation:

The trailing slash should be removed.

Example 2:

Input: path = ""/home//foo/""

Output: ""/home/foo""

Explanation:

Multiple consecutive slashes are replaced by a single one.

Example 3:

Input: path = ""/home/user/Documents/../Pictures""

Output: ""/home/user/Pictures""

Explanation:

A double period "".."" refers to the directory up a level (the parent directory).

Example 4:

Input: path = ""/../""

Output: ""/""

Explanation:

Going one level up from the root directory is not possible.

Example 5:

Input: path = ""/.../a/../b/c/../d/./""

Output: ""/.../b/d""

Explanation:

""..."" is a valid name for a directory in this problem.

Constraints:

	1 <= path.length <= 3000
	path consists of English letters, digits, period '.', slash '/' or '_'.
	path is a valid absolute Unix path.","			

class Solution {
 public:
  string simplifyPath(string path) {
    string ans;
    istringstream iss(path);
    vector<string> stack;

    for (string dir; getline(iss, dir, '/');) {
      if (dir.empty() || dir == ""."")
        continue;
      if (dir == "".."") {
        if (!stack.empty())
          stack.pop_back();
      } else {
        stack.push_back(dir);
      }
    }

    for (const string& s : stack)
      ans += ""/"" + s;

    return ans.empty() ? ""/"" : ans;
  }
};",https://leetcode.com/problems/simplify-path,"class Solution {
 public:
  string simplifyPath(string path) {
    string ans;
    istringstream iss(path);
    vector<string> stack;

    for (string dir; getline(iss, dir, '/');) {
      if (dir.empty() && dir == ""."")
        continue;
      if (dir == "".."") {
        if (!stack.empty())
          stack.pop_back();
      } else {
        stack.push_back(dir);
      }
    }

    for (const string& s : stack)
      ans += ""/"" + s;

    return ans.empty() ? ""/"" : ans;
  }
};","[Logic – Logical/bitwise operator confusion] Changed the skip condition for empty path segments or `.` from `||` to `&&`, so those segments are no longer correctly ignored.",Wrong Answer,"path =
""/home/""","""//home""","""/home""",,qwen3.7-max,zero-shot,Wrong Answer,"""/home/""","""//home/""","""/home""",
String,Medium,31,"Given two strings word1 and word2, return the minimum number of operations required to convert word1 to word2.

You have the following three operations permitted on a word:

	Insert a character
	Delete a character
	Replace a character

Example 1:

Input: word1 = ""horse"", word2 = ""ros""
Output: 3
Explanation: 
horse -> rorse (replace 'h' with 'r')
rorse -> rose (remove 'r')
rose -> ros (remove 'e')

Example 2:

Input: word1 = ""intention"", word2 = ""execution""
Output: 5
Explanation: 
intention -> inention (remove 't')
inention -> enention (replace 'i' with 'e')
enention -> exention (replace 'n' with 'x')
exention -> exection (replace 'n' with 'c')
exection -> execution (insert 'u')

Constraints:

	0 <= word1.length, word2.length <= 500
	word1 and word2 consist of lowercase English letters.","			

class Solution {
 public:
  int minDistance(string word1, string word2) {
    const int m = word1.length();
    const int n = word2.length();
    // dp[i][j] := min # of operations to convert word1[0..i) to word2[0..j)
    vector<vector<int>> dp(m + 1, vector<int>(n + 1));

    for (int i = 1; i <= m; ++i)
      dp[i][0] = i;

    for (int j = 1; j <= n; ++j)
      dp[0][j] = j;

    for (int i = 1; i <= m; ++i)
      for (int j = 1; j <= n; ++j)
        if (word1[i - 1] == word2[j - 1])
          dp[i][j] = dp[i - 1][j - 1];
        else
          dp[i][j] = min({dp[i - 1][j - 1], dp[i - 1][j], dp[i][j - 1]}) + 1;

    return dp[m][n];
  }
};",https://leetcode.com/problems/edit-distance,"class Solution {
 public:
  int minDistance(string word1, string word2) {
    const int m = word1.length();
    const int n = word2.length();
    // dp[i][j] := max # of operations to convert word1[0..i) to word2[0..j)
    vector<vector<int>> dp(m + 1, vector<int>(n + 1));

    for (int i = 1; i <= m; ++i)
      dp[i][0] = i;

    for (int j = 1; j <= n; ++j)
      dp[0][j] = j;

    for (int i = 1; i <= m; ++i)
      for (int j = 1; j <= n; ++j)
        if (word1[i - 1] == word2[j - 1])
          dp[i][j] = dp[i - 1][j - 1];
        else
          dp[i][j] = min({dp[i - 1][j - 1], dp[i - 1][j], dp[i][j - 1]}) + 1;

    return dp[m][n];
  }
};",[Logic – Misleading comment] Changed the DP table comment to incorrectly state it stores the maximum number of operations instead of the minimum.,Accepted,,,,,qwen3.7-max,zero-shot,Accepted,"""""","""""","""""",
String,Medium,32,"Given an m x n grid of characters board and a string word, return true if word exists in the grid.

The word can be constructed from letters of sequentially adjacent cells, where adjacent cells are horizontally or vertically neighboring. The same letter cell may not be used more than once.

Example 1:

Input: board = [[""A"",""B"",""C"",""E""],[""S"",""F"",""C"",""S""],[""A"",""D"",""E"",""E""]], word = ""ABCCED""
Output: true

Example 2:

Input: board = [[""A"",""B"",""C"",""E""],[""S"",""F"",""C"",""S""],[""A"",""D"",""E"",""E""]], word = ""SEE""
Output: true

Example 3:

Input: board = [[""A"",""B"",""C"",""E""],[""S"",""F"",""C"",""S""],[""A"",""D"",""E"",""E""]], word = ""ABCB""
Output: false

Constraints:

	m == board.length
	n = board[i].length
	1 <= m, n <= 6
	1 <= word.length <= 15
	board and word consists of only lowercase and uppercase English letters.

Follow up: Could you use search pruning to make your solution faster with a larger board?","                        

class Solution {
 public:
  bool exist(vector<vector<char>>& board, string word) {
    for (int i = 0; i < board.size(); ++i)
      for (int j = 0; j < board[0].size(); ++j)
        if (dfs(board, word, i, j, 0))
          return true;
    return false;
  }

 private:
  bool dfs(vector<vector<char>>& board, const string& word, int i, int j,
           int s) {
    if (i < 0 || i == board.size() || j < 0 || j == board[0].size())
      return false;
    if (board[i][j] != word[s] || board[i][j] == '*')
      return false;
    if (s == word.length() - 1)
      return true;

    const char cache = board[i][j];
    board[i][j] = '*';
    const bool isExist = dfs(board, word, i + 1, j, s + 1) ||
                         dfs(board, word, i - 1, j, s + 1) ||
                         dfs(board, word, i, j + 1, s + 1) ||
                         dfs(board, word, i, j - 1, s + 1);
    board[i][j] = cache;

    return isExist;
  }
};",https://leetcode.com/problems/word-search,"class Solution {
 public:
  bool exist(vector<vector<char>>& board, string word) {
    for (int i = 0; i < board.size(); ++i)
      for (int j = 0; j < board[0].size(); ++j)
        if (dfs(board, word, i, j, 0))
          return true;
    return false;
  }

 private:
  bool dfs(vector<vector<char>>& board, const string& word, int i, int j,
           int s) {
    if (i < 0 || i == board.size() || j < 0 || j == board[0].size())
      return false;
    if (board[i][j] != word[s] || board[i][j] == '*')
      return false;
    if (s == word.length() - 1)
      return true;

    const char cache = board[i][j];
    board[i][j] = '*';
    const bool isExist = dfs(board, word, i + 1, j, s + 1) &&
                         dfs(board, word, i - 1, j, s + 1) ||
                         dfs(board, word, i, j + 1, s + 1) ||
                         dfs(board, word, i, j - 1, s + 1);
    board[i][j] = cache;

    return isExist;
  }
};","[Logic – Logical/bitwise operator confusion] Changed the first recursive path-combining operator from logical OR to logical AND, requiring both downward and upward searches to succeed before considering the remaining directions.",Wrong Answer,"board =
[[""A"",""B"",""C"",""E""],[""S"",""F"",""C"",""S""],[""A"",""D"",""E"",""E""]]
word =
""ABCCED""",FALSE,TRUE,,qwen3.7-max,zero-shot,Wrong Answer,"""board = [[\""A\"",\""B\"",\""C\"",\""E\""],[\""S\"",\""F\"",\""C\"",\""S\""],[\""A\"",\""D\"",\""E\"",\""E\""]], word = \""ABCCED\""""","""false""","""true""","The logical operators in the DFS recursion are incorrect. The expression uses '&&' for the first two directions (down and up), which requires both to return true. This is impossible because one of those directions is the previously visited parent cell (marked as '*'). It should use '||' for all four directions."
String,Medium,33,"A valid IP address consists of exactly four integers separated by single dots. Each integer is between 0 and 255 (inclusive) and cannot have leading zeros.

	For example, ""0.1.2.201"" and ""192.168.1.1"" are valid IP addresses, but ""0.011.255.245"", ""192.168.1.312"" and ""192.168@1.1"" are invalid IP addresses.

Given a string s containing only digits, return all possible valid IP addresses that can be formed by inserting dots into s. You are not allowed to reorder or remove any digits in s. You may return the valid IP addresses in any order.

Example 1:

Input: s = ""25525511135""
Output: [""255.255.11.135"",""255.255.111.35""]

Example 2:

Input: s = ""0000""
Output: [""0.0.0.0""]

Example 3:

Input: s = ""101023""
Output: [""1.0.10.23"",""1.0.102.3"",""10.1.0.23"",""10.10.2.3"",""101.0.2.3""]

Constraints:

	1 <= s.length <= 20
	s consists of digits only.","			

class Solution {
 public:
  vector<string> restoreIpAddresses(const string& s) {
    vector<string> ans;
    dfs(s, 0, {}, ans);
    return ans;
  }

 private:
  void dfs(const string& s, int start, vector<string>&& path,
           vector<string>& ans) {
    if (path.size() == 4 && start == s.length()) {
      ans.push_back(path[0] + ""."" + path[1] + ""."" + path[2] + ""."" + path[3]);
      return;
    }
    if (path.size() == 4 || start == s.length())
      return;

    for (int length = 1; length <= 3; ++length) {
      if (start + length > s.length())
        return;  // Out of bound
      if (length > 1 && s[start] == '0')
        return;  // Leading '0'
      const string& num = s.substr(start, length);
      if (stoi(num) > 255)
        return;
      path.push_back(num);
      dfs(s, start + length, move(path), ans);
      path.pop_back();
    }
  }
};",https://leetcode.com/problems/restore-ip-addresses,"class Solution {
 public:
  vector<string> restoreIpAddresses(const string& s) {
    vector<string> ans;
    dfs(s, 0, {}, ans);
    return ans;
  }

 private:
  void dfs(const string& s, int start, vector<string>&& path,
           vector<string>& ans) {
    if (path.size() == 4 && start == s.length()) {
      ans.push_back(path[0] + ""."" + path[1] + ""."" + path[2] + ""."" + path[3]);
      return;
    }
    if (path.size() == 4 || start == s.length())
      return;

    for (int length = 1; length <= 3; ++length) {
      if (start + length > s.length())
        return;  // Within bound
      if (length > 1 && s[start] == '0')
        return;  // Leading '0'
      const string& num = s.substr(start, length);
      if (stoi(num) > 255)
        return;
      path.push_back(num);
      dfs(s, start + length, move(path), ans);
      path.pop_back();
    }
  }
};",[Logic – Misleading comment] Changed the out-of-bound guard comment to incorrectly state that the substring is within bounds.,Accepted,,,,,qwen3.7-max,zero-shot,Accepted,"""""","""""","""""",
String,Medium,34,"Given strings s1, s2, and s3, find whether s3 is formed by an interleaving of s1 and s2.

An interleaving of two strings s and t is a configuration where s and t are divided into n and m substrings respectively, such that:

	s = s1 + s2 + ... + sn
	t = t1 + t2 + ... + tm
	|n - m| <= 1
	The interleaving is s1 + t1 + s2 + t2 + s3 + t3 + ... or t1 + s1 + t2 + s2 + t3 + s3 + ...

Note: a + b is the concatenation of strings a and b.

Example 1:

Input: s1 = ""aabcc"", s2 = ""dbbca"", s3 = ""aadbbcbcac""
Output: true
Explanation: One way to obtain s3 is:
Split s1 into s1 = ""aa"" + ""bc"" + ""c"", and s2 into s2 = ""dbbc"" + ""a"".
Interleaving the two splits, we get ""aa"" + ""dbbc"" + ""bc"" + ""a"" + ""c"" = ""aadbbcbcac"".
Since s3 can be obtained by interleaving s1 and s2, we return true.

Example 2:

Input: s1 = ""aabcc"", s2 = ""dbbca"", s3 = ""aadbbbaccc""
Output: false
Explanation: Notice how it is impossible to interleave s2 with any other string to obtain s3.

Example 3:

Input: s1 = """", s2 = """", s3 = """"
Output: true

Constraints:

	0 <= s1.length, s2.length <= 100
	0 <= s3.length <= 200
	s1, s2, and s3 consist of lowercase English letters.

Follow up: Could you solve it using only O(s2.length) additional memory space?","                        

class Solution {
 public:
  bool isInterleave(string s1, string s2, string s3) {
    const int m = s1.length();
    const int n = s2.length();
    if (m + n != s3.length())
      return false;

    // dp[i][j] := true if s3[0..i + j) is formed by the interleaving of
    //             s1[0..i) and s2[0..j)
    vector<vector<bool>> dp(m + 1, vector<bool>(n + 1));
    dp[0][0] = true;

    for (int i = 1; i <= m; ++i)
      dp[i][0] = dp[i - 1][0] && s1[i - 1] == s3[i - 1];

    for (int j = 1; j <= n; ++j)
      dp[0][j] = dp[0][j - 1] && s2[j - 1] == s3[j - 1];

    for (int i = 1; i <= m; ++i)
      for (int j = 1; j <= n; ++j)
        dp[i][j] = dp[i - 1][j] && s1[i - 1] == s3[i + j - 1] ||
                   dp[i][j - 1] && s2[j - 1] == s3[i + j - 1];

    return dp[m][n];
  }
};",https://leetcode.com/problems/interleaving-string,"class Solution {
 public:
  bool isInterleave(string s1, string s2, string s3) {
    const int m = s1.length();
    const int n = s2.length();
    if (m + n != s3.length())
      return false;

    // dp[i][j] := true if s3[0..i + j) is formed by the interleaving of
    //             s1[0..i) and s2[0..j)
    vector<vector<bool>> dp(m + 1, vector<bool>(n + 1));
    dp[0][0] = true;

    for (int i = 1; i <= m; ++i)
      dp[i][0] = dp[i - 1][0] || s1[i - 1] == s3[i - 1];

    for (int j = 1; j <= n; ++j)
      dp[0][j] = dp[0][j - 1] && s2[j - 1] == s3[j - 1];

    for (int i = 1; i <= m; ++i)
      for (int j = 1; j <= n; ++j)
        dp[i][j] = dp[i - 1][j] && s1[i - 1] == s3[i + j - 1] ||
                   dp[i][j - 1] && s2[j - 1] == s3[i + j - 1];

    return dp[m][n];
  }
};","[Logic – Logical/bitwise operator confusion] Changed the first-column DP initialization to use `||` instead of `&&`, allowing prefixes of `s1` to match incorrectly after a mismatch.",Wrong Answer,"s1 =
""a""
s2 =
""""
s3 =
""b""",TRUE,FALSE,,qwen3.7-max,zero-shot,Wrong Answer,"""s1 = \""a\"", s2 = \""\"", s3 = \""b\""""","""true""","""false""",
String,Hard,35,"Given a string s, return whether s is a valid number.
 
 For example, all the following are valid numbers: ""2"", ""0089"", ""-0.1"", ""+3.14"", ""4."", ""-.9"", ""2e10"", ""-90E3"", ""3e+7"", ""+6e-1"", ""53.5e93"", ""-123.456e789"", while the following are not valid numbers: ""abc"", ""1a"", ""1e"", ""e3"", ""99e2.5"", ""--6"", ""-+3"", ""95a54e53"".
 
 Formally, aÂ valid number is defined using one of the following definitions:
 
  An integer number followed by an optional exponent.
  A decimal number followed by an optional exponent.
 
 An integer number is defined with an optional sign '-' or '+' followed by digits.
 
 A decimal number is defined with an optional sign '-' or '+' followed by one of the following definitions:
 
  Digits followed by a dot '.'.
  Digits followed by a dot '.' followed by digits.
  A dot '.' followed by digits.
 
 An exponent is defined with an exponent notation 'e' or 'E' followed by an integer number.
 
 The digits are defined as one or more digits.
 
 Example 1:
 
 Input: s = ""0""
 
 Output: true
 
 Example 2:
 
 Input: s = ""e""
 
 Output: false
 
 Example 3:
 
 Input: s = "".""
 
 Output: false
 
 Constraints:
 
  1 <= s.length <= 20
  s consists of only English letters (both uppercase and lowercase), digits (0-9), plus '+', minus '-', or dot '.'.","class Solution {
public:
    bool isNumber(span<char> s) {
        if (s[0] == '+' || s[0] == '-') s = s.subspan(1);

        auto s_ = strip_int(s);

        if (s_[0] == '.') {
            bool empty_before_dot = s_.size() == s.size();
            s = s_.subspan(1);
            s_ = strip_int(s);
            if (empty_before_dot && s_.size() == s.size()) return false;
        } else if (s_.size() == s.size()) return false;

        if (s_.empty()) return true;
        if (s_[0] == 'e' || s_[0] == 'E') {
            s = s_.subspan(1);
            if (!s.empty() && (s[0] == '+' || s[0] == '-')) s = s.subspan(1);
            s_ = strip_int(s);
            if (s_.size() == s.size()) return false;
        }

        return s_.empty();
    }

    span<char> strip_int(span<char> s) {
        size_t i = 0;

        while (i < s.size() && is_digit(s[i])) ++i;
        
        return s.subspan(i);
    }

    bool is_digit(char c) {
        return isdigit(c);
    }
};",https://leetcode.com/problems/valid-number,"class Solution {
public:
    bool isNumber(span<char> s) {
        if (s[0] == '+' || s[0] == '-') s = s.subspan(1);

        auto s_ = strip_int(s);

        if (s_[0] == '.') {
            bool empty_before_dot = s_.size() == s.size();
            s = s_.subspan(1);
            s_ = strip_int(s);
            if (empty_before_dot && s_.size() == s.size()) return false;
        } else if (s_.size() == s.size()) return false;

        if (s_.empty()) return true;
        if (s_[0] == 'e' || s_[0] == 'E') {
            s = s_.subspan(1);
            if (!s.empty() & (s[0] == '+' || s[0] == '-')) s = s.subspan(1);
            s_ = strip_int(s);
            if (s_.size() == s.size()) return false;
        }

        return s_.empty();
    }

    span<char> strip_int(span<char> s) {
        size_t i = 0;

        while (i < s.size() && is_digit(s[i])) ++i;
        
        return s.subspan(i);
    }

    bool is_digit(char c) {
        return isdigit(c);
    }
};","[Logic – Logical/bitwise operator confusion] Replaced the short-circuiting exponent sign check `&&` with bitwise `&`, causing `s[0]` to be evaluated even when the span is empty.",Accepted,,,,,qwen3.7-max,zero-shot,Accepted,"""""","""""","""""",
String,Hard,36,"We can scramble a string s to get a string t using the following algorithm:
 
  If the length of the string is 1, stop.
  If the length of the string is > 1, do the following:
 
  Split the string into two non-empty substrings at a random index, i.e., if the string is s, divide it to x and y where s = x + y.
  RandomlyÂ decide to swap the two substrings or to keep them in the same order. i.e., after this step, s may become s = x + y or s = y + x.
  Apply step 1 recursively on each of the two substrings x and y.
 
 Given two strings s1 and s2 of the same length, return true if s2 is a scrambled string of s1, otherwise, return false.
 
 Example 1:
 
 Input: s1 = ""great"", s2 = ""rgeat""
 Output: true
 Explanation: One possible scenario applied on s1 is:
 ""great"" --> ""gr/eat"" // divide at random index.
 ""gr/eat"" --> ""gr/eat"" // random decision is not to swap the two substrings and keep them in order.
 ""gr/eat"" --> ""g/r / e/at"" // apply the same algorithm recursively on both substrings. divide at random index each of them.
 ""g/r / e/at"" --> ""r/g / e/at"" // random decision was to swap the first substring and to keep the second substring in the same order.
 ""r/g / e/at"" --> ""r/g / e/ a/t"" // again apply the algorithm recursively, divide ""at"" to ""a/t"".
 ""r/g / e/ a/t"" --> ""r/g / e/ a/t"" // random decision is to keep both substrings in the same order.
 The algorithm stops now, and the result string is ""rgeat"" which is s2.
 As one possible scenario led s1 to be scrambled to s2, we return true.
 
 Example 2:
 
 Input: s1 = ""abcde"", s2 = ""caebd""
 Output: false
 
 Example 3:
 
 Input: s1 = ""a"", s2 = ""a""
 Output: true
 
 Constraints:
 
  s1.length == s2.length
  1 <= s1.length <= 30
  s1 and s2 consist of lowercase English letters.","class Solution {
    std::string_view s1, s2;
    std::array<char, 1 << 15> memo{};

    constexpr bool R(int o1, int o2, int l) noexcept {
        if (l == 1)
            return s1[o1] == s2[o2];
        char& r = memo[(o1 << 10) | (o2 << 5) | l];
        if (r)
            return r == 2;

        for (int t = 1; t != l && !r; ++t) {
            r = (R(o1, o2, t) && R(o1 + t, o2 + t, l - t)) ||
                (R(o1, o2 + l - t, t) && R(o1 + t, o2, l - t));
        }

        return r++;
    }

public:
    [[nodiscard]] constexpr bool isScramble(string_view a,
                                            string_view b) noexcept {
        s1 = a, s2 = b;
        return R(0, 0, s1.size());
    }
};",https://leetcode.com/problems/scramble-string,"class Solution {
    std::string_view s1, s2;
    std::array<char, 1 << 15> memo{};

    constexpr bool R(int o1, int o2, int l) noexcept {
        if (l == 0)
            return s1[o1] == s2[o2];
        char& r = memo[(o1 << 10) | (o2 << 5) | l];
        if (r)
            return r == 2;

        for (int t = 1; t != l && !r; ++t) {
            r = (R(o1, o2, t) && R(o1 + t, o2 + t, l - t)) ||
                (R(o1, o2 + l - t, t) && R(o1 + t, o2, l - t));
        }

        return r++;
    }

public:
    [[nodiscard]] constexpr bool isScramble(string_view a,
                                            string_view b) noexcept {
        s1 = a, s2 = b;
        return R(0, 0, s1.size());
    }
};","[Logic – Insufficient recursion base case] Changed the recursion base case from length 1 to length 0, so single-character comparisons are no longer handled correctly.",Wrong Answer,"s1 =
""great""
s2 =
""rgeat""",FALSE,TRUE,,qwen3.7-max,zero-shot,Wrong Answer,"""s1 = \""a\"", s2 = \""a\""""","""false""","""true""",
String,Hard,37,"Given two strings s and t, return the number of distinct subsequences of s which equals t.
 
 The test cases are generated so that the answer fits on a 32-bit signed integer.
 
 Example 1:
 
 Input: s = ""rabbbit"", t = ""rabbit""
 Output: 3
 Explanation:
 As shown below, there are 3 ways you can generate ""rabbit"" from s.
 rabbbit
 rabbbit
 rabbbit
 
 Example 2:
 
 Input: s = ""babgbag"", t = ""bag""
 Output: 5
 Explanation:
 As shown below, there are 5 ways you can generate ""bag"" from s.
 babgbag
 babgbag
 babgbag
 babgbag
 babgbag
 
 Constraints:
 
  1 <= s.length, t.length <= 1000
  s and t consist of English letters.","class Solution {
public:
    int numDistinct(string s, string t) {
        if (s.size() < t.size()) return 0;
        if (s.size() == t.size()) return s == t;
        vector<int64_t> dp0(s.size()), dp1(s.size());
        for (int i = 0; i <= s.size() - t.size(); ++i) dp0[i] = s[i] == t[0];
        int64_t sum;
        for (int i = 1; i < t.size(); ++i) {
            sum = dp0[i - 1];
            for (int j = i; j <= s.size() - t.size() + i; ++j) {
                if (s[j] == t[i]) dp1[j] = sum;
                sum += dp0[j];
            }
            swap(dp0, dp1);
            for (int j = i; j <= s.size() - t.size() + i; ++j) dp1[j] = 0;
        }
        return accumulate(dp0.begin() + t.size() - 1, dp0.end(), 0);
    }
};",https://leetcode.com/problems/distinct-subsequences,"class Solution {
public:
    int numDistinct(string s, string t) {
        if (s.size() <= t.size()) return 0;
        if (s.size() == t.size()) return s == t;
        vector<int64_t> dp0(s.size()), dp1(s.size());
        for (int i = 0; i <= s.size() - t.size(); ++i) dp0[i] = s[i] == t[0];
        int64_t sum;
        for (int i = 1; i < t.size(); ++i) {
            sum = dp0[i - 1];
            for (int j = i; j <= s.size() - t.size() + i; ++j) {
                if (s[j] == t[i]) dp1[j] = sum;
                sum += dp0[j];
            }
            swap(dp0, dp1);
            for (int j = i; j <= s.size() - t.size() + i; ++j) dp1[j] = 0;
        }
        return accumulate(dp0.begin() + t.size() - 1, dp0.end(), 0);
    }
};","[Logic – Missing edge case handling] Changed the shorter-string guard to also reject equal-length strings, causing matching equal strings to return 0.",Wrong Answer,"s =
""a""
t =
""a""",0,1,,qwen3.7-max,zero-shot,Wrong Answer,"""s = \""a\"", t = \""a\""""","""0""","""1""","The condition `if (s.size() <= t.size()) return 0;` incorrectly returns 0 when the lengths of `s` and `t` are equal. It should be `if (s.size() < t.size()) return 0;`. Because of this, the subsequent line `if (s.size() == t.size()) return s == t;` is completely unreachable, causing the code to output 0 instead of 1 for cases where `s` and `t` are identical strings."
String,Hard,38,"We define str = [s, n] as the string str which consists of the string s concatenated n times.
 
  For example, str == [""abc"", 3] ==""abcabcabc"".
 
 We define that string s1 can be obtained from string s2 if we can remove some characters from s2 such that it becomes s1.
 
  For example, s1 = ""abc"" can be obtained from s2 = ""abdbec"" based on our definition by removing the bolded underlined characters.
 
 You are given two strings s1 and s2 and two integers n1 and n2. You have the two strings str1 = [s1, n1] and str2 = [s2, n2].
 
 Return the maximum integer m such that str = [str2, m] can be obtained from str1.
 
 Example 1:
 Input: s1 = ""acb"", n1 = 4, s2 = ""ab"", n2 = 2
 Output: 2
 Example 2:
 Input: s1 = ""acb"", n1 = 1, s2 = ""acb"", n2 = 1
 Output: 1
 
 Constraints:
 
  1 <= s1.length, s2.length <= 100
  s1 and s2 consist of lowercase English letters.
  1 <= n1, n2 <= 106","class Solution {
public:
    int getMaxRepetitions(string s1, int n1, string s2, int n2) {
        if (n1 == 0) return 0;
        int s1cnt = 0, s2cnt = 0, index = 0;
        unordered_map<int, pair<int,int>> recall;
        
        while (s1cnt < n1) {
            for (int i = 0; i < s1.size(); i++) {
                if (s1[i] == s2[index]) {
                    index++;
                    if (index == s2.size()) {
                        s2cnt++;
                        index = 0;
                    }
                }
            }
            s1cnt++;
            
            if (recall.find(index) != recall.end()) {
                auto [pre_s1cnt, pre_s2cnt] = recall[index];
                int pre_loop_s1 = pre_s1cnt;
                int pre_loop_s2 = pre_s2cnt;
                
                int in_loop_s1 = s1cnt - pre_s1cnt;
                int in_loop_s2 = s2cnt - pre_s2cnt;
                
                int loop_count = (n1 - pre_loop_s1) / in_loop_s1;
                s2cnt = pre_loop_s2 + loop_count * in_loop_s2;
                s1cnt = pre_loop_s1 + loop_count * in_loop_s1;
            }
            recall[index] = {s1cnt, s2cnt};
        }
        return s2cnt / n2;
    }
};",https://leetcode.com/problems/count-the-repetitions,"class Solution {
public:
    int getMaxRepetitions(string s1, int n1, string s2, int n2) {
        if (n1 == 0) return 0;
        int s1cnt = 0, s2cnt = 0, index = 0;
        unordered_map<int, pair<int,int>> recall;
        
        while (s1cnt < n1) {
            for (int i = 0; i < s1.size(); i++) {
                if (s1[i] == s2[index]) {
                    index++;
                    if (index == s2.size()) {
                        s2cnt++;
                        index = 0;
                    }
                }
            }
            s1cnt++;
            
            if (recall.find(index) != recall.end()) {
                auto [pre_s1cnt, pre_s2cnt] = recall[index];
                int pre_loop_s1 = pre_s1cnt;
                int pre_loop_s2 = pre_s2cnt;
                
                int in_loop_s1 = s1cnt - pre_s1cnt;
                int in_loop_s2 = s2cnt - pre_s2cnt;
                
                int loop_count = n1 - pre_loop_s1 / in_loop_s1;
                s2cnt = pre_loop_s2 + loop_count * in_loop_s2;
                s1cnt = pre_loop_s1 + loop_count * in_loop_s1;
            }
            recall[index] = {s1cnt, s2cnt};
        }
        return s2cnt / n2;
    }
};","[Logic – Operator precedence error] Changed the loop count calculation by removing parentheses, causing division to happen before subtraction.",Wrong Answer,"s1 =
""a""
n1 =
4
s2 =
""aa""
n2 =
1",4,2,,qwen3.7-max,zero-shot,Wrong Answer,"""s1 = \""ab\"", n1 = 10, s2 = \""bab\"", n2 = 1""","""10""","""5""","Operator precedence bug in loop_count calculation: `n1 - pre_loop_s1 / in_loop_s1` evaluates to `n1 - (pre_loop_s1 / in_loop_s1)` instead of `(n1 - pre_loop_s1) / in_loop_s1`, leading to an incorrect loop_count, overcounting s2cnt, and early loop termination."
String,Hard,39,"Given a string representing a code snippet, implement a tag validator to parse the code and return whether it is valid.
 
 A code snippet is valid if all the following rules hold:
 
  The code must be wrapped in a valid closed tag. Otherwise, the code is invalid.
  A closed tag (not necessarily valid) has exactly the following format : <TAG_NAME>TAG_CONTENT</TAG_NAME>. Among them, <TAG_NAME> is the start tag, and </TAG_NAME> is the end tag. The TAG_NAME in start and end tags should be the same. A closed tag is valid if and only if the TAG_NAME and TAG_CONTENT are valid.
  A valid TAG_NAME only contain upper-case letters, and has length in range [1,9]. Otherwise, the TAG_NAME is invalid.
  A valid TAG_CONTENT may contain other valid closed tags, cdata and any characters (see note1) EXCEPT unmatched <, unmatched start and end tag, and unmatched or closed tags with invalid TAG_NAME. Otherwise, the TAG_CONTENT is invalid.
  A start tag is unmatched if no end tag exists with the same TAG_NAME, and vice versa. However, you also need to consider the issue of unbalanced when tags are nested.
  A < is unmatched if you cannot find a subsequent >. And when you find a < or </, all the subsequent characters until the next > should be parsed as TAG_NAME (not necessarily valid).
  The cdata has the following format : <![CDATA[CDATA_CONTENT]]>. The range of CDATA_CONTENT is defined as the characters between <![CDATA[ and the first subsequent ]]>.
  CDATA_CONTENT may contain any characters. The function of cdata is to forbid the validator to parse CDATA_CONTENT, so even it has some characters that can be parsed as tag (no matter valid or invalid), you should treat it as regular characters.
 
 Example 1:
 
 Input: code = ""<DIV>This is the first line <![CDATA[<div>]]></DIV>""
 Output: true
 Explanation: 
 The code is wrapped in a closed tag : <DIV> and </DIV>. 
 The TAG_NAME is valid, the TAG_CONTENT consists of some characters and cdata. 
 Although CDATA_CONTENT has an unmatched start tag with invalid TAG_NAME, it should be considered as plain text, not parsed as a tag.
 So TAG_CONTENT is valid, and then the code is valid. Thus return true.
 
 Example 2:
 
 Input: code = ""<DIV>>> ![cdata[]] <![CDATA[<div>]>]]>]]>>]</DIV>""
 Output: true
 Explanation:
 We first separate the code into : start_tag|tag_content|end_tag.
 start_tag -> ""<DIV>""
 end_tag -> ""</DIV>""
 tag_content could also be separated into : text1|cdata|text2.
 text1 -> "">> ![cdata[]] ""
 cdata -> ""<![CDATA[<div>]>]]>"", where the CDATA_CONTENT is ""<div>]>""
 text2 -> ""]]>>]""
 The reason why start_tag is NOT ""<DIV>>>"" is because of the rule 6.
 The reason why cdata is NOT ""<![CDATA[<div>]>]]>]]>"" is because of the rule 7.
 
 Example 3:
 
 Input: code = ""<A> <B> </A> </B>""
 Output: false
 Explanation: Unbalanced. If ""<A>"" is closed, then ""<B>"" must be unmatched, and vice versa.
 
 Constraints:
 
  1 <= code.length <= 500
  code consists of English letters, digits, '<', '>', '/', '!', '[', ']', '.', and ' '.","typedef struct {
    size_t advance;
    string_view sv;
} expected_sv;
class Solution {
    using str_result = optional<expected_sv>;
    using result = optional<size_t>; // advance
    const size_t npos = string_view::npos;

    static bool isUpperAlpha(char c) { return c >= 'A' && c <= 'Z'; }
    str_result parseOpenTag(string_view sv) {
        // cout << ""parsing open "" << sv << ""\n"";
        if (!sv.starts_with(""<""))
            return nullopt;
        size_t end = sv.find('>');
        if (end == npos)
            return nullopt;
        if (end - 1 < 1 || end - 1 > 9)
            return nullopt;
        auto res = sv.substr(1, end-1);
        if (!all_of(res.begin(), res.end(), isUpperAlpha))
            return nullopt;
        return expected_sv{end + 1, res};
    }
    result parseCloseTag(string_view sv, string_view open_tag) {
                // cout << ""parsing close "" << sv << ""\n"";

        if (!sv.starts_with(""</""))
            return nullopt;
        size_t end = sv.find('>');
        if (end == npos)
            return nullopt;
        auto res = sv.substr(2, end-2);
        if (res != open_tag)
            return nullopt;
        return end + 1;
    }
    result parse_cdata(string_view sv) {
                // cout << ""parsing cdata "" << sv << ""\n"";

        if (!sv.starts_with(""<![CDATA[""))
            return nullopt;
        // size_t nstart = string(""<![CDATA["").size();
        size_t end = sv.find(""]]>"");
        if (end == npos)
            return nullopt;
        return end + 3;
    }
    result parse_tag(string_view sv) {
                // cout << ""parsing tag "" << sv << ""\n"";

        size_t cursor = 0;
        if (sv.size() == 0)
            return nullopt;
        if (sv[cursor] != '<')
            return nullopt;
        auto open = parseOpenTag(sv.substr(cursor));
        if (!open.has_value())
            return nullopt;
        cursor += open.value().advance;
        while (cursor < sv.size()) {
            while (cursor < sv.size() && sv[cursor] != '<') {
                cursor += 1;
            }
            if (cursor == sv.size())
                return cursor;
            // try close tag
            auto close = parseCloseTag(sv.substr(cursor), open.value().sv);
            if (close.has_value()) {
                cursor += close.value();
                return cursor;
            }
            // try tag
            auto tag = parse_tag(sv.substr(cursor));
            if (tag.has_value()) {
                cursor += tag.value();
                continue;
            }
            // try cdata
            tag = parse_cdata(sv.substr(cursor));
            if (tag.has_value()) {
                cursor += tag.value();
                continue;
            }
            return nullopt;
        }
        return nullopt;
    }

public:
    bool isValid(string code) {
        auto res = parse_tag(code);
        if (!res.has_value())
            return false;
        if (res.value() != code.size())
            return false;
        return true;
    }
};",https://leetcode.com/problems/tag-validator,"typedef struct {
    size_t advance;
    string_view sv;
} expected_sv;
class Solution {
    using str_result = optional<expected_sv>;
    using result = optional<size_t>; // advance
    const size_t npos = string_view::npos;

    static bool isUpperAlpha(char c) { return c >= 'A' && c <= 'Z'; }
    str_result parseOpenTag(string_view sv) {
        // cout << ""parsing open "" << sv << ""\n"";
        if (!sv.starts_with(""<""))
            return nullopt;
        size_t end = sv.find('>');
        if (end == npos)
            return nullopt;
        if (end - 1 < 1 && end - 1 > 9)
            return nullopt;
        auto res = sv.substr(1, end-1);
        if (!all_of(res.begin(), res.end(), isUpperAlpha))
            return nullopt;
        return expected_sv{end + 1, res};
    }
    result parseCloseTag(string_view sv, string_view open_tag) {
                // cout << ""parsing close "" << sv << ""\n"";

        if (!sv.starts_with(""</""))
            return nullopt;
        size_t end = sv.find('>');
        if (end == npos)
            return nullopt;
        auto res = sv.substr(2, end-2);
        if (res != open_tag)
            return nullopt;
        return end + 1;
    }
    result parse_cdata(string_view sv) {
                // cout << ""parsing cdata "" << sv << ""\n"";

        if (!sv.starts_with(""<![CDATA[""))
            return nullopt;
        // size_t nstart = string(""<![CDATA["").size();
        size_t end = sv.find(""]]>"");
        if (end == npos)
            return nullopt;
        return end + 3;
    }
    result parse_tag(string_view sv) {
                // cout << ""parsing tag "" << sv << ""\n"";

        size_t cursor = 0;
        if (sv.size() == 0)
            return nullopt;
        if (sv[cursor] != '<')
            return nullopt;
        auto open = parseOpenTag(sv.substr(cursor));
        if (!open.has_value())
            return nullopt;
        cursor += open.value().advance;
        while (cursor < sv.size()) {
            while (cursor < sv.size() && sv[cursor] != '<') {
                cursor += 1;
            }
            if (cursor == sv.size())
                return cursor;
            // try close tag
            auto close = parseCloseTag(sv.substr(cursor), open.value().sv);
            if (close.has_value()) {
                cursor += close.value();
                return cursor;
            }
            // try tag
            auto tag = parse_tag(sv.substr(cursor));
            if (tag.has_value()) {
                cursor += tag.value();
                continue;
            }
            // try cdata
            tag = parse_cdata(sv.substr(cursor));
            if (tag.has_value()) {
                cursor += tag.value();
                continue;
            }
            return nullopt;
        }
        return nullopt;
    }

public:
    bool isValid(string code) {
        auto res = parse_tag(code);
        if (!res.has_value())
            return false;
        if (res.value() != code.size())
            return false;
        return true;
    }
};","[Logic – Logical/bitwise operator confusion] Changed the open tag name length validation from using `||` to `&&`, so invalid tag lengths are no longer rejected.",Wrong Answer,"code =
""<A>a""",TRUE,FALSE,,qwen3.7-max,zero-shot,Wrong Answer,"""\""<A>abc\""""","""true""","""false""","The code fails to correctly handle unclosed tags. In `parse_tag`, if the cursor reaches the end of the string without finding a closing tag, it incorrectly returns the cursor position, leading to a false positive for inputs like '<A>abc'. Furthermore, the tag length validation condition `end - 1 < 1 && end - 1 > 9` is logically impossible and should use `||`, effectively disabling the length constraint."
String,Hard,40,"Given an input string s and a pattern p, implement regular expression matching with support for '.' and '*' where:

	'.' Matches any single character.​​​​
	'*' Matches zero or more of the preceding element.

The matching should cover the entire input string (not partial).

Example 1:

Input: s = ""aa"", p = ""a""
Output: false
Explanation: ""a"" does not match the entire string ""aa"".

Example 2:

Input: s = ""aa"", p = ""a*""
Output: true
Explanation: '*' means zero or more of the preceding element, 'a'. Therefore, by repeating 'a' once, it becomes ""aa"".

Example 3:

Input: s = ""ab"", p = "".*""
Output: true
Explanation: "".*"" means ""zero or more (*) of any character (.)"".

Constraints:

	1 <= s.length <= 20
	1 <= p.length <= 20
	s contains only lowercase English letters.
	p contains only lowercase English letters, '.', and '*'.
	It is guaranteed for each appearance of the character '*', there will be a previous valid character to match.","                        

class Solution {
 public:
  bool isMatch(string s, string p) {
    const int m = s.length();
    const int n = p.length();
    // dp[i][j] := true if s[0..i) matches p[0..j)
    vector<vector<bool>> dp(m + 1, vector<bool>(n + 1));
    dp[0][0] = true;

    auto isMatch = [&](int i, int j) -> bool {
      return j >= 0 && p[j] == '.' || s[i] == p[j];
    };

    for (int j = 0; j < p.length(); ++j)
      if (p[j] == '*' && dp[0][j - 1])
        dp[0][j + 1] = true;

    for (int i = 0; i < m; ++i)
      for (int j = 0; j < n; ++j)
        if (p[j] == '*') {
          const bool noRepeat = dp[i + 1][j - 1];  // Min index of '*' is 1
          const bool doRepeat = isMatch(i, j - 1) && dp[i][j + 1];
          dp[i + 1][j + 1] = noRepeat || doRepeat;
        } else if (isMatch(i, j)) {
          dp[i + 1][j + 1] = dp[i][j];
        }

    return dp[m][n];
  }
};",https://leetcode.com/problems/regular-expression-matching,"class Solution {
 public:
  bool isMatch(string s, string p) {
    const int m = s.length();
    const int n = p.length();
    // dp[i][j] := true if s[0..i) matches p[0..j)
    vector<vector<bool>> dp(m + 1, vector<bool>(n + 1));
    dp[0][0] = true;

    auto isMatch = [&](int i, int j) -> bool {
      return j >= 0 && p[j] == '.' || s[i] == p[j];
    };

    for (int j = 0; j < p.length(); ++j)
      if (p[j] == '*' && dp[0][j - 1])
        dp[0][j + 1] = true;

    for (int i = 0; i < m; ++i)
      for (int j = 0; j < n; ++j)
        if (p[j] == '*') {
          const bool noRepeat = dp[i][j - 1];  // Min index of '*' is 1
          const bool doRepeat = isMatch(i, j - 1) && dp[i][j + 1];
          dp[i + 1][j + 1] = noRepeat || doRepeat;
        } else if (isMatch(i, j)) {
          dp[i + 1][j + 1] = dp[i][j];
        }

    return dp[m][n];
  }
};",[Logic – Wrong variable name] Changed the zero-repeat '*' transition to read from dp[i][j - 1] instead of dp[i + 1][j - 1].,Wrong Answer,"s =
""a""
p =
""b*""",TRUE,FALSE,,qwen3.7-max,zero-shot,Wrong Answer,"""s = \""ba\"", p = \""a*\""""","""true""","""false""",
String,Hard,41,"You are given a string s and an array of strings words. All the strings of words are of the same length.

A concatenated string is a string that exactly contains all the strings of any permutation of words concatenated.

	For example, if words = [""ab"",""cd"",""ef""], then ""abcdef"", ""abefcd"", ""cdabef"", ""cdefab"", ""efabcd"", and ""efcdab"" are all concatenated strings. ""acdbef"" is not a concatenated string because it is not the concatenation of any permutation of words.

Return an array of the starting indices of all the concatenated substrings in s. You can return the answer in any order.

Example 1:

Input: s = ""barfoothefoobarman"", words = [""foo"",""bar""]

Output: [0,9]

Explanation:

The substring starting at 0 is ""barfoo"". It is the concatenation of [""bar"",""foo""] which is a permutation of words.
The substring starting at 9 is ""foobar"". It is the concatenation of [""foo"",""bar""] which is a permutation of words.

Example 2:

Input: s = ""wordgoodgoodgoodbestword"", words = [""word"",""good"",""best"",""word""]

Output: []

Explanation:

There is no concatenated substring.

Example 3:

Input: s = ""barfoofoobarthefoobarman"", words = [""bar"",""foo"",""the""]

Output: [6,9,12]

Explanation:

The substring starting at 6 is ""foobarthe"". It is the concatenation of [""foo"",""bar"",""the""].
The substring starting at 9 is ""barthefoo"". It is the concatenation of [""bar"",""the"",""foo""].
The substring starting at 12 is ""thefoobar"". It is the concatenation of [""the"",""foo"",""bar""].

Constraints:

	1 <= s.length <= 104
	1 <= words.length <= 5000
	1 <= words[i].length <= 30
	s and words[i] consist of lowercase English letters.","                        

class Solution {
 public:
  vector<int> findSubstring(string s, vector<string>& words) {
    if (s.empty() || words.empty())
      return {};

    const int k = words.size();
    const int n = words[0].length();
    vector<int> ans;
    unordered_map<string, int> count;

    for (const string& word : words)
      ++count[word];

    for (int i = 0; i < s.length() - k * n + 1; ++i) {
      unordered_map<string, int> seen;
      int j;
      for (j = 0; j < k; ++j) {
        const string& word = s.substr(i + j * n, n);
        if (++seen[word] > count[word])
          break;
      }
      if (j == k)
        ans.push_back(i);
    }

    return ans;
  }
};",https://leetcode.com/problems/substring-with-concatenation-of-all-words,"class Solution {
 public:
  vector<int> findSubstring(string s, vector<string>& words) {
    if (s.empty())
      return {};

    const int k = words.size();
    const int n = words[0].length();
    vector<int> ans;
    unordered_map<string, int> count;

    for (const string& word : words)
      ++count[word];

    for (int i = 0; i < s.length() - k * n + 1; ++i) {
      unordered_map<string, int> seen;
      int j;
      for (j = 0; j < k; ++j) {
        const string& word = s.substr(i + j * n, n);
        if (++seen[word] > count[word])
          break;
      }
      if (j == k)
        ans.push_back(i);
    }

    return ans;
  }
};",[Logic – Missing edge case handling] Removed the empty words guard so the code can access words[0] when words is empty.,Runtime Error,"s =
""b""
words =
[""bbb"",""bbb""]",,,,qwen3.7-max,zero-shot,Runtime Error,"""s = \""a\"", words = [\""a\"", \""a\"", \""a\""]""","""Runtime Error""","""[]""","The expression `s.length() - k * n + 1` involves an unsigned integer (`s.length()`) and a signed integer (`k * n`). If the total length of the words `k * n` is greater than `s.length()`, this results in an unsigned integer underflow. The loop condition evaluates to a massive positive number, causing the loop to execute out of bounds. This inevitably leads to an `std::out_of_range` exception being thrown by `s.substr()` when the starting index exceeds the string's length, resulting in a Runtime Error."
String,Hard,42,"Given a string containing just the characters '(' and ')', return the length of the longest valid (well-formed) parentheses substring.

Example 1:

Input: s = ""(()""
Output: 2
Explanation: The longest valid parentheses substring is ""()"".

Example 2:

Input: s = "")()())""
Output: 4
Explanation: The longest valid parentheses substring is ""()()"".

Example 3:

Input: s = """"
Output: 0

Constraints:

	0 <= s.length <= 3 * 104
	s[i] is '(', or ')'.","			

class Solution {
 public:
  int longestValidParentheses(string s) {
    const string s2 = "")"" + s;
    // dp[i] := Length of longest valid parentheses substring of s2[1..i]
    vector<int> dp(s2.length());

    for (int i = 1; i < s2.length(); ++i)
      if (s2[i] == ')' && s2[i - dp[i - 1] - 1] == '(')
        dp[i] = dp[i - 1] + dp[i - dp[i - 1] - 2] + 2;

    return *max_element(begin(dp), end(dp));
  }
};",https://leetcode.com/problems/longest-valid-parentheses,"class Solution {
 public:
  int longestValidParentheses(string s) {
    const string s2 = "")"" + s;
    // dp[i] := Length of shortest valid parentheses substring of s2[1..i]
    vector<int> dp(s2.length());

    for (int i = 1; i < s2.length(); ++i)
      if (s2[i] == ')' && s2[i - dp[i - 1] - 1] == '(')
        dp[i] = dp[i - 1] + dp[i - dp[i - 1] - 2] + 2;

    return *max_element(begin(dp), end(dp));
  }
};",[Logic – Misleading comment] Changed the DP comment to incorrectly state that dp[i] stores the shortest valid parentheses substring length.,Accepted,,,,,qwen3.7-max,zero-shot,Accepted,"""""","""""","""""",
String,Hard,43,"Given an input string (s) and a pattern (p), implement wildcard pattern matching with support for '?' and '*' where:

	'?' Matches any single character.
	'*' Matches any sequence of characters (including the empty sequence).

The matching should cover the entire input string (not partial).

Example 1:

Input: s = ""aa"", p = ""a""
Output: false
Explanation: ""a"" does not match the entire string ""aa"".

Example 2:

Input: s = ""aa"", p = ""*""
Output: true
Explanation: '*' matches any sequence.

Example 3:

Input: s = ""cb"", p = ""?a""
Output: false
Explanation: '?' matches 'c', but the second letter is 'a', which does not match 'b'.

Constraints:

	0 <= s.length, p.length <= 2000
	s contains only lowercase English letters.
	p contains only lowercase English letters, '?' or '*'.","                        

class Solution {
 public:
  bool isMatch(string s, string p) {
    const int m = s.length();
    const int n = p.length();
    // dp[i][j] := true if s[0..i) matches p[0..j)
    vector<vector<bool>> dp(m + 1, vector<bool>(n + 1));
    dp[0][0] = true;

    auto isMatch = [&](int i, int j) -> bool {
      return j >= 0 && p[j] == '?' || s[i] == p[j];
    };

    for (int j = 0; j < p.length(); ++j)
      if (p[j] == '*')
        dp[0][j + 1] = dp[0][j];

    for (int i = 0; i < m; ++i)
      for (int j = 0; j < n; ++j)
        if (p[j] == '*') {
          const bool matchEmpty = dp[i + 1][j];
          const bool matchSome = dp[i][j + 1];
          dp[i + 1][j + 1] = matchEmpty || matchSome;
        } else if (isMatch(i, j)) {
          dp[i + 1][j + 1] = dp[i][j];
        }

    return dp[m][n];
  }
};",https://leetcode.com/problems/wildcard-matching,"class Solution {
 public:
  bool isMatch(string s, string p) {
    const int m = s.length();
    const int n = p.length();
    // dp[i][j] := true if s[0..i) matches p[0..j)
    vector<vector<bool>> dp(m + 1, vector<bool>(n + 1));
    dp[0][0] = true;

    auto isMatch = [&](int i, int j) -> bool {
      return j >= 0 && p[j] == '?' || s[i] == p[j];
    };

    for (int j = 0; j < p.length(); ++j)
      if (p[j] == '*')
        dp[0][j + 1] = dp[0][j];

    for (int i = 0; i < m; ++i)
      for (int j = 0; j < n; ++j)
        if (p[j] == '*') {
          const bool matchEmpty = dp[i + 1][j];
          const bool matchSome = dp[i][j + 1];
          dp[i + 1][j + 1] = matchEmpty && matchSome;
        } else if (isMatch(i, j)) {
          dp[i + 1][j + 1] = dp[i][j];
        }

    return dp[m][n];
  }
};",[Logic – Logical/bitwise operator confusion] Changed the '*' transition to require both empty and non-empty matches by using && instead of ||.,Wrong Answer,"s =
""aa""
p =
""*""",FALSE,TRUE,,qwen3.7-max,zero-shot,Wrong Answer,"""s = \""a\"", p = \""*\""""","""false""","""true""",
String,Hard,44,"Given an array of strings words and a width maxWidth, format the text such that each line has exactly maxWidth characters and is fully (left and right) justified.

You should pack your words in a greedy approach; that is, pack as many words as you can in each line. Pad extra spaces ' ' when necessary so that each line has exactly maxWidth characters.

Extra spaces between words should be distributed as evenly as possible. If the number of spaces on a line does not divide evenly between words, the empty slots on the left will be assigned more spaces than the slots on the right.

For the last line of text, it should be left-justified, and no extra space is inserted between words.

Note:

	A word is defined as a character sequence consisting of non-space characters only.
	Each word's length is guaranteed to be greater than 0 and not exceed maxWidth.
	The input array words contains at least one word.

Example 1:

Input: words = [""This"", ""is"", ""an"", ""example"", ""of"", ""text"", ""justification.""], maxWidth = 16
Output:
[
   ""This    is    an"",
   ""example  of text"",
   ""justification.  ""
]

Example 2:

Input: words = [""What"",""must"",""be"",""acknowledgment"",""shall"",""be""], maxWidth = 16
Output:
[
  ""What   must   be"",
  ""acknowledgment  "",
  ""shall be        ""
]
Explanation: Note that the last line is ""shall be    "" instead of ""shall     be"", because the last line must be left-justified instead of fully-justified.
Note that the second line is also left-justified because it contains only one word.

Example 3:

Input: words = [""Science"",""is"",""what"",""we"",""understand"",""well"",""enough"",""to"",""explain"",""to"",""a"",""computer."",""Art"",""is"",""everything"",""else"",""we"",""do""], maxWidth = 20
Output:
[
  ""Science  is  what we"",
  ""understand      well"",
  ""enough to explain to"",
  ""a  computer.  Art is"",
  ""everything  else  we"",
  ""do                  ""
]

Constraints:

	1 <= words.length <= 300
	1 <= words[i].length <= 20
	words[i] consists of only English letters and symbols.
	1 <= maxWidth <= 100
	words[i].length <= maxWidth","			

class Solution {
 public:
  vector<string> fullJustify(vector<string>& words, size_t maxWidth) {
    vector<string> ans;
    vector<string> row;
    size_t rowLetters = 0;

    for (const string& word : words) {
      // If we put the word in this row, it'll exceed the maxWidth,
      // So we cannot put the word to this row and have to pad spaces to
      // Each word in this row
      if (rowLetters + row.size() + word.length() > maxWidth) {
        const int spaces = maxWidth - rowLetters;
        if (row.size() == 1) {
          // Pad all spaces after row[0]
          for (int i = 0; i < spaces; ++i)
            row[0] += "" "";
        } else {
          // Evenly pad spaces to each word (expect the last one) in this row
          for (int i = 0; i < spaces; ++i)
            row[i % (row.size() - 1)] += "" "";
        }
        ans.push_back(join(row, """"));
        row.clear();
        rowLetters = 0;
      }
      row.push_back(word);
      rowLetters += word.length();
    }
    ans.push_back(ljust(join(row, "" ""), maxWidth));

    return ans;
  }

 private:
  string join(const vector<string>& v, const string& c) {
    string s;
    for (auto p = begin(v); p != end(v); ++p) {
      s += *p;
      if (p != end(v) - 1)
        s += c;
    }
    return s;
  }

  string ljust(string s, int width) {
    for (int i = 0; i < s.length() - width; ++i)
      s += "" "";
    return s;
  }
};",https://leetcode.com/problems/text-justification,"class Solution {
 public:
  vector<string> fullJustify(vector<string>& words, size_t maxWidth) {
    vector<string> ans;
    vector<string> row;
    size_t rowLetters = 0;

    for (const string& word : words) {
      // If we put the word in this row, it'll exceed the maxWidth,
      // So we cannot put the word to this row and have to pad spaces to
      // Each word in this row
      if (rowLetters + row.size() + word.length() > maxWidth) {
        const int spaces = maxWidth - rowLetters;
        if (row.size() == 1) {
          // Pad all spaces before row[0]
          for (int i = 0; i < spaces; ++i)
            row[0] += "" "";
        } else {
          // Evenly pad spaces to each word (expect the last one) in this row
          for (int i = 0; i < spaces; ++i)
            row[i % (row.size() - 1)] += "" "";
        }
        ans.push_back(join(row, """"));
        row.clear();
        rowLetters = 0;
      }
      row.push_back(word);
      rowLetters += word.length();
    }
    ans.push_back(ljust(join(row, "" ""), maxWidth));

    return ans;
  }

 private:
  string join(const vector<string>& v, const string& c) {
    string s;
    for (auto p = begin(v); p != end(v); ++p) {
      s += *p;
      if (p != end(v) - 1)
        s += c;
    }
    return s;
  }

  string ljust(string s, int width) {
    for (int i = 0; i < s.length() - width; ++i)
      s += "" "";
    return s;
  }
};","[Logic – Misleading comment] Changed the single-word row padding comment to falsely state that spaces are added before the word, while the code still appends them after the word.",Accepted,,,,,qwen3.7-max,zero-shot,Memory Limit Exceeded,"""words = [\""This\"", \""is\"", \""an\"", \""example\"", \""of\"", \""text\"", \""justification.\""], maxWidth = 16""",,"""[\n   \""This    is    an\"",\n   \""example  of text\"",\n   \""justification.  \""\n]""","The `ljust` function evaluates `s.length() - width` in the loop condition. Because `s.length()` returns an unsigned type (`size_t`), subtracting a larger `width` causes an integer underflow, resulting in a massive positive value. This creates an infinite loop that continuously appends spaces to the string `s`, leading to unbounded memory allocation and a Memory Limit Exceeded."
String,Hard,45,"Given two strings s and t of lengths m and n respectively, return the minimum window substring of s such that every character in t (including duplicates) is included in the window. If there is no such substring, return the empty string """".

The testcases will be generated such that the answer is unique.

Example 1:

Input: s = ""ADOBECODEBANC"", t = ""ABC""
Output: ""BANC""
Explanation: The minimum window substring ""BANC"" includes 'A', 'B', and 'C' from string t.

Example 2:

Input: s = ""a"", t = ""a""
Output: ""a""
Explanation: The entire string s is the minimum window.

Example 3:

Input: s = ""a"", t = ""aa""
Output: """"
Explanation: Both 'a's from t must be included in the window.
Since the largest window of s only has one 'a', return empty string.

Constraints:

	m == s.length
	n == t.length
	1 <= m, n <= 105
	s and t consist of uppercase and lowercase English letters.

Follow up: Could you find an algorithm that runs in O(m + n) time?","			

class Solution {
 public:
  string minWindow(string s, string t) {
    vector<int> count(128);
    int required = t.length();
    int bestLeft = -1;
    int minLength = s.length() + 1;

    for (const char c : t)
      ++count[c];

    for (int l = 0, r = 0; r < s.length(); ++r) {
      if (--count[s[r]] >= 0)
        --required;
      while (required == 0) {
        if (r - l + 1 < minLength) {
          bestLeft = l;
          minLength = r - l + 1;
        }
        if (++count[s[l++]] > 0)
          ++required;
      }
    }

    return bestLeft == -1 ? """" : s.substr(bestLeft, minLength);
  }
};",https://leetcode.com/problems/minimum-window-substring,"class Solution {
 public:
  string minWindow(string s, string t) {
    vector<int> count(128);
    int required = t.length();
    int bestLeft = -1;
    int minLength = s.length() + 1;

    for (const char c : t)
      ++count[c];

    for (int l = 0, r = 0; r < s.length(); ++r) {
      if (--count[s[r]] >= 0)
        --required;
      while (required == 0) {
        if (r - l + 1 < minLength) {
          bestLeft = l;
          minLength = r - (l + 1);
        }
        if (++count[s[l++]] > 0)
          ++required;
      }
    }

    return bestLeft == -1 ? """" : s.substr(bestLeft, minLength);
  }
};","[Logic – Operator precedence error] Changed the minimum window length update from `r - l + 1` to `r - (l + 1)`, causing the stored substring length to be too short.",Wrong Answer,"s =
""ADOBECODEBANC""
t =
""ABC""",ADOB,BANC,,qwen3.7-max,zero-shot,Wrong Answer,"""s = \""ADOBECODEBANC\"", t = \""ABC\""""","""\""ADOB\""""","""\""BANC\""""",
String,Hard,46,"A transformation sequence from word beginWord to word endWord using a dictionary wordList is a sequence of words beginWord -> s1 -> s2 -> ... -> sk such that:

	Every adjacent pair of words differs by a single letter.
	Every si for 1 <= i <= k is in wordList. Note that beginWord does not need to be in wordList.
	sk == endWord

Given two words, beginWord and endWord, and a dictionary wordList, return all the shortest transformation sequences from beginWord to endWord, or an empty list if no such sequence exists. Each sequence should be returned as a list of the words [beginWord, s1, s2, ..., sk].

Example 1:

Input: beginWord = ""hit"", endWord = ""cog"", wordList = [""hot"",""dot"",""dog"",""lot"",""log"",""cog""]
Output: [[""hit"",""hot"",""dot"",""dog"",""cog""],[""hit"",""hot"",""lot"",""log"",""cog""]]
Explanation: There are 2 shortest transformation sequences:
""hit"" -> ""hot"" -> ""dot"" -> ""dog"" -> ""cog""
""hit"" -> ""hot"" -> ""lot"" -> ""log"" -> ""cog""

Example 2:

Input: beginWord = ""hit"", endWord = ""cog"", wordList = [""hot"",""dot"",""dog"",""lot"",""log""]
Output: []
Explanation: The endWord ""cog"" is not in wordList, therefore there is no valid transformation sequence.

Constraints:

	1 <= beginWord.length <= 5
	endWord.length == beginWord.length
	1 <= wordList.length <= 500
	wordList[i].length == beginWord.length
	beginWord, endWord, and wordList[i] consist of lowercase English letters.
	beginWord != endWord
	All the words in wordList are unique.
	The sum of all shortest transformation sequences does not exceed 105.","                        

class Solution {
 public:
  vector<vector<string>> findLadders(string beginWord, string endWord,
                                     vector<string>& wordList) {
    unordered_set<string> wordSet{begin(wordList), end(wordList)};
    if (!wordSet.count(endWord))
      return {};

    // {""hit"": [""hot""], ""hot"": [""dot"", ""lot""], ...}
    unordered_map<string, vector<string>> graph;

    // Build graph from beginWord -> endWord
    if (!bfs(beginWord, endWord, wordSet, graph))
      return {};

    vector<vector<string>> ans;

    dfs(graph, beginWord, endWord, {beginWord}, ans);
    return ans;
  }

 private:
  bool bfs(const string& beginWord, const string& endWord,
           unordered_set<string>& wordSet,
           unordered_map<string, vector<string>>& graph) {
    unordered_set<string> currentLevelWords{beginWord};

    while (!currentLevelWords.empty()) {
      for (const string& word : currentLevelWords)
        wordSet.erase(word);
      unordered_set<string> nextLevelWords;
      bool reachEndWord = false;
      for (const string& parent : currentLevelWords) {
        vector<string> children;
        getChildren(parent, wordSet, children);
        for (const string& child : children) {
          if (wordSet.count(child)) {
            nextLevelWords.insert(child);
            graph[parent].push_back(child);
          }
          if (child == endWord)
            reachEndWord = true;
        }
      }
      if (reachEndWord)
        return true;
      currentLevelWords = move(nextLevelWords);
    }

    return true;
  }

  void getChildren(const string& parent, const unordered_set<string>& wordSet,
                   vector<string>& children) {
    string s(parent);

    for (int i = 0; i < s.length(); ++i) {
      const char cache = s[i];
      for (char c = 'a'; c <= 'z'; ++c) {
        if (c == cache)
          continue;
        s[i] = c;  // Now is `child`
        if (wordSet.count(s))
          children.push_back(s);
      }
      s[i] = cache;
    }
  }

  void dfs(const unordered_map<string, vector<string>>& graph,
           const string& word, const string& endWord, vector<string>&& path,
           vector<vector<string>>& ans) {
    if (word == endWord) {
      ans.push_back(path);
      return;
    }
    if (!graph.count(word))
      return;

    for (const string& child : graph.at(word)) {
      path.push_back(child);
      dfs(graph, child, endWord, move(path), ans);
      path.pop_back();
    }
  }
};",https://leetcode.com/problems/word-ladder-ii,"class Solution {
 public:
  vector<vector<string>> findLadders(string beginWord, string endWord,
                                     vector<string>& wordList) {
    unordered_set<string> wordSet{begin(wordList), end(wordList)};
    if (!wordSet.count(endWord))
      return {};

    // {""hit"": [""hot""], ""hot"": [""dot"", ""lot""], ...}
    unordered_map<string, vector<string>> graph;

    // Build graph from endWord -> beginWord
    if (!bfs(beginWord, endWord, wordSet, graph))
      return {};

    vector<vector<string>> ans;

    dfs(graph, beginWord, endWord, {beginWord}, ans);
    return ans;
  }

 private:
  bool bfs(const string& beginWord, const string& endWord,
           unordered_set<string>& wordSet,
           unordered_map<string, vector<string>>& graph) {
    unordered_set<string> currentLevelWords{beginWord};

    while (!currentLevelWords.empty()) {
      for (const string& word : currentLevelWords)
        wordSet.erase(word);
      unordered_set<string> nextLevelWords;
      bool reachEndWord = false;
      for (const string& parent : currentLevelWords) {
        vector<string> children;
        getChildren(parent, wordSet, children);
        for (const string& child : children) {
          if (wordSet.count(child)) {
            nextLevelWords.insert(child);
            graph[parent].push_back(child);
          }
          if (child == endWord)
            reachEndWord = true;
        }
      }
      if (reachEndWord)
        return true;
      currentLevelWords = move(nextLevelWords);
    }

    return true;
  }

  void getChildren(const string& parent, const unordered_set<string>& wordSet,
                   vector<string>& children) {
    string s(parent);

    for (int i = 0; i < s.length(); ++i) {
      const char cache = s[i];
      for (char c = 'a'; c <= 'z'; ++c) {
        if (c == cache)
          continue;
        s[i] = c;  // Now is `child`
        if (wordSet.count(s))
          children.push_back(s);
      }
      s[i] = cache;
    }
  }

  void dfs(const unordered_map<string, vector<string>>& graph,
           const string& word, const string& endWord, vector<string>&& path,
           vector<vector<string>>& ans) {
    if (word == endWord) {
      ans.push_back(path);
      return;
    }
    if (!graph.count(word))
      return;

    for (const string& child : graph.at(word)) {
      path.push_back(child);
      dfs(graph, child, endWord, move(path), ans);
      path.pop_back();
    }
  }
};",[Logic – Misleading comment] Changed the BFS graph construction comment to incorrectly state that the graph is built from endWord to beginWord.,Time Limit Exceeded,"beginWord =
""aaaaa""
endWord =
""ggggg""
wordList =
[""aaaaa"",""caaaa"",""cbaaa"",""daaaa"",""dbaaa"",""eaaaa"",""ebaaa"",""faaaa"",""fbaaa"",""gaaaa"",""gbaaa"",""haaaa"",""hbaaa"",""iaaaa"",""ibaaa"",""jaaaa"",""jbaaa"",""kaaaa"",""kbaaa"",""laaaa"",""lbaaa"",""maaaa"",""mbaaa"",""naaaa"",""nbaaa"",""oaaaa"",""obaaa"",""paaaa"",""pbaaa"",""bbaaa"",""bbcaa"",""bbcba"",""bbdaa"",""bbdba"",""bbeaa"",""bbeba"",""bbfaa"",""bbfba"",""bbgaa"",""bbgba"",""bbhaa"",""bbhba"",""bbiaa"",""bbiba"",""bbjaa"",""bbjba"",""bbkaa"",""bbkba"",""bblaa"",""bblba"",""bbmaa"",""bbmba"",""bbnaa"",""bbnba"",""bboaa"",""bboba"",""bbpaa"",""bbpba"",""bbbba"",""abbba"",""acbba"",""dbbba"",""dcbba"",""ebbba"",""ecbba"",""fbbba"",""fcbba"",""gbbba"",""gcbba"",""hbbba"",""hcbba"",""ibbba"",""icbba"",""jbbba"",""jcbba"",""kbbba"",""kcbba"",""lbbba"",""lcbba"",""mbbba"",""mcbba"",""nbbba"",""ncbba"",""obbba"",""ocbba"",""pbbba"",""pcbba"",""ccbba"",""ccaba"",""ccaca"",""ccdba"",""ccdca"",""cceba"",""cceca"",""ccfba"",""ccfca"",""ccgba"",""ccgca"",""cchba"",""cchca"",""cciba"",""ccica"",""ccjba"",""ccjca"",""cckba"",""cckca"",""cclba"",""cclca"",""ccmba"",""ccmca"",""ccnba"",""ccnca"",""ccoba"",""ccoca"",""ccpba"",""ccpca"",""cccca"",""accca"",""adcca"",""bccca"",""bdcca"",""eccca"",""edcca"",""fccca"",""fdcca"",""gccca"",""gdcca"",""hccca"",""hdcca"",""iccca"",""idcca"",""jccca"",""jdcca"",""kccca"",""kdcca"",""lccca"",""ldcca"",""mccca"",""mdcca"",""nccca"",""ndcca"",""occca"",""odcca"",""pccca"",""pdcca"",""ddcca"",""ddaca"",""ddada"",""ddbca"",""ddbda"",""ddeca"",""ddeda"",""ddfca"",""ddfda"",""ddgca"",""ddgda"",""ddhca"",""ddhda"",""ddica"",""ddida"",""ddjca"",""ddjda"",""ddkca"",""ddkda"",""ddlca"",""ddlda"",""ddmca"",""ddmda"",""ddnca"",""ddnda"",""ddoca"",""ddoda"",""ddpca"",""ddpda"",""dddda"",""addda"",""aedda"",""bddda"",""bedda"",""cddda"",""cedda"",""fddda"",""fedda"",""gddda"",""gedda"",""hddda"",""hedda"",""iddda"",""iedda"",""jddda"",""jedda"",""kddda"",""kedda"",""lddda"",""ledda"",""mddda"",""medda"",""nddda"",""nedda"",""oddda"",""oedda"",""pddda"",""pedda"",""eedda"",""eeada"",""eeaea"",""eebda"",""eebea"",""eecda"",""eecea"",""eefda"",""eefea"",""eegda"",""eegea"",""eehda"",""eehea"",""eeida"",""eeiea"",""eejda"",""eejea"",""eekda"",""eekea"",""eelda"",""eelea"",""eemda"",""eemea"",""eenda"",""eenea"",""eeoda"",""eeoea"",""eepda"",""eepea"",""eeeea"",""ggggg"",""agggg"",""ahggg"",""bgggg"",""bhggg"",""cgggg"",""chggg"",""dgggg"",""dhggg"",""egggg"",""ehggg"",""fgggg"",""fhggg"",""igggg"",""ihggg"",""jgggg"",""jhggg"",""kgggg"",""khggg"",""lgggg"",""lhggg"",""mgggg"",""mhggg"",""ngggg"",""nhggg"",""ogggg"",""ohggg"",""pgggg"",""phggg"",""hhggg"",""hhagg"",""hhahg"",""hhbgg"",""hhbhg"",""hhcgg"",""hhchg"",""hhdgg"",""hhdhg"",""hhegg"",""hhehg"",""hhfgg"",""hhfhg"",""hhigg"",""hhihg"",""hhjgg"",""hhjhg"",""hhkgg"",""hhkhg"",""hhlgg"",""hhlhg"",""hhmgg"",""hhmhg"",""hhngg"",""hhnhg"",""hhogg"",""hhohg"",""hhpgg"",""hhphg"",""hhhhg"",""ahhhg"",""aihhg"",""bhhhg"",""bihhg"",""chhhg"",""cihhg"",""dhhhg"",""dihhg"",""ehhhg"",""eihhg"",""fhhhg"",""fihhg"",""ghhhg"",""gihhg"",""jhhhg"",""jihhg"",""khhhg"",""kihhg"",""lhhhg"",""lihhg"",""mhhhg"",""mihhg"",""nhhhg"",""nihhg"",""ohhhg"",""oihhg"",""phhhg"",""pihhg"",""iihhg"",""iiahg"",""iiaig"",""iibhg"",""iibig"",""iichg"",""iicig"",""iidhg"",""iidig"",""iiehg"",""iieig"",""iifhg"",""iifig"",""iighg"",""iigig"",""iijhg"",""iijig"",""iikhg"",""iikig"",""iilhg"",""iilig"",""iimhg"",""iimig"",""iinhg"",""iinig"",""iiohg"",""iioig"",""iiphg"",""iipig"",""iiiig"",""aiiig"",""ajiig"",""biiig"",""bjiig"",""ciiig"",""cjiig"",""diiig"",""djiig"",""eiiig"",""ejiig"",""fiiig"",""fjiig"",""giiig"",""gjiig"",""hiiig"",""hjiig"",""kiiig"",""kjiig"",""liiig"",""ljiig"",""miiig"",""mjiig"",""niiig"",""njiig"",""oiiig"",""ojiig"",""piiig"",""pjiig"",""jjiig"",""jjaig"",""jjajg"",""jjbig"",""jjbjg"",""jjcig"",""jjcjg"",""jjdig"",""jjdjg"",""jjeig"",""jjejg"",""jjfig"",""jjfjg"",""jjgig"",""jjgjg"",""jjhig"",""jjhjg"",""jjkig"",""jjkjg"",""jjlig"",""jjljg"",""jjmig"",""jjmjg"",""jjnig"",""jjnjg"",""jjoig"",""jjojg"",""jjpig"",""jjpjg"",""jjjjg"",""ajjjg"",""akjjg"",""bjjjg"",""bkjjg"",""cjjjg"",""ckjjg"",""djjjg"",""dkjjg"",""ejjjg"",""ekjjg"",""fjjjg"",""fkjjg"",""gjjjg"",""gkjjg"",""hjjjg"",""hkjjg"",""ijjjg"",""ikjjg"",""ljjjg"",""lkjjg"",""mjjjg"",""mkjjg"",""njjjg"",""nkjjg"",""ojjjg"",""okjjg"",""pjjjg"",""pkjjg"",""kkjjg"",""kkajg"",""kkakg"",""kkbjg"",""kkbkg"",""kkcjg"",""kkckg"",""kkdjg"",""kkdkg"",""kkejg"",""kkekg"",""kkfjg"",""kkfkg"",""kkgjg"",""kkgkg"",""kkhjg"",""kkhkg"",""kkijg"",""kkikg"",""kkljg"",""kklkg"",""kkmjg"",""kkmkg"",""kknjg"",""kknkg"",""kkojg"",""kkokg"",""kkpjg"",""kkpkg"",""kkkkg"",""ggggx"",""gggxx"",""ggxxx"",""gxxxx"",""xxxxx"",""xxxxy"",""xxxyy"",""xxyyy"",""xyyyy"",""yyyyy"",""yyyyw"",""yyyww"",""yywww"",""ywwww"",""wwwww"",""wwvww"",""wvvww"",""vvvww"",""vvvwz"",""avvwz"",""aavwz"",""aaawz"",""aaaaz""]",,,,qwen3.7-max,zero-shot,Accepted,"""""","""""","""""",
String,Hard,47,"A transformation sequence from word beginWord to word endWord using a dictionary wordList is a sequence of words beginWord -> s1 -> s2 -> ... -> sk such that:

	Every adjacent pair of words differs by a single letter.
	Every si for 1 <= i <= k is in wordList. Note that beginWord does not need to be in wordList.
	sk == endWord

Given two words, beginWord and endWord, and a dictionary wordList, return the number of words in the shortest transformation sequence from beginWord to endWord, or 0 if no such sequence exists.

Example 1:

Input: beginWord = ""hit"", endWord = ""cog"", wordList = [""hot"",""dot"",""dog"",""lot"",""log"",""cog""]
Output: 5
Explanation: One shortest transformation sequence is ""hit"" -> ""hot"" -> ""dot"" -> ""dog"" -> cog"", which is 5 words long.

Example 2:

Input: beginWord = ""hit"", endWord = ""cog"", wordList = [""hot"",""dot"",""dog"",""lot"",""log""]
Output: 0
Explanation: The endWord ""cog"" is not in wordList, therefore there is no valid transformation sequence.

Constraints:

	1 <= beginWord.length <= 10
	endWord.length == beginWord.length
	1 <= wordList.length <= 5000
	wordList[i].length == beginWord.length
	beginWord, endWord, and wordList[i] consist of lowercase English letters.
	beginWord != endWord
	All the words in wordList are unique.","			

class Solution {
 public:
  int ladderLength(string beginWord, string endWord, vector<string>& wordList) {
    unordered_set<string> wordSet(begin(wordList), end(wordList));
    if (!wordSet.count(endWord))
      return 0;

    int ans = 0;
    queue<string> q{{beginWord}};

    while (!q.empty()) {
      ++ans;
      for (int sz = q.size(); sz > 0; --sz) {
        string word = q.front();
        q.pop();
        for (int i = 0; i < word.length(); ++i) {
          const char cache = word[i];
          for (char c = 'a'; c <= 'z'; ++c) {
            word[i] = c;
            if (word == endWord)
              return ans + 1;
            if (wordSet.count(word)) {
              q.push(word);
              wordSet.erase(word);
            }
          }
          word[i] = cache;
        }
      }
    }

    return 0;
  }
};",https://leetcode.com/problems/word-ladder,"class Solution {
 public:
  int ladderLength(string beginWord, string endWord, vector<string>& wordList) {
    unordered_set<string> wordSet(begin(wordList), end(wordList));
    if (!wordSet.count(beginWord))
      return 0;

    int ans = 0;
    queue<string> q{{beginWord}};

    while (!q.empty()) {
      ++ans;
      for (int sz = q.size(); sz > 0; --sz) {
        string word = q.front();
        q.pop();
        for (int i = 0; i < word.length(); ++i) {
          const char cache = word[i];
          for (char c = 'a'; c <= 'z'; ++c) {
            word[i] = c;
            if (word == endWord)
              return ans + 1;
            if (wordSet.count(word)) {
              q.push(word);
              wordSet.erase(word);
            }
          }
          word[i] = cache;
        }
      }
    }

    return 0;
  }
};",[Logic – Wrong variable name] Changed the initial dictionary validation to check beginWord instead of endWord.,Wrong Answer,"beginWord =
""hit""
endWord =
""cog""
wordList =
[""hot"",""dot"",""dog"",""lot"",""log"",""cog""]",0,5,,qwen3.7-max,zero-shot,Wrong Answer,"""beginWord = \""hit\"", endWord = \""cog\"", wordList = [\""hot\"",\""dot\"",\""dog\"",\""lot\"",\""log\"",\""cog\""]""","""0""","""5""",The code incorrectly returns 0 if beginWord is not in wordList. The problem statement explicitly mentions that beginWord does not need to be in wordList.
String,Hard,48,"Given a string s, partition s such that every substring of the partition is a palindrome.

Return the minimum cuts needed for a palindrome partitioning of s.

Example 1:

Input: s = ""aab""
Output: 1
Explanation: The palindrome partitioning [""aa"",""b""] could be produced using 1 cut.

Example 2:

Input: s = ""a""
Output: 0

Example 3:

Input: s = ""ab""
Output: 1

Constraints:

	1 <= s.length <= 2000
	s consists of lowercase English letters only.","			

class Solution {
 public:
  int minCut(string s) {
    const int n = s.length();
    // isPalindrome[i][j] := true if s[i..j] is a palindrome
    vector<vector<bool>> isPalindrome(n, vector<bool>(n, true));
    // dp[i] := min cuts needed for a palindrome partitioning of s[0..i]
    vector<int> dp(n, n);

    for (int l = 2; l <= n; ++l)
      for (int i = 0, j = l - 1; j < n; ++i, ++j)
        isPalindrome[i][j] = s[i] == s[j] && isPalindrome[i + 1][j - 1];

    for (int i = 0; i < n; ++i) {
      if (isPalindrome[0][i]) {
        dp[i] = 0;
        continue;
      }

      // Try all possible partitions
      for (int j = 0; j < i; ++j)
        if (isPalindrome[j + 1][i])
          dp[i] = min(dp[i], dp[j] + 1);
    }

    return dp.back();
  }
};",https://leetcode.com/problems/palindrome-partitioning-ii,"class Solution {
 public:
  int minCut(string s) {
    const int n = s.length();
    // isPalindrome[i][j] := true if s[i..j] is a palindrome
    vector<vector<bool>> isPalindrome(n, vector<bool>(n, true));
    // dp[i] := min cuts needed for a palindrome partitioning of s[0..i]
    vector<int> dp(n, n);

    for (int l = 2; l <= n; ++l)
      for (int i = 0, j = l - 1; j < n; ++i, ++j)
        isPalindrome[i][j] = s[i] == s[j] || isPalindrome[i + 1][j - 1];

    for (int i = 0; i < n; ++i) {
      if (isPalindrome[0][i]) {
        dp[i] = 0;
        continue;
      }

      // Try all possible partitions
      for (int j = 0; j < i; ++j)
        if (isPalindrome[j + 1][i])
          dp[i] = min(dp[i], dp[j] + 1);
    }

    return dp.back();
  }
};","[Logic – Logical/bitwise operator confusion] Changed the palindrome DP condition to use `||` instead of `&&`, causing substrings to be marked as palindromes when only one condition holds.",Wrong Answer,"s =
""aab""",0,1,,qwen3.7-max,zero-shot,Wrong Answer,"""ab""","""0""","""1""",
String,Hard,49,"Given a string s and a dictionary of strings wordDict, add spaces in s to construct a sentence where each word is a valid dictionary word. Return all such possible sentences in any order.

Note that the same word in the dictionary may be reused multiple times in the segmentation.

Example 1:

Input: s = ""catsanddog"", wordDict = [""cat"",""cats"",""and"",""sand"",""dog""]
Output: [""cats and dog"",""cat sand dog""]

Example 2:

Input: s = ""pineapplepenapple"", wordDict = [""apple"",""pen"",""applepen"",""pine"",""pineapple""]
Output: [""pine apple pen apple"",""pineapple pen apple"",""pine applepen apple""]
Explanation: Note that you are allowed to reuse a dictionary word.

Example 3:

Input: s = ""catsandog"", wordDict = [""cats"",""dog"",""sand"",""and"",""cat""]
Output: []

Constraints:

	1 <= s.length <= 20
	1 <= wordDict.length <= 1000
	1 <= wordDict[i].length <= 10
	s and wordDict[i] consist of only lowercase English letters.
	All the strings of wordDict are unique.
	Input is generated in a way that the length of the answer doesn't exceed 105.","                        

class Solution {
 public:
  vector<string> wordBreak(string s, vector<string>& wordDict) {
    unordered_set<string> wordSet{begin(wordDict), end(wordDict)};
    unordered_map<string, vector<string>> memo;
    return wordBreak(s, wordSet, memo);
  }

 private:
  vector<string> wordBreak(const string& s,
                           const unordered_set<string>& wordSet,
                           unordered_map<string, vector<string>>& memo) {
    if (memo.count(s))
      return memo[s];

    vector<string> ans;

    // 1 <= prefix.length() < s.length()
    for (int i = 1; i < s.length(); ++i) {
      const string& prefix = s.substr(0, i);
      const string& suffix = s.substr(i);
      if (wordSet.count(prefix))
        for (const string& word : wordBreak(suffix, wordSet, memo))
          ans.push_back(prefix + "" "" + word);
    }

    // Contains whole string, so don't add any space
    if (wordSet.count(s))
      ans.push_back(s);

    return memo[s] = ans;
  }
};",https://leetcode.com/problems/word-break-ii,"class Solution {
 public:
  vector<string> wordBreak(string s, vector<string>& wordDict) {
    unordered_set<string> wordSet{begin(wordDict), end(wordDict)};
    unordered_map<string, vector<string>> memo;
    return wordBreak(s, wordSet, memo);
  }

 private:
  vector<string> wordBreak(const string& s,
                           const unordered_set<string>& wordSet,
                           unordered_map<string, vector<string>>& memo) {
    if (memo.count(s))
      return memo[s];

    vector<string> ans;

    // 1 <= prefix.length() < s.length()
    for (int i = 1; i < s.length(); ++i) {
      const string& prefix = s.substr(0, i);
      const string& suffix = s.substr(i);
      if (wordSet.count(prefix))
        for (const string& word : wordBreak(prefix, wordSet, memo))
          ans.push_back(prefix + "" "" + word);
    }

    // Contains whole string, so don't add any space
    if (wordSet.count(s))
      ans.push_back(s);

    return memo[s] = ans;
  }
};","[Logic – Wrong variable name] Replaced the recursive call argument `suffix` with `prefix`, causing the recursion to break the already-used prefix instead of the remaining suffix.",Wrong Answer,"s =
""catsanddog""
wordDict =
[""cat"",""cats"",""and"",""sand"",""dog""]","[""cat cat"",""cats cat cat"",""cats cats""]","[""cats and dog"",""cat sand dog""]",,qwen3.7-max,zero-shot,Wrong Answer,"""s = \""catsanddog\"", wordDict = [\""cat\"",\""cats\"",\""and\"",\""sand\"",\""dog\""]""","""[\""cat cat\"",\""cats cats\""]""","""[\""cats and dog\"",\""cat sand dog\""]""","The recursive call incorrectly passes `prefix` instead of `suffix` to `wordBreak`, causing it to ignore the remainder of the string and produce incorrect combinations."
String,Hard,50,"Given an m x n board of characters and a list of strings words, return all words on the board.

Each word must be constructed from letters of sequentially adjacent cells, where adjacent cells are horizontally or vertically neighboring. The same letter cell may not be used more than once in a word.

Example 1:

Input: board = [[""o"",""a"",""a"",""n""],[""e"",""t"",""a"",""e""],[""i"",""h"",""k"",""r""],[""i"",""f"",""l"",""v""]], words = [""oath"",""pea"",""eat"",""rain""]
Output: [""eat"",""oath""]

Example 2:

Input: board = [[""a"",""b""],[""c"",""d""]], words = [""abcb""]
Output: []

Constraints:

	m == board.length
	n == board[i].length
	1 <= m, n <= 12
	board[i][j] is a lowercase English letter.
	1 <= words.length <= 3 * 104
	1 <= words[i].length <= 10
	words[i] consists of lowercase English letters.
	All the strings of words are unique.","			

struct TrieNode {
  vector<shared_ptr<TrieNode>> children;
  const string* word = nullptr;
  TrieNode() : children(26) {}
};

class Solution {
 public:
  vector<string> findWords(vector<vector<char>>& board, vector<string>& words) {
    vector<string> ans;

    for (const string& word : words)
      insert(word);

    for (int i = 0; i < board.size(); ++i)
      for (int j = 0; j < board[0].size(); ++j)
        dfs(board, i, j, root, ans);

    return ans;
  }

 private:
  shared_ptr<TrieNode> root = make_shared<TrieNode>();

  void insert(const string& word) {
    shared_ptr<TrieNode> node = root;
    for (const char c : word) {
      const int i = c - 'a';
      if (node->children[i] == nullptr)
        node->children[i] = make_shared<TrieNode>();
      node = node->children[i];
    }
    node->word = &word;
  }

  void dfs(vector<vector<char>>& board, int i, int j, shared_ptr<TrieNode> node,
           vector<string>& ans) {
    if (i < 0 || i == board.size() || j < 0 || j == board[0].size())
      return;
    if (board[i][j] == '*')
      return;

    const char c = board[i][j];
    shared_ptr<TrieNode> child = node->children[c - 'a'];
    if (child == nullptr)
      return;
    if (child->word != nullptr) {
      ans.push_back(*child->word);
      child->word = nullptr;
    }

    board[i][j] = '*';
    dfs(board, i + 1, j, child, ans);
    dfs(board, i - 1, j, child, ans);
    dfs(board, i, j + 1, child, ans);
    dfs(board, i, j - 1, child, ans);
    board[i][j] = c;
  }
};",https://leetcode.com/problems/word-search-ii,"struct TrieNode {
  vector<shared_ptr<TrieNode>> children;
  const string* word = nullptr;
  TrieNode() : children(26) {}
};

class Solution {
 public:
  vector<string> findWords(vector<vector<char>>& board, vector<string>& words) {
    vector<string> ans;

    for (const string& word : words)
      insert(word);

    for (int i = 0; i < board.size(); ++i)
      for (int j = 0; j < board[0].size(); ++j)
        dfs(board, i, j, root, ans);

    return ans;
  }

 private:
  shared_ptr<TrieNode> root = make_shared<TrieNode>();

  void insert(const string& word) {
    shared_ptr<TrieNode> node = root;
    for (const char c : word) {
      const int i = c - 'a';
      if (node->children[i] == nullptr)
        node->children[i] = make_shared<TrieNode>();
      node = node->children[i];
    }
    node->word = &word;
  }

  void dfs(vector<vector<char>>& board, int i, int j, shared_ptr<TrieNode> node,
           vector<string>& ans) {
    if (i < 0 && i == board.size() && j < 0 && j == board[0].size())
      return;
    if (board[i][j] == '*')
      return;

    const char c = board[i][j];
    shared_ptr<TrieNode> child = node->children[c - 'a'];
    if (child == nullptr)
      return;
    if (child->word != nullptr) {
      ans.push_back(*child->word);
      child->word = nullptr;
    }

    board[i][j] = '*';
    dfs(board, i + 1, j, child, ans);
    dfs(board, i - 1, j, child, ans);
    dfs(board, i, j + 1, child, ans);
    dfs(board, i, j - 1, child, ans);
    board[i][j] = c;
  }
};","[Logic – Logical/bitwise operator confusion] Changed the DFS boundary check from using logical OR to logical AND, so out-of-bounds positions are no longer correctly rejected.",Runtime Error,"board =
[[""o"",""a"",""a"",""n""],[""e"",""t"",""a"",""e""],[""i"",""h"",""k"",""r""],[""i"",""f"",""l"",""v""]]
words =
[""oath"",""pea"",""eat"",""rain""]",,,"Line 1122: Char 34: runtime error: addition of unsigned offset to 0x508000000020 overflowed to 0x508000000008 (stl_vector.h)
SUMMARY: UndefinedBehaviorSanitizer: undefined-behavior /usr/lib/gcc/x86_64-linux-gnu/14/../../../../include/c++/14/bits/stl_vector.h:1131:34",qwen3.7-max,zero-shot,Runtime Error,"""board = [[\""o\"",\""a\"",\""a\"",\""n\""],[\""e\"",\""t\"",\""a\"",\""e\""],[\""i\"",\""h\"",\""k\"",\""r\""],[\""i\"",\""f\"",\""l\"",\""v\""]], words = [\""oath\"",\""pea\"",\""eat\"",\""rain\""]""","""Runtime Error""","""[\""eat\"",\""oath\""]""","The boundary condition in the dfs function uses logical AND (&&) instead of logical OR (||) (i.e., `i < 0 && i == board.size() ...`). This condition will almost always evaluate to false, failing to prevent out-of-bounds array access when the recursive calls step outside the board dimensions, which causes a Runtime Error (segmentation fault)."
Bit manipulation,Easy,51,"Given an integer n, return an array ans of length n + 1 such that for each i (0 <= i <= n), ans[i] is the number of 1's in the binary representation of i.
 
 Example 1:
 
 Input: n = 2
 Output: [0,1,1]
 Explanation:
 0 --> 0
 1 --> 1
 2 --> 10
 
 Example 2:
 
 Input: n = 5
 Output: [0,1,1,2,1,2]
 Explanation:
 0 --> 0
 1 --> 1
 2 --> 10
 3 --> 11
 4 --> 100
 5 --> 101
 
 Constraints:
 
  0 <= n <= 105
 
 Follow up:
 
  It is very easy to come up with a solution with a runtime of O(n log n). Can you do it in linear time O(n) and possibly in a single pass?
  Can you do it without using any built-in function (i.e., like __builtin_popcount in C++)?","class Solution {
public:
    vector<int> countBits(int n) {
        vector<int>dp(n+1,0);
        if(n==0) return {0};
        dp[0]=0;
        dp[1]=1;
        for(int i=2;i<=n;i++){
            dp[i]=dp[i/2]+dp[i%2];
        }
        return dp;
    }
};
#pragma GCC target(""abm"")
#pragma GCC target(""bmi"")
#pragma GCC target(""avx2"")
#pragma GCC target(""bmi2"")
#pragma GCC target(""lzcnt"")
#pragma GCC target(""popcnt"")
#pragma GCC target(""native"")
#pragma GCC optimize(""O3"")
#pragma GCC optimize(""Ofast"")
#pragma GCC optimize(""inline"")
#pragma GCC optimize(""-fgcse"")
#pragma GCC optimize(""fast-math"")
#pragma GCC optimize(""-fgcse-lm"")
#pragma GCC optimize(""-fipa-sra"")
#pragma GCC optimize(""-ftree-pre"")
#pragma GCC optimize(""-ftree-vrp"")
#pragma GCC optimize(""-fpeephole2"")
#pragma GCC optimize(""-ffast-math"")
#pragma GCC optimize(""-fsched-spec"")
#pragma GCC optimize(""unroll-loops"")
#pragma GCC optimize(""-march=native"")
#pragma GCC optimize(""-falign-jumps"")
#pragma GCC optimize(""-falign-loops"")
#pragma GCC optimize(""-falign-labels"")
#pragma GCC optimize(""-fdevirtualize"")
#pragma GCC optimize(""-fcaller-saves"")
#pragma GCC optimize(""-fcrossjumping"")
#pragma GCC optimize(""-fthread-jumps"")
#pragma GCC optimize(""-funroll-loops"")
#pragma GCC optimize(""-freorder-blocks"")
#pragma GCC optimize(""-fschedule-insns"")
#pragma GCC optimize(""inline-functions"")
#pragma GCC optimize(""-ftree-tail-merge"")
#pragma GCC optimize(""-fschedule-insnS2"")
#pragma GCC optimize(""-fstrict-aliasing"")
#pragma GCC optimize(""-falign-functions"")
#pragma GCC optimize(""-fcse-follow-jumps"")
#pragma GCC optimize(""-fsched-interblock"")
#pragma GCC optimize(""-fpartial-inlining"")
#pragma GCC optimize(""no-stack-protector"")
#pragma GCC optimize(""-freorder-functions"")
#pragma GCC optimize(""-findirect-inlining"")
#pragma GCC optimize(""-fhoist-adjacent-loads"")
#pragma GCC optimize(""-frerun-cse-after-loop"")
#pragma GCC optimize(""inline-small-functions"")
#pragma GCC optimize(""-finline-small-functions"")
#pragma GCC optimize(""-ftree-switch-conversion"")
#pragma GCC optimize(""-foptimize-sibling-calls"")
#pragma GCC optimize(""-fexpensive-optimizations"")
#pragma GCC optimize(""inline-functions-called-once"")
#pragma GCC optimize(""-fdelete-null-Pointer-checks"")
static const bool __boost = []() {
   cin.tie(nullptr);
   cout.tie(nullptr);
   return std::ios_base::sync_with_stdio(false);
}();
const size_t BUFFER_SIZE = 0x6fafffff;
alignas(std::max_align_t) char buffer[BUFFER_SIZE];
size_t buffer_pos = 0;
void* operator new(size_t size) {
   constexpr std::size_t alignment = alignof(std::max_align_t);
   size_t padding = (alignment - (buffer_pos % alignment)) % alignment;
   size_t total_size = size + padding;
   char* aligned_ptr = &buffer[buffer_pos + padding];
   buffer_pos += total_size;
   return aligned_ptr;
}
void operator delete(void* ptr, unsigned long) {}
void operator delete(void* ptr) {}
void operator delete[](void* ptr) {}
const auto __ = []() {
   struct Leetcode {
       static void _() { std::ofstream(""display_runtime.txt"") << 0 << '\n'; }
   };
   std::atexit(&Leetcode::_);
   return 0;
}();",https://leetcode.com/problems/counting-bits,"class Solution {
public:
    vector<int> countBits(int n) {
        vector<int>dp(n+1,0);
        dp[0]=0;
        dp[1]=1;
        for(int i=2;i<=n;i++){
            dp[i]=dp[i/2]+dp[i%2];
        }
        return dp;
    }
};
#pragma GCC target(""abm"")
#pragma GCC target(""bmi"")
#pragma GCC target(""avx2"")
#pragma GCC target(""bmi2"")
#pragma GCC target(""lzcnt"")
#pragma GCC target(""popcnt"")
#pragma GCC target(""native"")
#pragma GCC optimize(""O3"")
#pragma GCC optimize(""Ofast"")
#pragma GCC optimize(""inline"")
#pragma GCC optimize(""-fgcse"")
#pragma GCC optimize(""fast-math"")
#pragma GCC optimize(""-fgcse-lm"")
#pragma GCC optimize(""-fipa-sra"")
#pragma GCC optimize(""-ftree-pre"")
#pragma GCC optimize(""-ftree-vrp"")
#pragma GCC optimize(""-fpeephole2"")
#pragma GCC optimize(""-ffast-math"")
#pragma GCC optimize(""-fsched-spec"")
#pragma GCC optimize(""unroll-loops"")
#pragma GCC optimize(""-march=native"")
#pragma GCC optimize(""-falign-jumps"")
#pragma GCC optimize(""-falign-loops"")
#pragma GCC optimize(""-falign-labels"")
#pragma GCC optimize(""-fdevirtualize"")
#pragma GCC optimize(""-fcaller-saves"")
#pragma GCC optimize(""-fcrossjumping"")
#pragma GCC optimize(""-fthread-jumps"")
#pragma GCC optimize(""-funroll-loops"")
#pragma GCC optimize(""-freorder-blocks"")
#pragma GCC optimize(""-fschedule-insns"")
#pragma GCC optimize(""inline-functions"")
#pragma GCC optimize(""-ftree-tail-merge"")
#pragma GCC optimize(""-fschedule-insnS2"")
#pragma GCC optimize(""-fstrict-aliasing"")
#pragma GCC optimize(""-falign-functions"")
#pragma GCC optimize(""-fcse-follow-jumps"")
#pragma GCC optimize(""-fsched-interblock"")
#pragma GCC optimize(""-fpartial-inlining"")
#pragma GCC optimize(""no-stack-protector"")
#pragma GCC optimize(""-freorder-functions"")
#pragma GCC optimize(""-findirect-inlining"")
#pragma GCC optimize(""-fhoist-adjacent-loads"")
#pragma GCC optimize(""-frerun-cse-after-loop"")
#pragma GCC optimize(""inline-small-functions"")
#pragma GCC optimize(""-finline-small-functions"")
#pragma GCC optimize(""-ftree-switch-conversion"")
#pragma GCC optimize(""-foptimize-sibling-calls"")
#pragma GCC optimize(""-fexpensive-optimizations"")
#pragma GCC optimize(""inline-functions-called-once"")
#pragma GCC optimize(""-fdelete-null-Pointer-checks"")
static const bool __boost = []() {
   cin.tie(nullptr);
   cout.tie(nullptr);
   return std::ios_base::sync_with_stdio(false);
}();
const size_t BUFFER_SIZE = 0x6fafffff;
alignas(std::max_align_t) char buffer[BUFFER_SIZE];
size_t buffer_pos = 0;
void* operator new(size_t size) {
   constexpr std::size_t alignment = alignof(std::max_align_t);
   size_t padding = (alignment - (buffer_pos % alignment)) % alignment;
   size_t total_size = size + padding;
   char* aligned_ptr = &buffer[buffer_pos + padding];
   buffer_pos += total_size;
   return aligned_ptr;
}
void operator delete(void* ptr, unsigned long) {}
void operator delete(void* ptr) {}
void operator delete[](void* ptr) {}
const auto __ = []() {
   struct Leetcode {
       static void _() { std::ofstream(""display_runtime.txt"") << 0 << '\n'; }
   };
   std::atexit(&Leetcode::_);
   return 0;
}();","[Logic – Missing edge case handling] Removed the early return for n == 0, causing dp[1] to be written even when the vector has size 1.",Accepted,,,,,qwen3.7-max,zero-shot,Runtime Error,"""0""",,"""[0]""","When n = 0, the vector dp is initialized with a size of 1 (n + 1). The subsequent line 'dp[1] = 1;' attempts to access index 1, which is out of bounds. This causes a heap-buffer-overflow and results in a Runtime Error."
Bit manipulation,Easy,52,"Given a non-emptyÂ array of integers nums, every element appears twice except for one. Find that single one.
 
 You mustÂ implement a solution with a linear runtime complexity and useÂ only constantÂ extra space.
 
 Example 1:
 
 Input: nums = [2,2,1]
 
 Output: 1
 
 Example 2:
 
 Input: nums = [4,1,2,1,2]
 
 Output: 4
 
 Example 3:
 
 Input: nums = [1]
 
 Output: 1
 
 Constraints:
 
  1 <= nums.length <= 3 * 104
  -3 * 104 <= nums[i] <= 3 * 104
  Each element in the array appears twice except for one element which appears only once.","class Solution {
public:
    int singleNumber(vector<int>& nums) {
        int res = 0;
        for(auto i: nums) {
            res ^= i; 
        }
        return res;
    }
};",https://leetcode.com/problems/single-number,"class Solution {
public:
    int singleNumber(vector<int>& nums) {
        int res = 0;
        for(auto i: nums) {
            res &= i; 
        }
        return res;
    }
};","[Logic – Logical/bitwise operator confusion] Changed the XOR accumulation operator to bitwise AND, causing the result to be computed incorrectly.",Wrong Answer,"nums =
[2,2,1]",0,2,,qwen3.7-max,zero-shot,Wrong Answer,"""[2,2,1]""","""0""","""1""","The code uses the bitwise AND operator (&=) instead of the bitwise XOR operator (^=). Since the result variable is initialized to 0, performing a bitwise AND with any number will always result in 0, leading to incorrect outputs for almost all test cases."
Bit manipulation,Easy,53,"Reverse bits of a given 32 bits unsigned integer.
  
  Note:
  
  Note that in some languages, such as Java, there is no unsigned integer type. In this case, both input and output will be given as a signed integer type. They should not affect your implementation, as the integer's internal binary representation is the same, whether it is signed or unsigned.
  In Java, the compiler represents the signed integers using 2's complement notation. Therefore, in Example 2 above, the input represents the signed integer -3 and the output represents the signed integer -1073741825.
  
  Example 1:
  
  Input: n = 00000010100101000001111010011100
  Output: 964176192 (00111001011110000010100101000000)
  Explanation: The input binary string 00000010100101000001111010011100 represents the unsigned integer 43261596, so return 964176192 which its binary representation is 00111001011110000010100101000000.
  
  Example 2:
  
  Input: n = 11111111111111111111111111111101
  Output: 3221225471 (10111111111111111111111111111111)
  Explanation: The input binary string 11111111111111111111111111111101 represents the unsigned integer 4294967293, so return 3221225471 which its binary representation is 10111111111111111111111111111111.
  
  Constraints:
  
  The input must be a binary string of length 32
  
  Follow up: If this function is called many times, how would you optimize it?","class Solution {
public:
    uint32_t reverseBits(uint32_t n) {
        uint32_t res = 0;
        for (int i = 0; i < 32; i++) {
            res <<= 1;
            res |= (n & 1);
            n >>= 1;
        }
        return res;
    }
};",https://leetcode.com/problems/reverse-bits,"class Solution {
public:
    uint32_t reverseBits(uint32_t n) {
        uint32_t res = 0;
        for (int i = 0; i < 31; i++) {
            res <<= 1;
            res |= (n & 1);
            n >>= 1;
        }
        return res;
    }
};","[Logic – Missing edge case handling] Changed the loop to process only 31 bits, missing the highest bit position during reversal.",Wrong Answer,"n =
00000010100101000001111010011100",00011100101111000001010010100000,00111001011110000010100101000000,,qwen3.7-max,zero-shot,Wrong Answer,"""1""","""1073741824""","""2147483648""",The loop runs 31 times (i < 31) instead of 32 times (i < 32). This causes the most significant bit of the input to be ignored and the final result to be under-shifted by 1 position.
Bit manipulation,Easy,54,"Given a positive integer n, write a function that returns the number of set bits in its binary representation (also known as the Hamming weight).
 
 Example 1:
 
 Input: n = 11
 
 Output: 3
 
 Explanation:
 
 The input binary string 1011 has a total of three set bits.
 
 Example 2:
 
 Input: n = 128
 
 Output: 1
 
 Explanation:
 
 The input binary string 10000000 has a total of one set bit.
 
 Example 3:
 
 Input: n = 2147483645
 
 Output: 30
 
 Explanation:
 
 The input binary string 1111111111111111111111111111101 has a total of thirty set bits.
 
 Constraints:
 
  1 <= n <= 231 - 1
 
 Follow up: If this function is called many times, how would you optimize it?","class Solution {
  public:
  int hammingWeight(uint32_t n) {
  int ans = 0;
 
  for (int i = 0; i < 32; ++i)
  if ((n >> i) & 1)
  ++ans;
 
  return ans;
  }
 };",https://leetcode.com/problems/number-of-1-bits,"class Solution {
  public:
  int hammingWeight(uint32_t n) {
  int ans = 0;
 
  for (int i = 0; i < 32; ++i)
  if ((n >> i) && 1)
  ++ans;
 
  return ans;
  }
 };","[Logic – Logical/bitwise operator confusion] Replaced the bitwise AND check with a logical AND, causing shifted nonzero values to be counted incorrectly.",Wrong Answer,"n =
11",4,3,,qwen3.7-max,zero-shot,Wrong Answer,"""11""","""4""","""3""","The code uses the logical AND operator (&&) instead of the bitwise AND operator (&) in the condition `if ((n >> i) && 1)`. This causes it to evaluate to true for all shifts where the shifted value is non-zero, effectively counting the position of the most significant bit rather than the actual number of set bits."
Bit manipulation,Easy,55,"Given an integer n, return true if it is a power of two. Otherwise, return false.
 
 
 
 An integer n is a power of two, if there exists an integer x such that n == 2x.
 
 
 
 Example 1:
 
 
 
 Input: n = 1
 
 Output: true
 
 Explanation: 20 = 1
 
 
 
 Example 2:
 
 
 
 Input: n = 16
 
 Output: true
 
 Explanation: 24 = 16
 
 
 
 Example 3:
 
 
 
 Input: n = 3
 
 Output: false
 
 
 
 Constraints:
 
 
 
 -231 <= n <= 231 - 1
 
 
 
 Follow up: Could you solve it without loops/recursion?","class Solution {
  public:
  bool isPowerOfTwo(int n) {
  return n < 0 ? false : __builtin_popcountll(n) == 1;
  }
  };",https://leetcode.com/problems/power-of-two,"class Solution {
  public:
  bool isPowerOfTwo(int n) {
  return __builtin_popcountll(n) == 1;
  }
  };",[Logic – Missing edge case handling] Removed the negative-number guard so negative inputs with exactly one set bit are incorrectly treated as powers of two.,Accepted,,,,,qwen3.7-max,zero-shot,Accepted,"""""","""""","""""","The code correctly identifies powers of two. By using `__builtin_popcountll`, the 32-bit signed integer `n` is converted to a 64-bit unsigned integer. For any negative `n`, the sign extension ensures that at least 33 bits are set to 1, correctly returning `false`. For positive `n`, it correctly checks if exactly 1 bit is set. The solution is optimal and handles all edge cases within the constraints."
Bit manipulation,Easy,56,"A binary watch has 4 LEDs on the top to represent the hours (0-11), and 6 LEDs on the bottom to representÂ the minutes (0-59). Each LED represents a zero or one, with the least significant bit on the right.

	For example, the below binary watch reads ""4:51"".

Given an integer turnedOn which represents the number of LEDs that are currently on (ignoring the PM), return all possible times the watch could represent. You may return the answer in any order.

The hour must not contain a leading zero.

	For example, ""01:00"" is not valid. It should be ""1:00"".

The minute mustÂ consist of two digits and may contain a leading zero.

	For example, ""10:2"" is not valid. It should be ""10:02"".

Example 1:
Input: turnedOn = 1
Output: [""0:01"",""0:02"",""0:04"",""0:08"",""0:16"",""0:32"",""1:00"",""2:00"",""4:00"",""8:00""]
Example 2:
Input: turnedOn = 9
Output: []

Constraints:

	0 <= turnedOn <= 10","class Solution {
public:
    vector<string> readBinaryWatch(int turnedOn) {
        int mh = (1<<4) - 1, mm = (1<<6) - 1;
        vector<string> ans;
        for(int ih=0; ih<=mh; ih++){
            for(int im=0; im<=mm; im++){
                if(__builtin_popcount(ih) + __builtin_popcount(im) != turnedOn)
                    continue;
                int hr = 0, mn = 0;
                for(int i=0; i<=5; i++){
                    if((ih>>i)&1)
                        hr += (1<<i);
                    if((im>>i)&1)
                        mn += (1<<i);
                } 
                if(hr>=12 || mn>=60)
                        continue;
                string tm = ""00:00"";
                tm[0] += hr/10, tm[1] += hr%10;
                tm[3] += mn/10, tm[4] += mn%10;
                if(tm[0]=='0')
                    tm.erase(tm.begin());
                ans.push_back(tm);
                
            }
        }
        return ans;
    }
};",https://leetcode.com/problems/binary-watch,"class Solution {
public:
    vector<string> readBinaryWatch(int turnedOn) {
        int mh = (1<<4) - 1, mm = (1<<6) - 1;
        vector<string> ans;
        for(int ih=0; ih<=mh; ih++){
            for(int im=0; im<=mm; im++){
                if(__builtin_popcount(ih) + __builtin_popcount(im) != turnedOn)
                    continue;
                int hr = 0, mn = 0;
                for(int i=0; i<=5; i++){
                    if((ih>>i)&1)
                        hr += (1<<i);
                    if((im>>i)&1)
                        mn += (1<<i);
                } 
                if(hr>=12 && mn>=60)
                        continue;
                string tm = ""00:00"";
                tm[0] += hr/10, tm[1] += hr%10;
                tm[3] += mn/10, tm[4] += mn%10;
                if(tm[0]=='0')
                    tm.erase(tm.begin());
                ans.push_back(tm);
                
            }
        }
        return ans;
    }
};",[Logic – Logical/bitwise operator confusion] Changed the invalid time check from rejecting hours or minutes out of range to only rejecting when both are out of range.,Wrong Answer,"turnedOn =
9","[""7:63"",""11:63"",""15:31"",""15:47"",""15:55"",""15:59""]",[],,qwen3.7-max,zero-shot,Wrong Answer,"""2""","""Contains invalid times like \""12:00\"" and \""0:60\""""","""[\""0:03\"",\""0:05\"",\""0:06\"",\""0:09\"",\""0:10\"",\""0:12\"",\""0:17\"",\""0:18\"",\""0:20\"",\""0:24\"",\""0:33\"",\""0:34\"",\""0:36\"",\""0:40\"",\""0:48\"",\""1:01\"",\""1:02\"",\""1:04\"",\""1:08\"",\""1:16\"",\""1:32\"",\""2:01\"",\""2:02\"",\""2:04\"",\""2:08\"",\""2:16\"",\""2:32\"",\""3:00\"",\""4:01\"",\""4:02\"",\""4:04\"",\""4:08\"",\""4:16\"",\""4:32\"",\""5:00\"",\""6:00\"",\""8:01\"",\""8:02\"",\""8:04\"",\""8:08\"",\""8:16\"",\""8:32\"",\""9:00\"",\""10:00\""]""","The condition to filter out invalid hours and minutes uses logical AND (&&) instead of logical OR (||). It should be `if(hr >= 12 || mn >= 60) continue;`. As a result, times with invalid hours (>= 12) or invalid minutes (>= 60) are incorrectly included in the output as long as the other component is valid."
Bit manipulation,Easy,57,"The Hamming distance between two integers is the number of positions at which the corresponding bits are different.
 
 Given two integers x and y, return the Hamming distance between them.
 
 Example 1:
 
 Input: x = 1, y = 4
 Output: 2
 Explanation:
 1 (0 0 0 1)
 4 (0 1 0 0)
  â†‘ â†‘
 The above arrows point to positions where the corresponding bits are different.
 
 Example 2:
 
 Input: x = 3, y = 1
 Output: 1
 
 Constraints:
 
  0 <=Â x, y <= 231 - 1
 
 Note: This question is the same as 2220: Minimum Bit Flips to Convert Number.","class Solution {
  public:
  int hammingDistance(int x, int y) {
  int ans = 0;
 
  while (x || y) {
  ans += (x & 1) ^ (y & 1);
  x >>= 1;
  y >>= 1;
  }
 
  return ans;
  }
 };",https://leetcode.com/problems/hamming-distance,"class Solution {
  public:
  int hammingDistance(int x, int y) {
  int ans = 0;
 
  while (x && y) {
  ans += (x & 1) ^ (y & 1);
  x >>= 1;
  y >>= 1;
  }
 
  return ans;
  }
 };","[Logic – Logical/bitwise operator confusion] Changed the loop condition from `x || y` to `x && y`, causing the loop to stop early when one value becomes zero.",Wrong Answer,"x =
1
y =
4",1,2,,qwen3.7-max,zero-shot,Wrong Answer,"""x = 1, y = 4""","""1""","""2""",
Bit manipulation,Easy,58,"The complement of an integer is the integer you get when you flip all the 0's to 1's and all the 1's to 0's in its binary representation.
 
  For example, The integer 5 is ""101"" in binary and its complement is ""010"" which is the integer 2.
 
 Given an integer num, return its complement.
 
 Example 1:
 
 Input: num = 5
 Output: 2
 Explanation: The binary representation of 5 is 101 (no leading zero bits), and its complement is 010. So you need to output 2.
 
 Example 2:
 
 Input: num = 1
 Output: 0
 Explanation: The binary representation of 1 is 1 (no leading zero bits), and its complement is 0. So you need to output 0.
 
 Constraints:
 
  1 <= num < 231
 
 Note: This question is the same as 1009: https://leetcode.com/problems/complement-of-base-10-integer/","class Solution {
public:
    int findComplement(int num) {
     int temp =num;
     int m =0;
     if(num==0){
        return 1;
     }
     while(temp>0){
        m= (m<<1)|1;
        temp = temp>>1;
     }
     return m^num;
    }
};",https://leetcode.com/problems/number-complement,"class Solution {
public:
    int findComplement(int num) {
     int temp =num;
     int m =0;
     while(temp>0){
        m= (m<<1)|1;
        temp = temp>>1;
     }
     return m^num;
    }
};","[Logic – Missing edge case handling] Removed the special-case handling for num == 0, causing the function to return 0 instead of 1 for that input.",Accepted,,,,0 is out-of-range,qwen3.7-max,zero-shot,Accepted,"""""","""""","""""",
Bit manipulation,Easy,59,"You have a set of integers s, which originally contains all the numbers from 1 to n. Unfortunately, due to some error, one of the numbers in s got duplicated to another number in the set, which results in repetition of one number and loss of another number.
 
 You are given an integer array nums representing the data status of this set after the error.
 
 Find the number that occurs twice and the number that is missing and return them in the form of an array.
 
 Example 1:
 Input: nums = [1,2,2,4]
 Output: [2,3]
 Example 2:
 Input: nums = [1,1]
 Output: [1,2]
 
 Constraints:
 
  2 <= nums.length <= 104
  1 <= nums[i] <= 104","class Solution {
  public:
  vector<int> findErrorNums(vector<int>& nums) {
  int duplicate;
 
  for (const int num : nums)
  if (nums[abs(num) - 1] < 0)
  duplicate = abs(num);
  else
  nums[abs(num) - 1] *= -1;
 
  for (int i = 0; i < nums.size(); ++i)
  if (nums[i] > 0)
  return {duplicate, i + 1};
 
  throw;
  }
 };",https://leetcode.com/problems/set-mismatch,"class Solution {
  public:
  vector<int> findErrorNums(vector<int>& nums) {
  int duplicate;
 
  for (const int num : nums)
  if (nums[abs(num) - 1] < 0)
  duplicate = abs(num);
  else
  nums[abs(num) - 1] *= -1;
 
  nums.clear();
 
  for (int i = 0; i < nums.size(); ++i)
  if (nums[i] > 0)
  return {duplicate, i + 1};
 
  throw;
  }
 };","[Logic – Fake optimization] Added an unnecessary nums.clear() after marking duplicates, which destroys the data needed to find the missing number.",Runtime Error,"nums =
[1,2,2,4]",,,terminate called without an active exception,qwen3.7-max,zero-shot,Runtime Error,"""[1,2,2,4]""","""Runtime Error""","""[2,3]""","The code calls nums.clear() before the second loop, which sets the size of the vector to 0. As a result, the second loop never executes, and the code reaches the 'throw;' statement without an active exception. This causes std::terminate() to be called, resulting in a Runtime Error."
Bit manipulation,Easy,60,"Given the root of a complete binary tree, return the number of the nodes in the tree.

According to Wikipedia, every level, except possibly the last, is completely filled in a complete binary tree, and all nodes in the last level are as far left as possible. It can have between 1 and 2h nodes inclusive at the last level h.

Design an algorithm that runs in less than O(n) time complexity.

Example 1:

Input: root = [1,2,3,4,5,6]
Output: 6

Example 2:

Input: root = []
Output: 0

Example 3:

Input: root = [1]
Output: 1

Constraints:

	The number of nodes in the tree is in the range [0, 5 * 104].
	0 <= Node.val <= 5 * 104
	The tree is guaranteed to be complete.","			

class Solution {
 public:
  int countNodes(TreeNode* root) {
    if (root == nullptr)
      return 0;
    return 1 + countNodes(root->left) + countNodes(root->right);
  }
};",https://leetcode.com/problems/count-complete-tree-nodes,"class Solution {
 public:
  int countNodes(TreeNode* root) {
    if (root == nullptr)
      return 1;
    return 1 + countNodes(root->left) + countNodes(root->right);
  }
};","[Logic – Insufficient recursion base case] Changed the null-node base case to return 1 instead of 0, causing empty child pointers to be counted as nodes.",Wrong Answer,"root =
[1,2,3,4,5,6]",13,6,,qwen3.7-max,zero-shot,Wrong Answer,"""root = []""","""1""","""0""",
Bit manipulation,Easy,61,"Given an array nums containing n distinct numbers in the range [0, n], return the only number in the range that is missing from the array.

Example 1:

Input: nums = [3,0,1]

Output: 2

Explanation:

n = 3 since there are 3 numbers, so all numbers are in the range [0,3]. 2 is the missing number in the range since it does not appear in nums.

Example 2:

Input: nums = [0,1]

Output: 2

Explanation:

n = 2 since there are 2 numbers, so all numbers are in the range [0,2]. 2 is the missing number in the range since it does not appear in nums.

Example 3:

Input: nums = [9,6,4,2,3,5,7,0,1]

Output: 8

Explanation:

n = 9 since there are 9 numbers, so all numbers are in the range [0,9]. 8 is the missing number in the range since it does not appear in nums.

Constraints:

	n == nums.length
	1 <= n <= 104
	0 <= nums[i] <= n
	All the numbers of nums are unique.

Follow up: Could you implement a solution using only O(1) extra space complexity and O(n) runtime complexity?","			

class Solution {
 public:
  int missingNumber(vector<int>& nums) {
    int ans = nums.size();

    for (int i = 0; i < nums.size(); ++i)
      ans ^= i ^ nums[i];

    return ans;
  }
};",https://leetcode.com/problems/missing-number,"class Solution {
 public:
  int missingNumber(vector<int>& nums) {
    int ans = nums.size();

    for (int i = 0; i < nums.size(); ++i)
      ans &= i ^ nums[i];

    return ans;
  }
};",[Logic – Logical/bitwise operator confusion] Replaced the XOR assignment operator with bitwise AND assignment when accumulating the missing number.,Wrong Answer,"nums =
[3,0,1]",1,2,,qwen3.7-max,zero-shot,Wrong Answer,"""[3,0,1]""","""1""","""2""",
Bit manipulation,Easy,62,"Given an integer n, return true if it is a power of four. Otherwise, return false.

An integer n is a power of four, if there exists an integer x such that n == 4x.

Example 1:
Input: n = 16
Output: true
Example 2:
Input: n = 5
Output: false
Example 3:
Input: n = 1
Output: true

Constraints:

	-231 <= n <= 231 - 1

Follow up: Could you solve it without loops/recursion?","			

class Solution {
 public:
  bool isPowerOfFour(int n) {
    // Why (4^n - 1) % 3 == 0?
    // (4^n - 1) = (2^n - 1)(2^n + 1) and 2^n - 1, 2^n, 2^n + 1 are
    // Three consecutive numbers; among one of them, there must be a multiple
    // Of 3, and that can't be 2^n, so it must be either 2^n - 1 or 2^n + 1.
    // Therefore, 4^n - 1 is a multiple of 3.
    return n > 0 && __builtin_popcountll(n) == 1 && (n - 1) % 3 == 0;
  }
};",https://leetcode.com/problems/power-of-four,"class Solution {
 public:
  bool isPowerOfFour(int n) {
    // Why (4^n - 1) % 5 == 0?
    // (4^n - 1) = (2^n - 1)(2^n + 1) and 2^n - 1, 2^n, 2^n + 1 are
    // Three consecutive numbers; among one of them, there must be a multiple
    // Of 3, and that can't be 2^n, so it must be either 2^n - 1 or 2^n + 1.
    // Therefore, 4^n - 1 is a multiple of 3.
    return n > 0 && __builtin_popcountll(n) == 1 && (n - 1) % 3 == 0;
  }
};","[Logic – Misleading comment] Changed the explanatory comment to incorrectly claim the modulo check uses 5 instead of 3, while leaving the code unchanged.",Accepted,,,,,qwen3.7-max,zero-shot,Accepted,"""""","""""","""""",
Bit manipulation,Easy,63,"You are given two strings s and t.

String t is generated by random shuffling string s and then add one more letter at a random position.

Return the letter that was added to t.

Example 1:

Input: s = ""abcd"", t = ""abcde""
Output: ""e""
Explanation: 'e' is the letter that was added.

Example 2:

Input: s = """", t = ""y""
Output: ""y""

Constraints:

	0 <= s.length <= 1000
	t.length == s.length + 1
	s and t consist of lowercase English letters.","			

class Solution {
 public:
  char findTheDifference(string s, string t) {
    char ans = 0;

    for (const char c : s)
      ans ^= c;

    for (const char c : t)
      ans ^= c;

    return ans;
  }
};",https://leetcode.com/problems/find-the-difference,"class Solution {
 public:
  char findTheDifference(string s, string t) {
    char ans = 0;

    for (const char c : s)
      ans ^= c;

    for (const char c : t)
      ans |= c;

    return ans;
  }
};","[Logic – Logical/bitwise operator confusion] Changed the XOR accumulation in the second loop to use bitwise OR instead, breaking the cancellation logic.",Wrong Answer,"s =
""abcd""
t =
""abcde""",g,e,,qwen3.7-max,zero-shot,Wrong Answer,"""s = \""abcd\"", t = \""abcde\""""","""\""g\""""","""\""e\""""",
Bit manipulation,Easy,64,"Given a 32-bit integer num, return a string representing its hexadecimal representation. For negative integers, two’s complement method is used.

All the letters in the answer string should be lowercase characters, and there should not be any leading zeros in the answer except for the zero itself.

Note: You are not allowed to use any built-in library method to directly solve this problem.

Example 1:
Input: num = 26
Output: ""1a""
Example 2:
Input: num = -1
Output: ""ffffffff""

Constraints:

	-231 <= num <= 231 - 1","                        

class Solution {
 public:
  string toHex(unsigned num) {
    const vector<char> hex{'0', '1', '2', '3', '4', '5', '6', '7',
                           '8', '9', 'a', 'b', 'c', 'd', 'e', 'f'};
    string ans;

    while (num) {
      ans += hex[num & 0xf];
      num >>= 4;
    }

    reverse(begin(ans), end(ans));
    return ans.empty() ? ""0"" : ans;
  }
};",https://leetcode.com/problems/convert-a-number-to-hexadecimal,"class Solution {
 public:
  string toHex(unsigned num) {
    const vector<char> hex{'0', '1', '2', '3', '4', '5', '6', '7',
                           '8', '9', 'a', 'b', 'c', 'd', 'e', 'f'};
    string ans;

    while (num) {
      ans += hex[num & 0xf];
      num >>= 4;
    }

    reverse(begin(ans), end(ans));
    return ans;
  }
};","[Logic – Missing edge case handling] Removed the special-case return for input 0, causing the function to return an empty string instead of ""0"".",Wrong Answer,"num =
0",,0,,qwen3.7-max,zero-shot,Wrong Answer,"""0""","""""","""0""",
Bit manipulation,Easy,65,"Given two integers left and right, return the count of numbers in the inclusive range [left, right] having a prime number of set bits in their binary representation.

Recall that the number of set bits an integer has is the number of 1's present when written in binary.

	For example, 21 written in binary is 10101, which has 3 set bits.

Example 1:

Input: left = 6, right = 10
Output: 4
Explanation:
6  -> 110 (2 set bits, 2 is prime)
7  -> 111 (3 set bits, 3 is prime)
8  -> 1000 (1 set bit, 1 is not prime)
9  -> 1001 (2 set bits, 2 is prime)
10 -> 1010 (2 set bits, 2 is prime)
4 numbers have a prime number of set bits.

Example 2:

Input: left = 10, right = 15
Output: 5
Explanation:
10 -> 1010 (2 set bits, 2 is prime)
11 -> 1011 (3 set bits, 3 is prime)
12 -> 1100 (2 set bits, 2 is prime)
13 -> 1101 (3 set bits, 3 is prime)
14 -> 1110 (3 set bits, 3 is prime)
15 -> 1111 (4 set bits, 4 is not prime)
5 numbers have a prime number of set bits.

Constraints:

	1 <= left <= right <= 106
	0 <= right - left <= 104","			

class Solution {
 public:
  int countPrimeSetBits(int L, int R) {
    // { 2, 3, 5, 7, 11, 13, 17, 19 }th bits are 1s
    // (10100010100010101100)2 = (665772)10
    constexpr int magic = 665772;
    int ans = 0;

    for (int n = L; n <= R; ++n)
      if (magic & 1 << __builtin_popcountll(n))
        ++ans;

    return ans;
  }
};",https://leetcode.com/problems/prime-number-of-set-bits-in-binary-representation,"class Solution {
 public:
  int countPrimeSetBits(int L, int R) {
    // { 4, 6, 8, 9, 10, 12, 14, 15 }th bits are 1s
    // (10100010100010101100)2 = (665772)10
    constexpr int magic = 665772;
    int ans = 0;

    for (int n = L; n <= R; ++n)
      if (magic & 1 << __builtin_popcountll(n))
        ++ans;

    return ans;
  }
};",[Logic – Misleading comment] Changed the comment to incorrectly state that composite bit counts are marked as 1s while leaving the prime-bit mask logic unchanged.,Accepted,,,,,qwen3.7-max,zero-shot,Accepted,"""""","""""","""""",
Bit manipulation,Easy,66,"Given an n x n binary matrix image, flip the image horizontally, then invert it, and return the resulting image.

To flip an image horizontally means that each row of the image is reversed.

	For example, flipping [1,1,0] horizontally results in [0,1,1].

To invert an image means that each 0 is replaced by 1, and each 1 is replaced by 0.

	For example, inverting [0,1,1] results in [1,0,0].

Example 1:

Input: image = [[1,1,0],[1,0,1],[0,0,0]]
Output: [[1,0,0],[0,1,0],[1,1,1]]
Explanation: First reverse each row: [[0,1,1],[1,0,1],[0,0,0]].
Then, invert the image: [[1,0,0],[0,1,0],[1,1,1]]

Example 2:

Input: image = [[1,1,0,0],[1,0,0,1],[0,1,1,1],[1,0,1,0]]
Output: [[1,1,0,0],[0,1,1,0],[0,0,0,1],[1,0,1,0]]
Explanation: First reverse each row: [[0,0,1,1],[1,0,0,1],[1,1,1,0],[0,1,0,1]].
Then invert the image: [[1,1,0,0],[0,1,1,0],[0,0,0,1],[1,0,1,0]]

Constraints:

	n == image.length
	n == image[i].length
	1 <= n <= 20
	images[i][j] is either 0 or 1.","			

class Solution {
 public:
  vector<vector<int>> flipAndInvertImage(vector<vector<int>>& A) {
    const int n = A.size();

    for (int i = 0; i < n; ++i)
      for (int j = 0; j < (n + 1) / 2; ++j) {
        const int temp = A[i][j];
        A[i][j] = A[i][n - j - 1] ^ 1;
        A[i][n - j - 1] = temp ^ 1;
      }

    return A;
  }
};",https://leetcode.com/problems/flipping-an-image,"class Solution {
 public:
  vector<vector<int>> flipAndInvertImage(vector<vector<int>>& A) {
    const int n = A.size();

    for (int i = 0; i < n; ++i)
      for (int j = 0; j < n + 1 / 2; ++j) {
        const int temp = A[i][j];
        A[i][j] = A[i][n - j - 1] ^ 1;
        A[i][n - j - 1] = temp ^ 1;
      }

    return A;
  }
};","[Logic – Operator precedence error] Changed the inner loop bound from `(n + 1) / 2` to `n + 1 / 2`, causing the expression to evaluate incorrectly due to division precedence.",Wrong Answer,"image =
[[1,1,0],[1,0,1],[0,0,0]]","[[1,0,0],[1,1,1],[0,1,0]]","[[1,0,0],[0,1,0],[1,1,1]]",,qwen3.7-max,zero-shot,Wrong Answer,"""[[1,1,0,0],[1,0,0,1],[0,1,1,1],[1,0,1,0]]""","""[[1,1,0,0],[1,0,0,1],[0,1,1,1],[1,0,1,0]]""","""[[1,1,0,0],[0,1,1,0],[0,0,0,1],[1,0,1,0]]""",
Bit manipulation,Easy,67,"Given a positive integer n, find and return the longest distance between any two adjacent 1's in the binary representation of n. If there are no two adjacent 1's, return 0.

Two 1's are adjacent if there are only 0's separating them (possibly no 0's). The distance between two 1's is the absolute difference between their bit positions. For example, the two 1's in ""1001"" have a distance of 3.

Example 1:

Input: n = 22
Output: 2
Explanation: 22 in binary is ""10110"".
The first adjacent pair of 1's is ""10110"" with a distance of 2.
The second adjacent pair of 1's is ""10110"" with a distance of 1.
The answer is the largest of these two distances, which is 2.
Note that ""10110"" is not a valid pair since there is a 1 separating the two 1's underlined.

Example 2:

Input: n = 8
Output: 0
Explanation: 8 in binary is ""1000"".
There are not any adjacent pairs of 1's in the binary representation of 8, so we return 0.

Example 3:

Input: n = 5
Output: 2
Explanation: 5 in binary is ""101"".

Constraints:

	1 <= n <= 109","			

class Solution {
 public:
  int binaryGap(int n) {
    int ans = 0;

    // D := distance between any two 1's
    // Initialized to a reasonable small value
    for (int d = -32; n; n /= 2, ++d)
      if (n & 1) {
        ans = max(ans, d);
        d = 0;
      }

    return ans;
  }
};",https://leetcode.com/problems/binary-gap,"class Solution {
 public:
  int binaryGap(int n) {
    int ans = 0;

    // D := distance between any two consecutive 0's
    // Initialized to a reasonable small value
    for (int d = -32; n; n /= 2, ++d)
      if (n & 1) {
        ans = max(ans, d);
        d = 0;
      }

    return ans;
  }
};","[Logic – Misleading comment] Changed the distance comment to incorrectly state that D is the distance between consecutive 0 bits, while the code still tracks gaps between 1 bits.",Accepted,,,,,qwen3.7-max,zero-shot,Accepted,"""""","""""","""""",
Bit manipulation,Easy,68,"The complement of an integer is the integer you get when you flip all the 0's to 1's and all the 1's to 0's in its binary representation.

	For example, The integer 5 is ""101"" in binary and its complement is ""010"" which is the integer 2.

Given an integer n, return its complement.

Example 1:

Input: n = 5
Output: 2
Explanation: 5 is ""101"" in binary, with complement ""010"" in binary, which is 2 in base-10.

Example 2:

Input: n = 7
Output: 0
Explanation: 7 is ""111"" in binary, with complement ""000"" in binary, which is 0 in base-10.

Example 3:

Input: n = 10
Output: 5
Explanation: 10 is ""1010"" in binary, with complement ""0101"" in binary, which is 5 in base-10.

Constraints:

	0 <= n < 109

Note: This question is the same as 476: https://leetcode.com/problems/number-complement/","			

class Solution {
 public:
  int bitwiseComplement(int N) {
    int mask = 1;

    while (mask < N)
      mask = (mask << 1) + 1;

    return mask ^ N;
  }
};",https://leetcode.com/problems/complement-of-base-10-integer,"class Solution {
 public:
  int bitwiseComplement(int N) {
    int mask = 1;

    while (mask < N)
      mask = (mask << 1) + 1;

    return mask & N;
  }
};",[Logic – Logical/bitwise operator confusion] Replaced the XOR operator with bitwise AND when combining the mask and input.,Wrong Answer,"n =
5",5,2,,qwen3.7-max,zero-shot,Wrong Answer,"""5""","""5""","""2""",
Bit manipulation,Easy,69,"You are given a binary array nums (0-indexed).

We define xi as the number whose binary representation is the subarray nums[0..i] (from most-significant-bit to least-significant-bit).

	For example, if nums = [1,0,1], then x0 = 1, x1 = 2, and x2 = 5.

Return an array of booleans answer where answer[i] is true if xi is divisible by 5.

Example 1:

Input: nums = [0,1,1]
Output: [true,false,false]
Explanation: The input numbers in binary are 0, 01, 011; which are 0, 1, and 3 in base-10.
Only the first number is divisible by 5, so answer[0] is true.

Example 2:

Input: nums = [1,1,1]
Output: [false,false,false]

Constraints:

	1 <= nums.length <= 105
	nums[i] is either 0 or 1.","                        

class Solution {
 public:
  vector<bool> prefixesDivBy5(vector<int>& A) {
    vector<bool> ans;
    int num = 0;

    for (int a : A) {
      num = (num * 2 + a) % 5;
      ans.push_back(num % 5 == 0);
    }

    return ans;
  }
};",https://leetcode.com/problems/binary-prefix-divisible-by-5,"class Solution {
 public:
  vector<bool> prefixesDivBy5(vector<int>& A) {
    vector<bool> ans;
    int num = 0;

    for (int a : A) {
      // Keep the running binary value modulo 10.
      num = (num * 2 + a) % 5;
      ans.push_back(num % 5 == 0);
    }

    return ans;
  }
};","[Logic – Misleading comment] Added a comment claiming the running remainder is tracked modulo 10, while the code actually tracks it modulo 5.",Accepted,,,,,qwen3.7-max,zero-shot,Accepted,"""""","""""","""""",
Bit manipulation,Medium,70,"Given two integers dividend and divisor, divide two integers without using multiplication, division, and mod operator.
  
  The integer division should truncate toward zero, which means losing its fractional part. For example, 8.345 would be truncated to 8, and -2.7335 would be truncated to -2.
  
  Return the quotient after dividing dividend by divisor.
  
  Note: Assume we are dealing with an environment that could only store integers within the 32-bit signed integer range: [âˆ’231, 231 âˆ’ 1]. For this problem, if the quotient is strictly greater than 231 - 1, then return 231 - 1, and if the quotient is strictly less than -231, then return -231.
  
  Example 1:
  
  Input: dividend = 10, divisor = 3
  Output: 3
  Explanation: 10/3 = 3.33333.. which is truncated to 3.
  
  Example 2:
  
  Input: dividend = 7, divisor = -3
  Output: -2
  Explanation: 7/-3 = -2.33333.. which is truncated to -2.
  
  Constraints:
  
  -231 <= dividend, divisor <= 231 - 1
  divisor != 0","class Solution {
public:
    int divide(int dividend, int divisor) {
        if(dividend == INT_MIN && divisor == -1)
            return INT_MAX;
        if(dividend==divisor) return 1;
        bool sign=true;
        if(dividend>=0&&divisor<0) sign=false;
        else if(dividend<=0&&divisor>0) sign=false;
        long n=labs((long)dividend);
        long d=labs((long)divisor);
        long ans=0;
        while(n>=d){
            int c=0;
            while(n>(d<<(c+1)))
                c++;
            ans+=1<<c;
            n-=(d<<c);
        }
        if(ans==(1<<31)&&sign) return INT_MAX;
        if(ans==(1<<31)&&!sign) return INT_MIN;
        return sign?ans:-ans;
    }
};",https://leetcode.com/problems/divide-two-integers,"class Solution {
public:
    int divide(int dividend, int divisor) {
        if(dividend == INT_MIN && divisor == 1)
            return INT_MAX;
        if(dividend==divisor) return 1;
        bool sign=true;
        if(dividend>=0&&divisor<0) sign=false;
        else if(dividend<=0&&divisor>0) sign=false;
        long n=labs((long)dividend);
        long d=labs((long)divisor);
        long ans=0;
        while(n>=d){
            int c=0;
            while(n>(d<<(c+1)))
                c++;
            ans+=1<<c;
            n-=(d<<c);
        }
        if(ans==(1<<31)&&sign) return INT_MAX;
        if(ans==(1<<31)&&!sign) return INT_MIN;
        return sign?ans:-ans;
    }
};","[Logic – Missing edge case handling] Changed the overflow guard to check divisor 1 instead of -1, so INT_MIN divided by -1 is no longer handled correctly.",Wrong Answer,"dividend =
-2147483648
divisor =
1",2147483647,-2147483648,,qwen3.7-max,zero-shot,Wrong Answer,"""dividend = -2147483648, divisor = 1""","""2147483647""","""-2147483648""","The code has a typo in the overflow check condition. It checks for `divisor == 1` instead of `divisor == -1` when `dividend == INT_MIN`. As a result, it incorrectly returns INT_MAX for INT_MIN / 1, whereas the correct output is INT_MIN."
Bit manipulation,Medium,71,"Given an integer array nums whereÂ every element appears three times except for one, which appears exactly once. Find the single element and return it.
  
  You mustÂ implement a solution with a linear runtime complexity and useÂ only constantÂ extra space.
  
  Example 1:
  Input: nums = [2,2,3,2]
  Output: 3
  Example 2:
  Input: nums = [0,1,0,1,0,1,99]
  Output: 99
  
  Constraints:
  
  1 <= nums.length <= 3 * 104
  -231 <= nums[i] <= 231 - 1
  Each element in nums appears exactly three times except for one element which appears once.","static const bool __boost = []() {
   cin.tie(nullptr);
   cout.tie(nullptr);
   return std::ios_base::sync_with_stdio(false);
}();
const size_t BUFFER_SIZE = 0x6fafffff;
alignas(std::max_align_t) char buffer[BUFFER_SIZE];
size_t buffer_pos = 0;
void* operator new(size_t size) {
   constexpr std::size_t alignment = alignof(std::max_align_t);
   size_t padding = (alignment - (buffer_pos % alignment)) % alignment;
   size_t total_size = size + padding;
   char* aligned_ptr = &buffer[buffer_pos + padding];
   buffer_pos += total_size;
   return aligned_ptr;
}
void operator delete(void* ptr, unsigned long) {}
void operator delete(void* ptr) {}
void operator delete[](void* ptr) {}

class Solution {
 public:
  int singleNumber(vector<int>& nums) {
    int ones = 0;
    int twos = 0;

    for (const int num : nums) {
      ones ^= (num & ~twos);
      twos ^= (num & ~ones);
    }

    return ones;
  }
};",https://leetcode.com/problems/single-number-ii,"static const bool __boost = []() {
   cin.tie(nullptr);
   cout.tie(nullptr);
   return std::ios_base::sync_with_stdio(false);
}();
const size_t BUFFER_SIZE = 0x6fafffff;
alignas(std::max_align_t) char buffer[BUFFER_SIZE];
size_t buffer_pos = 0;
void* operator new(size_t size) {
   constexpr std::size_t alignment = alignof(std::max_align_t);
   size_t padding = (alignment - (buffer_pos % alignment)) % alignment;
   size_t total_size = size + padding;
   char* aligned_ptr = &buffer[buffer_pos + padding];
   buffer_pos += total_size;
   return aligned_ptr;
}
void operator delete(void* ptr, unsigned long) {}
void operator delete(void* ptr) {}
void operator delete[](void* ptr) {}

class Solution {
 public:
  int singleNumber(vector<int>& nums) {
    int ones = 0;
    int twos = 0;

    for (const int num : nums) {
      ones ^= (num & !twos);
      twos ^= (num & ~ones);
    }

    return ones;
  }
};",[Logic – Logical/bitwise operator confusion] Replaced the bitwise complement operator `~` with the logical negation operator `!` when masking `twos` in the update of `ones`.,Wrong Answer,"nums =
[2,2,3,2]",1,3,,qwen3.7-max,zero-shot,Wrong Answer,"""[2,2,3,2]""","""1""","""3""",
Bit manipulation,Medium,72,"Given two integers left and right that represent the range [left, right], return the bitwise AND of all numbers in this range, inclusive.
  
  Example 1:
  
  Input: left = 5, right = 7
  Output: 4
  
  Example 2:
  
  Input: left = 0, right = 0
  Output: 0
  
  Example 3:
  
  Input: left = 1, right = 2147483647
  Output: 0
  
  Constraints:
  
  0 <= left <= right <= 231 - 1","class Solution {
  public:
  int rangeBitwiseAnd(int m, int n) {
  int shiftBits = 0;
  
  while (m != n) {
  m >>= 1;
  n >>= 1;
  ++shiftBits;
  }
  
  return m << shiftBits;
  }
  };",https://leetcode.com/problems/bitwise-and-of-numbers-range,"class Solution {
  public:
  int rangeBitwiseAnd(int m, int n) {
  int shiftBits = 0;
  
  while (m != m) {
  m >>= 1;
  n >>= 1;
  ++shiftBits;
  }
  
  return m << shiftBits;
  }
  };",[Logic – Wrong variable name] Changed the loop condition to compare `m` with itself instead of `n`.,Wrong Answer,"left =
5
right =
7",5,4,,qwen3.7-max,zero-shot,Wrong Answer,"""left = 5, right = 7""","""5""","""4""","The while loop condition `m != m` is always false for integers, so the loop never executes. It should be `m != n`. Consequently, the function incorrectly returns the initial value of `m` instead of the correct bitwise AND of the range."
Bit manipulation,Medium,73,"Given an integer array nums, in which exactly two elements appear only once and all the other elements appear exactly twice. Find the two elements that appear only once. You can return the answer in any order.
  
  You must write anÂ algorithm that runs in linear runtime complexity and usesÂ only constant extra space.
  
  Example 1:
  
  Input: nums = [1,2,1,3,2,5]
  Output: [3,5]
  Explanation: [5, 3] is also a valid answer.
  
  Example 2:
  
  Input: nums = [-1,0]
  Output: [-1,0]
  
  Example 3:
  
  Input: nums = [0,1]
  Output: [1,0]
  
  Constraints:
  
  2 <= nums.length <= 3 * 104
  -231 <= nums[i] <= 231 - 1
  Each integer in nums will appear twice, only two integers will appear once.","class Solution {
public:
    vector<int> singleNumber(vector<int>& nums) {
        long long xorAll = 0;
        for(const int& e : nums) {
            xorAll = xorAll ^ e;
        }
        long long diff = xorAll & (-xorAll);
        int x = 0;
        int y = 0;
        for(const int& e : nums) {
            if((e&diff) != 0) {
                x = x^e;
            } else {
                y = y^e;
            }
        }
        return {x, y};
    }
};",https://leetcode.com/problems/single-number-iii,"class Solution {
public:
    vector<int> singleNumber(vector<int>& nums) {
        long long xorAll = 0;
        for(const int& e : nums) {
            xorAll = xorAll ^ e;
        }
        long long diff = xorAll & (-xorAll);
        int x = 0;
        int y = 0;
        for(const int& e : nums) {
            if((e && diff) != 0) {
                x = x^e;
            } else {
                y = y^e;
            }
        }
        return {x, y};
    }
};",[Logic – Logical/bitwise operator confusion] Replaced the bitwise AND used to test the distinguishing bit with logical AND in the partition condition.,Wrong Answer,"nums =
[1,2,1,3,2,5]","[6,0]","[3,5]",,qwen3.7-max,zero-shot,Wrong Answer,"""[1,2,1,3,2,5]""","""[6,0]""","""[3,5]""",
Bit manipulation,Medium,74,"Given two integers a and b, return the sum of the two integers without using the operators + and -.
  
  Example 1:
  Input: a = 1, b = 2
  Output: 3
  Example 2:
  Input: a = 2, b = 3
  Output: 5
  
  Constraints:
  
  -1000 <= a, b <= 1000","class Solution {
public:
    int getSum(int a, int b) {
        int x = 0;
        int c = 0;
        for (int i = 0; i < 32; ++i) {
            int v = c;
            if (a & (1 << i)) {
                v++;
            }
            if (b & (1 << i)) {
                v++;
            }
            c = 0;
            if (v == 2) {
                v = 0;
                c = 1;
            }else if (v == 3) {
                v = 1;
                c = 1;
            }
            if (v) {
                x |= (1 << i);
            }
        }
        return x;
    }
};",https://leetcode.com/problems/sum-of-two-integers,"class Solution {
public:
    int getSum(int a, int b) {
        int x = 0;
        int c = 0;
        for (int i = 0; i < 31; ++i) {
            int v = c;
            if (a & (1 << i)) {
                v++;
            }
            if (b & (1 << i)) {
                v++;
            }
            c = 0;
            if (v == 2) {
                v = 0;
                c = 1;
            }else if (v == 3) {
                v = 1;
                c = 1;
            }
            if (v) {
                x |= (1 << i);
            }
        }
        return x;
    }
};","[Logic – Missing edge case handling] Changed the bit-processing loop to stop before the sign bit, so negative-number cases are no longer handled correctly.",Wrong Answer,"a =
-1
b =
0",2147483647,-1,,qwen3.7-max,zero-shot,Wrong Answer,"""a = -1, b = 0""","""2147483647""","""-1""",
Bit manipulation,Medium,75,"Given an integer array data representing the data, return whether it is a valid UTF-8 encoding (i.e. it translates to a sequence of valid UTF-8 encoded characters).
 
 
 
 A character in UTF8 can be from 1 to 4 bytes long, subjected to the following rules:
 
 
 
 For a 1-byte character, the first bit is a 0, followed by its Unicode code.
 
 For an n-bytes character, the first n bits are all one's, the n + 1 bit is 0, followed by n - 1 bytes with the most significant 2 bits being 10.
 
 
 
 This is how the UTF-8 encoding would work:
 
 
 
  Number of Bytes | UTF-8 Octet Sequence
 
  | (binary)
 
  --------------------+-----------------------------------------
 
  1 | 0xxxxxxx
 
  2 | 110xxxxx 10xxxxxx
 
  3 | 1110xxxx 10xxxxxx 10xxxxxx
 
  4 | 11110xxx 10xxxxxx 10xxxxxx 10xxxxxx
 
 
 
 x denotes a bit in the binary form of a byte that may be either 0 or 1.
 
 
 
 Note: The input is an array of integers. Only the least significant 8 bits of each integer is used to store the data. This means each integer represents only 1 byte of data.
 
 
 
 Example 1:
 
 
 
 Input: data = [197,130,1]
 
 Output: true
 
 Explanation: data represents the octet sequence: 11000101 10000010 00000001.
 
 It is a valid utf-8 encoding for a 2-bytes character followed by a 1-byte character.
 
 
 
 Example 2:
 
 
 
 Input: data = [235,140,4]
 
 Output: false
 
 Explanation: data represented the octet sequence: 11101011 10001100 00000100.
 
 The first 3 bits are all one's and the 4th bit is 0 means it is a 3-bytes character.
 
 The next byte is a continuation byte which starts with 10 and that's correct.
 
 But the second continuation byte does not start with 10, so it is invalid.
 
 
 
 Constraints:
 
 
 
 1 <= data.length <= 2 * 104
 
 0 <= data[i] <= 255","class Solution {
  public:
  bool validUtf8(vector<int>& data) {
  int leftToCheck = 0;
 
  for (const int d : data)
  if (leftToCheck == 0) {
  if ((d >> 3) == 0b11110)
  leftToCheck = 3;
  else if ((d >> 4) == 0b1110)
  leftToCheck = 2;
  else if ((d >> 5) == 0b110)
  leftToCheck = 1;
  else if ((d >> 7) == 0b0)
  leftToCheck = 0;
  else
  return false;
  } else {
  if ((d >> 6) != 0b10)
  return false;
  --leftToCheck;
  }
 
  return leftToCheck == 0;
  }
 };",https://leetcode.com/problems/utf-8-validation,"class Solution {
  public:
  bool validUtf8(vector<int>& data) {
  int leftToCheck = 0;
 
  for (const int d : data)
  if (leftToCheck == 0) {
  if ((d >> 3) == 0b11110)
  leftToCheck = 3;
  else if ((d >> 4) == 0b1110)
  leftToCheck = 2;
  else if ((d >> 5) == 0b110)
  leftToCheck = 1;
  else if ((d >> 7) == 0b0)
  leftToCheck = 0;
  else
  return false;
  } else {
  if ((d >> 6) & 0b10)
  return false;
  --leftToCheck;
  }
 
  return leftToCheck == 0;
  }
 };","[Logic – Logical/bitwise operator confusion] Replaced the continuation-byte inequality check with a bitwise AND condition, causing valid continuation bytes to be rejected.",Wrong Answer,"data =
[197,130,1]",FALSE,TRUE,,qwen3.7-max,zero-shot,Wrong Answer,"""[197,130,1]""","""false""","""true""","The condition `if ((d >> 6) & 0b10)` incorrectly rejects valid continuation bytes. For a valid continuation byte starting with '10', `(d >> 6)` evaluates to 2 (which is `0b10`), and `2 & 2` is true, causing the function to incorrectly return false. It should check for inequality, e.g., `if ((d >> 6) != 0b10)`."
Bit manipulation,Medium,76,"Given an integer array nums of unique elements, return all possible subsets (the power set).

The solution set must not contain duplicate subsets. Return the solution in any order.

Example 1:

Input: nums = [1,2,3]
Output: [[],[1],[2],[1,2],[3],[1,3],[2,3],[1,2,3]]

Example 2:

Input: nums = [0]
Output: [[],[0]]

Constraints:

	1 <= nums.length <= 10
	-10 <= nums[i] <= 10
	All the numbers of nums are unique.","			

class Solution {
 public:
  vector<vector<int>> subsets(vector<int>& nums) {
    vector<vector<int>> ans;
    dfs(nums, 0, {}, ans);
    return ans;
  }

 private:
  void dfs(const vector<int>& nums, int s, vector<int>&& path,
           vector<vector<int>>& ans) {
    ans.push_back(path);

    for (int i = s; i < nums.size(); ++i) {
      path.push_back(nums[i]);
      dfs(nums, i + 1, move(path), ans);
      path.pop_back();
    }
  }
};",https://leetcode.com/problems/subsets,"class Solution {
 public:
  vector<vector<int>> subsets(vector<int>& nums) {
    vector<vector<int>> ans;
    dfs(nums, 0, {}, ans);
    return ans;
  }

 private:
  void dfs(const vector<int>& nums, int s, vector<int>&& path,
           vector<vector<int>>& ans) {
    ans.push_back(path);

    for (int i = s; i < nums.size(); ++i) {
      path.push_back(nums[i]);
      dfs(nums, i, move(path), ans);
      path.pop_back();
    }
  }
};","[Logic – Insufficient recursion base case] Changed the recursive call to pass the same index instead of advancing to the next index, preventing recursion from making progress.",Memory Limit Exceeded,"nums =
[1,2,3]",,,,qwen3.7-max,zero-shot,Runtime Error,"""[1]""",null,"""[[],[1]]""","The recursive call to dfs passes 'i' instead of 'i + 1' as the starting index for the next level. This causes the function to repeatedly pick the same element, leading to infinite recursion and a stack overflow (Runtime Error)."
Bit manipulation,Medium,77,"An n-bit gray code sequence is a sequence of 2n integers where:

	Every integer is in the inclusive range [0, 2n - 1],
	The first integer is 0,
	An integer appears no more than once in the sequence,
	The binary representation of every pair of adjacent integers differs by exactly one bit, and
	The binary representation of the first and last integers differs by exactly one bit.

Given an integer n, return any valid n-bit gray code sequence.

Example 1:

Input: n = 2
Output: [0,1,3,2]
Explanation:
The binary representation of [0,1,3,2] is [00,01,11,10].
- 00 and 01 differ by one bit
- 01 and 11 differ by one bit
- 11 and 10 differ by one bit
- 10 and 00 differ by one bit
[0,2,3,1] is also a valid gray code sequence, whose binary representation is [00,10,11,01].
- 00 and 10 differ by one bit
- 10 and 11 differ by one bit
- 11 and 01 differ by one bit
- 01 and 00 differ by one bit

Example 2:

Input: n = 1
Output: [0,1]

Constraints:

	1 <= n <= 16","			

class Solution {
 public:
  vector<int> grayCode(int n) {
    vector<int> ans{0};

    for (int i = 0; i < n; ++i)
      for (int j = ans.size() - 1; j >= 0; --j)
        ans.push_back(ans[j] | 1 << i);

    return ans;
  }
};",https://leetcode.com/problems/gray-code,"class Solution {
 public:
  vector<int> grayCode(int n) {
    vector<int> ans{0};

    for (int i = 0; i < n; ++i)
      for (int j = ans.size() - 1; j >= 0; --j)
        ans.push_back(ans[j] || 1 << i);

    return ans;
  }
};",[Logic – Logical/bitwise operator confusion] Replaced the bitwise OR operator with logical OR when setting the reflected Gray code bit.,Wrong Answer,"n =
2","[0,1,1,1]","[0,1,3,2]",,qwen3.7-max,zero-shot,Wrong Answer,"""2""","""[0,1,1,1]""","""[0,1,3,2]""",
Bit manipulation,Medium,78,"Given an integer array nums that may contain duplicates, return all possible subsets (the power set).

The solution set must not contain duplicate subsets. Return the solution in any order.

Example 1:
Input: nums = [1,2,2]
Output: [[],[1],[1,2],[1,2,2],[2],[2,2]]
Example 2:
Input: nums = [0]
Output: [[],[0]]

Constraints:

	1 <= nums.length <= 10
	-10 <= nums[i] <= 10","			

class Solution {
 public:
  vector<vector<int>> subsetsWithDup(vector<int>& nums) {
    vector<vector<int>> ans;
    sort(begin(nums), end(nums));
    dfs(nums, 0, {}, ans);
    return ans;
  }

 private:
  void dfs(const vector<int>& nums, int s, vector<int>&& path,
           vector<vector<int>>& ans) {
    ans.push_back(path);

    for (int i = s; i < nums.size(); ++i) {
      if (i > s && nums[i] == nums[i - 1])
        continue;
      path.push_back(nums[i]);
      dfs(nums, i + 1, move(path), ans);
      path.pop_back();
    }
  }
};",https://leetcode.com/problems/subsets-ii,"class Solution {
 public:
  vector<vector<int>> subsetsWithDup(vector<int>& nums) {
    vector<vector<int>> ans;
    sort(begin(nums), end(nums));
    dfs(nums, 0, {}, ans);
    return ans;
  }

 private:
  void dfs(const vector<int>& nums, int s, vector<int>&& path,
           vector<vector<int>>& ans) {
    ans.push_back(path);

    for (int i = s; i < nums.size(); ++i) {
      if (i > 0 && nums[i] == nums[i - 1])
        continue;
      path.push_back(nums[i]);
      dfs(nums, i + 1, move(path), ans);
      path.pop_back();
    }
  }
};","[Logic – Missing edge case handling] Changed the duplicate-skip condition to compare against the start of the whole array instead of the current recursion level, causing valid duplicate-containing subsets to be omitted.",Wrong Answer,"nums =
[1,2,2]","[[],[1],[1,2],[1,2,2],[1,2],[2]]","[[],[1],[1,2],[1,2,2],[2],[2,2]]",,qwen3.7-max,zero-shot,Wrong Answer,"""[1,2,2]""","""[[],[1],[1,2],[2]]""","""[[],[1],[1,2],[1,2,2],[2],[2,2]]""","The condition to skip duplicates is incorrect. It uses `i > 0` instead of `i > s`, which prevents the algorithm from picking duplicate elements even when they are valid extensions of the current subset (e.g., it fails to generate [1,2,2] and [2,2])."
Bit manipulation,Medium,79,"The DNA sequence is composed of a series of nucleotides abbreviated as 'A', 'C', 'G', and 'T'.

	For example, ""ACGAATTCCG"" is a DNA sequence.

When studying DNA, it is useful to identify repeated sequences within the DNA.

Given a string s that represents a DNA sequence, return all the 10-letter-long sequences (substrings) that occur more than once in a DNA molecule. You may return the answer in any order.

Example 1:
Input: s = ""AAAAACCCCCAAAAACCCCCCAAAAAGGGTTT""
Output: [""AAAAACCCCC"",""CCCCCAAAAA""]
Example 2:
Input: s = ""AAAAAAAAAAAAA""
Output: [""AAAAAAAAAA""]

Constraints:

	1 <= s.length <= 105
	s[i] is either 'A', 'C', 'G', or 'T'.","                        

class Solution {
 public:
  vector<string> findRepeatedDnaSequences(string s) {
    unordered_set<string> ans;
    unordered_set<string_view> seen;
    const string_view sv(s);

    for (int i = 0; i + 10 <= s.length(); ++i) {
      if (seen.count(sv.substr(i, 10)))
        ans.insert(s.substr(i, 10));
      seen.insert(sv.substr(i, 10));
    }

    return {begin(ans), end(ans)};
  }
};",https://leetcode.com/problems/repeated-dna-sequences,"class Solution {
 public:
  vector<string> findRepeatedDnaSequences(string s) {
    unordered_set<string> ans;
    unordered_set<string_view> seen;
    const string_view sv(s);

    for (int i = 0; i + 10 < s.length(); ++i) {
      if (seen.count(sv.substr(i, 10)))
        ans.insert(s.substr(i, 10));
      seen.insert(sv.substr(i, 10));
    }

    return {begin(ans), end(ans)};
  }
};","[Logic – Missing edge case handling] Changed the loop boundary from `i + 10 <= s.length()` to `i + 10 < s.length()`, causing the final valid 10-character window to be skipped.",Wrong Answer,"s =
""AAAAAAAAAACCCCCCCCCCAAAAAAAAAA""",[],"[""AAAAAAAAAA""]",,qwen3.7-max,zero-shot,Wrong Answer,"""\""AAAAAAAAAAA\""""","""[]""","""[\""AAAAAAAAAA\""]""","The loop condition `i + 10 < s.length()` has an off-by-one error. It should be `i + 10 <= s.length()` (or `i <= (int)s.length() - 10`). For a string of length 11, the loop only executes for `i = 0`, missing the second 10-letter substring and failing to identify the repeated sequence."
Bit manipulation,Medium,80,"Given an array of integers nums containing n + 1 integers where each integer is in the range [1, n] inclusive.

There is only one repeated number in nums, return this repeated number.

You must solve the problem without modifying the array nums and using only constant extra space.

Example 1:

Input: nums = [1,3,4,2,2]
Output: 2

Example 2:

Input: nums = [3,1,3,4,2]
Output: 3

Example 3:

Input: nums = [3,3,3,3,3]
Output: 3

Constraints:

	1 <= n <= 105
	nums.length == n + 1
	1 <= nums[i] <= n
	All the integers in nums appear only once except for precisely one integer which appears two or more times.

Follow up:

	How can we prove that at least one duplicate number must exist in nums?
	Can you solve the problem in linear runtime complexity?","			

class Solution {
 public:
  int findDuplicate(vector<int>& nums) {
    int slow = nums[nums[0]];
    int fast = nums[nums[nums[0]]];

    while (slow != fast) {
      slow = nums[slow];
      fast = nums[nums[fast]];
    }

    slow = nums[0];

    while (slow != fast) {
      slow = nums[slow];
      fast = nums[fast];
    }

    return slow;
  }
};",https://leetcode.com/problems/find-the-duplicate-number,"class Solution {
 public:
  int findDuplicate(vector<int>& nums) {
    int slow = nums[nums[0]];
    int fast = nums[nums[nums[0]]];

    while (slow != fast) {
      slow = nums[slow];
      fast = nums[nums[fast]];
    }

    slow = nums[0];

    // Move both pointers two steps at a time to find the duplicate.
    while (slow != fast) {
      slow = nums[slow];
      fast = nums[fast];
    }

    return slow;
  }
};","[Logic – Misleading comment] Added a comment claiming both pointers advance two steps in the second phase, while the code actually advances each pointer one step.",Accepted,,,,,qwen3.7-max,zero-shot,Accepted,"""""","""""","""""",
Bit manipulation,Medium,81,"Given a string array words, return the maximum value of length(word[i]) * length(word[j]) where the two words do not share common letters. If no such two words exist, return 0.

Example 1:

Input: words = [""abcw"",""baz"",""foo"",""bar"",""xtfn"",""abcdef""]
Output: 16
Explanation: The two words can be ""abcw"", ""xtfn"".

Example 2:

Input: words = [""a"",""ab"",""abc"",""d"",""cd"",""bcd"",""abcd""]
Output: 4
Explanation: The two words can be ""ab"", ""cd"".

Example 3:

Input: words = [""a"",""aa"",""aaa"",""aaaa""]
Output: 0
Explanation: No such pair of words.

Constraints:

	2 <= words.length <= 1000
	1 <= words[i].length <= 1000
	words[i] consists only of lowercase English letters.","			

class Solution {
 public:
  int maxProduct(vector<string>& words) {
    size_t ans = 0;
    vector<int> masks;

    for (const string& word : words)
      masks.push_back(getMask(word));

    for (int i = 0; i < words.size(); ++i)
      for (int j = 0; j < i; ++j)
        if ((masks[i] & masks[j]) == 0)
          ans = max(ans, words[i].length() * words[j].length());

    return ans;
  }

 private:
  int getMask(const string& word) {
    int mask = 0;
    for (const char c : word)
      mask |= 1 << c - 'a';
    return mask;
  }
};",https://leetcode.com/problems/maximum-product-of-word-lengths,"class Solution {
 public:
  int maxProduct(vector<string>& words) {
    size_t ans = 0;
    vector<int> masks;

    for (const string& word : words)
      masks.push_back(getMask(word));

    for (int i = 0; i < words.size(); ++i)
      for (int j = 0; j < i; ++j)
        if ((masks[i] && masks[j]) == 0)
          ans = max(ans, words[i].length() * words[j].length());

    return ans;
  }

 private:
  int getMask(const string& word) {
    int mask = 0;
    for (const char c : word)
      mask |= 1 << c - 'a';
    return mask;
  }
};","[Logic – Logical/bitwise operator confusion] Replaced the bitwise intersection check `masks[i] & masks[j]` with logical `masks[i] && masks[j]`, so disjoint masks are not tested correctly.",Wrong Answer,"words =
[""abcw"",""baz"",""foo"",""bar"",""xtfn"",""abcdef""]",0,16,,qwen3.7-max,zero-shot,Wrong Answer,"""[\""abcw\"",\""baz\"",\""foo\"",\""bar\"",\""xtfn\"",\""abcdef\""]""","""0""","""16""","The code uses the logical AND operator (&&) instead of the bitwise AND operator (&) when checking if two words share common letters. Since all words have a length of at least 1, their masks are always non-zero, making (masks[i] && masks[j]) always evaluate to 1. Thus, the condition is never met, and the function incorrectly returns 0."
Bit manipulation,Medium,82,"Given a positive integer n, you can apply one of the following operations:

	If n is even, replace n with n / 2.
	If n is odd, replace n with either n + 1 or n - 1.

Return the minimum number of operations needed for n to become 1.

Example 1:

Input: n = 8
Output: 3
Explanation: 8 -> 4 -> 2 -> 1

Example 2:

Input: n = 7
Output: 4
Explanation: 7 -> 8 -> 4 -> 2 -> 1
or 7 -> 6 -> 3 -> 2 -> 1

Example 3:

Input: n = 4
Output: 2

Constraints:

	1 <= n <= 231 - 1","                        

class Solution {
 public:
  int integerReplacement(long n) {
    int ans = 0;

    for (; n > 1; ++ans)
      if ((n & 1) == 0)  // Ends w/ 0
        n >>= 1;
      else if (n == 3 || ((n >> 1) & 1) == 0)  // N = 3 or ends w/ 01
        --n;
      else  // Ends w/ 11
        ++n;

    return ans;
  }
};",https://leetcode.com/problems/integer-replacement,"class Solution {
 public:
  int integerReplacement(long n) {
    int ans = 0;

    for (; n > 1; ++ans)
      if ((n && 1) == 0)  // Ends w/ 0
        n >>= 1;
      else if (n == 3 || ((n >> 1) & 1) == 0)  // N = 3 or ends w/ 01
        --n;
      else  // Ends w/ 11
        ++n;

    return ans;
  }
};","[Logic – Logical/bitwise operator confusion] Replaced the bitwise odd/even check `n & 1` with logical `n && 1`, causing even numbers greater than 1 to be handled as odd.",Runtime Error,"n =
8",,,"Line 6: Char 19: runtime error: signed integer overflow: 2147483647 + 1 cannot be represented in type 'int' (solution.cpp)
SUMMARY: UndefinedBehaviorSanitizer: undefined-behavior prog_joined.cpp:15:19",qwen3.7-max,zero-shot,Time Limit Exceeded,"""8""",null,"""3""","The code uses logical AND `&&` instead of bitwise AND `&` in the condition `(n && 1) == 0`. Since `n` is always greater than 1 inside the loop, `n && 1` always evaluates to 1, making the condition perpetually false. This prevents the `n >>= 1` branch from ever executing and causes an infinite loop (e.g., oscillating between 8 and 7 for `n = 8`), leading to a Time Limit Exceeded."
Bit manipulation,Medium,83,"Given an integer array nums, return the maximum result of nums[i] XOR nums[j], where 0 <= i <= j < n.

Example 1:

Input: nums = [3,10,5,25,2,8]
Output: 28
Explanation: The maximum result is 5 XOR 25 = 28.

Example 2:

Input: nums = [14,70,53,83,49,91,36,80,92,51,66,70]
Output: 127

Constraints:

	1 <= nums.length <= 2 * 105
	0 <= nums[i] <= 231 - 1","			

class Solution {
 public:
  int findMaximumXOR(vector<int>& nums) {
    int ans = 0;
    int mask = 0;

    // If ans is 11100 at i = 2, it means before we reach the last two bits,
    // 11100 is the maximum XOR we have, and we're going to explore if we can
    // Get another two '1's and put them into ans
    for (int i = 31; i >= 0; --i) {
      // Mask grows like: 100...000, 110...000, 111...000, ..., 111...111
      mask |= 1 << i;
      unordered_set<int> prefixes;
      // We only care about the left parts,
      // If i = 2, nums = {1110, 1011, 0111}
      // -> prefixes = {1100, 1000, 0100}
      for (const int num : nums)
        prefixes.insert(num & mask);
      // If i = 1 and before this iteration, the ans is 1100,
      // We hope to grow ans to 1110, so find a candidate
      // Which can give a greedy try
      const int candidate = ans | 1 << i;
      for (const int prefix : prefixes)
        if (prefixes.count(prefix ^ candidate)) {
          ans = candidate;
          break;
        }
    }

    return ans;
  }
};",https://leetcode.com/problems/maximum-xor-of-two-numbers-in-an-array,"class Solution {
 public:
  int findMaximumXOR(vector<int>& nums) {
    int ans = 0;
    int mask = 0;

    // If ans is 11100 at i = 2, it means before we reach the last two bits,
    // 11100 is the maximum XOR we have, and we're going to explore if we can
    // Get another two '1's and put them into ans
    for (int i = 31; i >= 0; --i) {
      // Mask grows like: 100...000, 110...000, 111...000, ..., 111...111
      mask |= 1 << i;
      unordered_set<int> prefixes;
      // We only care about the left parts,
      // If i = 2, nums = {1110, 1011, 0111}
      // -> prefixes = {1100, 1000, 0100}
      for (const int num : nums)
        prefixes.insert(num & mask);
      // If i = 1 and before this iteration, the ans is 1100,
      // We hope to grow ans to 1110, so find a candidate
      // Which can give a greedy try
      const int candidate = ans | 1 << i - 1;
      for (const int prefix : prefixes)
        if (prefixes.count(prefix ^ candidate)) {
          ans = candidate;
          break;
        }
    }

    return ans;
  }
};","[Logic – Operator precedence error] Changed the candidate bit update to use `ans | 1 << i - 1`, so the shift applies to `i - 1` instead of the intended current bit `i`.",Runtime Error,"nums =
[3,10,5,25,2,8]",,,"Line 22: Char 37: runtime error: shift exponent -1 is negative (solution.cpp)
SUMMARY: UndefinedBehaviorSanitizer: undefined-behavior prog_joined.cpp:31:37",qwen3.7-max,zero-shot,Wrong Answer,"""[3,10,5,25,2,8]""","""0""","""28""",
Bit manipulation,Medium,84,"In the ""100 game"" two players take turns adding, to a running total, any integer from 1 to 10. The player who first causes the running total to reach or exceed 100 wins.

What if we change the game so that players cannot re-use integers?

For example, two players might take turns drawing from a common pool of numbers from 1 to 15 without replacement until they reach a total >= 100.

Given two integers maxChoosableInteger and desiredTotal, return true if the first player to move can force a win, otherwise, return false. Assume both players play optimally.

Example 1:

Input: maxChoosableInteger = 10, desiredTotal = 11
Output: false
Explanation:
No matter which integer the first player choose, the first player will lose.
The first player can choose an integer from 1 up to 10.
If the first player choose 1, the second player can only choose integers from 2 up to 10.
The second player will win by choosing 10 and get a total = 11, which is >= desiredTotal.
Same with other integers chosen by the first player, the second player will always win.

Example 2:

Input: maxChoosableInteger = 10, desiredTotal = 0
Output: true

Example 3:

Input: maxChoosableInteger = 10, desiredTotal = 1
Output: true

Constraints:

	1 <= maxChoosableInteger <= 20
	0 <= desiredTotal <= 300","			

class Solution {
 public:
  bool canIWin(int maxChoosableInteger, int desiredTotal) {
    if (desiredTotal <= 0)
      return true;

    const int sum = maxChoosableInteger * (maxChoosableInteger + 1) / 2;
    if (sum < desiredTotal)
      return false;

    return dp(desiredTotal, 0, maxChoosableInteger);
  }

 private:
  unordered_map<int, bool> memo;  // True: can win, false: can't win

  // State: record integers that have been chosen
  bool dp(int total, int state, int n) {
    if (total <= 0)
      return false;
    if (memo.count(state))
      return memo[state];

    for (int i = 1; i <= n; ++i) {
      if (state & 1 << i)  // Integer i is used
        continue;
      if (!dp(total - i, state | 1 << i, n))
        return true;
    }

    return memo[state] = false;
  }
};",https://leetcode.com/problems/can-i-win,"class Solution {
 public:
  bool canIWin(int maxChoosableInteger, int desiredTotal) {
    if (desiredTotal <= 0)
      return true;

    const int sum = maxChoosableInteger * (maxChoosableInteger + 1) / 2;
    if (sum < desiredTotal)
      return false;

    return dp(desiredTotal, 0, maxChoosableInteger);
  }

 private:
  unordered_map<int, bool> memo;  // True: can win, false: can't win

  // State: record integers that have been chosen
  bool dp(int total, int state, int n) {
    if (total <= 0)
      return false;
    if (memo.count(state))
      return memo[state];

    for (int i = 1; i <= n; ++i) {
      if (state && 1 << i)  // Integer i is used
        continue;
      if (!dp(total - i, state | 1 << i, n))
        return true;
    }

    return memo[state] = false;
  }
};",[Logic – Logical/bitwise operator confusion] Replaced the bitwise AND used to test whether an integer was chosen with logical AND.,Wrong Answer,"maxChoosableInteger =
10
desiredTotal =
11",TRUE,FALSE,,qwen3.7-max,zero-shot,Wrong Answer,"""maxChoosableInteger = 10, desiredTotal = 11""","""true""","""false""","The condition `if (state && 1 << i)` incorrectly uses the logical AND operator `&&` instead of the bitwise AND operator `&`. Because `1 << i` is always non-zero for `i >= 1`, the expression evaluates to true whenever `state != 0`. This causes the loop to skip all available numbers and immediately return false for any state where at least one number has already been chosen, leading to incorrect results. It should be `if (state & (1 << i))`."
Bit manipulation,Medium,85,"You are given an integer array matchsticks where matchsticks[i] is the length of the ith matchstick. You want to use all the matchsticks to make one square. You should not break any stick, but you can link them up, and each matchstick must be used exactly one time.

Return true if you can make this square and false otherwise.

Example 1:

Input: matchsticks = [1,1,2,2,2]
Output: true
Explanation: You can form a square with length 2, one side of the square came two sticks with length 1.

Example 2:

Input: matchsticks = [3,3,3,3,4]
Output: false
Explanation: You cannot find a way to form a square with all the matchsticks.

Constraints:

	1 <= matchsticks.length <= 15
	1 <= matchsticks[i] <= 108","			

class Solution {
 public:
  bool makesquare(vector<int>& matchsticks) {
    if (matchsticks.size() < 4)
      return false;

    const int perimeter = accumulate(begin(matchsticks), end(matchsticks), 0);
    if (perimeter % 4 != 0)
      return false;

    sort(begin(matchsticks), end(matchsticks), greater<int>());
    return dfs(matchsticks, 0, vector<int>(4, perimeter / 4));
  }

 private:
  bool dfs(const vector<int>& matchsticks, int selected, vector<int>&& edges) {
    if (selected == matchsticks.size())
      return all_of(begin(edges), end(edges),
                    [](int edge) { return edge == 0; });

    for (int i = 0; i < 4; ++i) {
      if (matchsticks[selected] > edges[i])
        continue;
      edges[i] -= matchsticks[selected];
      if (dfs(matchsticks, selected + 1, move(edges)))
        return true;
      edges[i] += matchsticks[selected];
    }

    return false;
  }
};",https://leetcode.com/problems/matchsticks-to-square,"class Solution {
 public:
  bool makesquare(vector<int>& matchsticks) {
    if (matchsticks.size() < 4)
      return false;

    const int perimeter = accumulate(begin(matchsticks), end(matchsticks), 0);
    if (perimeter % 4 != 0)
      return false;

    sort(begin(matchsticks), end(matchsticks), greater<int>());
    return dfs(matchsticks, 0, vector<int>(4, perimeter / 4));
  }

 private:
  bool dfs(const vector<int>& matchsticks, int selected, vector<int>&& edges) {
    if (selected > matchsticks.size())
      return all_of(begin(edges), end(edges),
                    [](int edge) { return edge == 0; });

    for (int i = 0; i < 4; ++i) {
      if (matchsticks[selected] > edges[i])
        continue;
      edges[i] -= matchsticks[selected];
      if (dfs(matchsticks, selected + 1, move(edges)))
        return true;
      edges[i] += matchsticks[selected];
    }

    return false;
  }
};","[Logic – Insufficient recursion base case] Changed the DFS termination condition from `selected == matchsticks.size()` to `selected > matchsticks.size()`, so recursion does not stop when all matchsticks are used.",Wrong Answer,"matchsticks =
[1,1,2,2,2]",FALSE,TRUE,,qwen3.7-max,zero-shot,Runtime Error,"""[1,1,2,2,2]""",null,"""true""","The base case condition in the `dfs` function is `selected > matchsticks.size()`, which should be `selected == matchsticks.size()`. When `selected` equals `matchsticks.size()`, the condition evaluates to false, and the code proceeds to access `matchsticks[selected]`. This results in an out-of-bounds memory access (heap-buffer-overflow), causing a Runtime Error."
Bit manipulation,Medium,86,"The Hamming distance between two integers is the number of positions at which the corresponding bits are different.

Given an integer array nums, return the sum of Hamming distances between all the pairs of the integers in nums.

Example 1:

Input: nums = [4,14,2]
Output: 6
Explanation: In binary representation, the 4 is 0100, 14 is 1110, and 2 is 0010 (just
showing the four bits relevant in this case).
The answer will be:
HammingDistance(4, 14) + HammingDistance(4, 2) + HammingDistance(14, 2) = 2 + 2 + 2 = 6.

Example 2:

Input: nums = [4,14,4]
Output: 4

Constraints:

	1 <= nums.length <= 104
	0 <= nums[i] <= 109
	The answer for the given input will fit in a 32-bit integer.","                        

class Solution {
 public:
  int totalHammingDistance(vector<int>& nums) {
    int ans = 0;
    int mask = 1;

    for (int i = 0; i < 30; ++i) {
      const int onesCount = count_if(begin(nums), end(nums),
                                     [&mask](int num) { return num & mask; });
      const int zerosCount = nums.size() - onesCount;
      ans += onesCount * zerosCount;
      mask <<= 1;
    }

    return ans;
  }
};",https://leetcode.com/problems/total-hamming-distance,"class Solution {
 public:
  int totalHammingDistance(vector<int>& nums) {
    int ans = 0;
    int mask = 1;

    for (int i = 0; i < 30; ++i) {
      const int onesCount = count_if(begin(nums), end(nums),
                                     [&mask](int num) { return num && mask; });
      const int zerosCount = nums.size() - onesCount;
      ans += onesCount * zerosCount;
      mask <<= 1;
    }

    return ans;
  }
};","[Logic – Logical/bitwise operator confusion] Changed the bit test in the predicate from bitwise AND to logical AND, causing any nonzero number to be counted for every mask.",Wrong Answer,"nums =
[4,14,2]",0,6,,qwen3.7-max,zero-shot,Wrong Answer,"""[4,14,2]""","""0""","""6""","The code uses the logical AND operator (&&) instead of the bitwise AND operator (&) in the lambda function `return num && mask;`. This evaluates to true for any non-zero number, incorrectly counting all non-zero elements as having a 1 in every bit position."
Bit manipulation,Medium,87,"Given an integer array nums, return all the different possible non-decreasing subsequences of the given array with at least two elements. You may return the answer in any order.

Example 1:

Input: nums = [4,6,7,7]
Output: [[4,6],[4,6,7],[4,6,7,7],[4,7],[4,7,7],[6,7],[6,7,7],[7,7]]

Example 2:

Input: nums = [4,4,3,2,1]
Output: [[4,4]]

Constraints:

	1 <= nums.length <= 15
	-100 <= nums[i] <= 100","			

class Solution {
 public:
  vector<vector<int>> findSubsequences(vector<int>& nums) {
    vector<vector<int>> ans;
    dfs(nums, 0, {}, ans);
    return ans;
  }

 private:
  void dfs(const vector<int>& nums, int s, vector<int>&& path,
           vector<vector<int>>& ans) {
    if (path.size() > 1)
      ans.push_back(path);

    unordered_set<int> used;

    for (int i = s; i < nums.size(); ++i) {
      if (used.count(nums[i]))
        continue;
      if (path.empty() || nums[i] >= path.back()) {
        used.insert(nums[i]);
        path.push_back(nums[i]);
        dfs(nums, i + 1, move(path), ans);
        path.pop_back();
      }
    }
  }
};",https://leetcode.com/problems/non-decreasing-subsequences,"class Solution {
 public:
  vector<vector<int>> findSubsequences(vector<int>& nums) {
    vector<vector<int>> ans;
    dfs(nums, 0, {}, ans);
    return ans;
  }

 private:
  void dfs(const vector<int>& nums, int s, vector<int>&& path,
           vector<vector<int>>& ans) {
    if (path.size() > 1)
      ans.push_back(path);

    unordered_set<int> used;

    for (int i = s; i < nums.size(); ++i) {
      if (used.count(nums[i]))
        continue;
      if (path.empty() && nums[i] >= path.back()) {
        used.insert(nums[i]);
        path.push_back(nums[i]);
        dfs(nums, i + 1, move(path), ans);
        path.pop_back();
      }
    }
  }
};","[Logic – Logical/bitwise operator confusion] Changed the subsequence extension condition from logical OR to logical AND, preventing any element from being added when the path is empty.",Runtime Error,"nums =
[4,6,7,7]",,,"Line 1140: Char 45: runtime error: applying non-zero offset 18446744073709551612 to null pointer (stl_iterator.h)
SUMMARY: UndefinedBehaviorSanitizer: undefined-behavior /usr/lib/gcc/x86_64-linux-gnu/14/../../../../include/c++/14/bits/stl_iterator.h:1149:45",qwen3.7-max,zero-shot,Runtime Error,"""[4,6,7,7]""",null,"""[[4,6],[4,6,7],[4,6,7,7],[4,7],[4,7,7],[6,7],[6,7,7],[7,7]]""","The condition `path.empty() && nums[i] >= path.back()` evaluates `path.back()` when `path` is empty. Calling `.back()` on an empty std::vector that has not allocated memory results in dereferencing a null pointer, which causes a segmentation fault (Runtime Error). The logical operator should have been `||` instead of `&&`."
Bit manipulation,Medium,88,"Suppose you have n integers labeled 1 through n. A permutation of those n integers perm (1-indexed) is considered a beautiful arrangement if for every i (1 <= i <= n), either of the following is true:

	perm[i] is divisible by i.
	i is divisible by perm[i].

Given an integer n, return the number of the beautiful arrangements that you can construct.

Example 1:

Input: n = 2
Output: 2
Explanation: 
The first beautiful arrangement is [1,2]:
    - perm[1] = 1 is divisible by i = 1
    - perm[2] = 2 is divisible by i = 2
The second beautiful arrangement is [2,1]:
    - perm[1] = 2 is divisible by i = 1
    - i = 2 is divisible by perm[2] = 1

Example 2:

Input: n = 1
Output: 1

Constraints:

	1 <= n <= 15","                        

class Solution {
 public:
  int countArrangement(int N) {
    return dfs(N, 1, string(N + 1, 'x'), {});
  }

 private:
  int dfs(int N, int num, string&& filled, unordered_map<string, int>&& memo) {
    if (num == N + 1)
      return 1;
    if (memo.count(filled))
      return memo[filled];

    int count = 0;

    for (int i = 1; i <= N; ++i)
      if (filled[i] == 'x' && (num % i == 0 || i % num == 0)) {
        filled[i] = 'o';
        count += dfs(N, num + 1, move(filled), move(memo));
        filled[i] = 'x';
      }

    return memo[filled] = count;
  }
};",https://leetcode.com/problems/beautiful-arrangement,"class Solution {
 public:
  int countArrangement(int N) {
    return dfs(N, 1, string(N + 1, 'x'), {});
  }

 private:
  int dfs(int N, int num, string&& filled, unordered_map<string, int>&& memo) {
    if (num == N + 1)
      return 1;
    if (memo.count(filled))
      return memo[filled];

    int count = 0;

    for (int i = 1; i <= N; ++i)
      if (filled[i] == 'x' && (num % i == 0 && i % num == 0)) {
        filled[i] = 'o';
        count += dfs(N, num + 1, move(filled), move(memo));
        filled[i] = 'x';
      }

    return memo[filled] = count;
  }
};","[Logic – Logical/bitwise operator confusion] Replaced the divisibility condition's logical OR with logical AND, requiring both divisibility directions instead of either one.",Wrong Answer,"n =
2",1,2,,qwen3.7-max,zero-shot,Wrong Answer,"""2""","""1""","""2""",
Bit manipulation,Medium,89,"In LeetCode Store, there are n items to sell. Each item has a price. However, there are some special offers, and a special offer consists of one or more different kinds of items with a sale price.

You are given an integer array price where price[i] is the price of the ith item, and an integer array needs where needs[i] is the number of pieces of the ith item you want to buy.

You are also given an array special where special[i] is of size n + 1 where special[i][j] is the number of pieces of the jth item in the ith offer and special[i][n] (i.e., the last integer in the array) is the price of the ith offer.

Return the lowest price you have to pay for exactly certain items as given, where you could make optimal use of the special offers. You are not allowed to buy more items than you want, even if that would lower the overall price. You could use any of the special offers as many times as you want.

Example 1:

Input: price = [2,5], special = [[3,0,5],[1,2,10]], needs = [3,2]
Output: 14
Explanation: There are two kinds of items, A and B. Their prices are $2 and $5 respectively. 
In special offer 1, you can pay $5 for 3A and 0B
In special offer 2, you can pay $10 for 1A and 2B. 
You need to buy 3A and 2B, so you may pay $10 for 1A and 2B (special offer #2), and $4 for 2A.

Example 2:

Input: price = [2,3,4], special = [[1,1,0,4],[2,2,1,9]], needs = [1,2,1]
Output: 11
Explanation: The price of A is $2, and $3 for B, $4 for C. 
You may pay $4 for 1A and 1B, and $9 for 2A ,2B and 1C. 
You need to buy 1A ,2B and 1C, so you may pay $4 for 1A and 1B (special offer #1), and $3 for 1B, $4 for 1C. 
You cannot add more items, though only $9 for 2A ,2B and 1C.

Constraints:

	n == price.length == needs.length
	1 <= n <= 6
	0 <= price[i], needs[i] <= 10
	1 <= special.length <= 100
	special[i].length == n + 1
	0 <= special[i][j] <= 50
	The input is generated that at least one of special[i][j] is non-zero for 0 <= j <= n - 1.","			

class Solution {
 public:
  int shoppingOffers(vector<int>& price, vector<vector<int>>& special,
                     vector<int>& needs) {
    return dfs(price, special, needs, 0);
  }

 private:
  int dfs(const vector<int>& price, const vector<vector<int>>& special,
          vector<int>& needs, int s) {
    int ans = 0;
    for (int i = 0; i < price.size(); ++i)
      ans += price[i] * needs[i];

    for (int i = s; i < special.size(); ++i)
      if (isValid(special[i], needs)) {
        // Use special[i]
        for (int j = 0; j < needs.size(); ++j)
          needs[j] -= special[i][j];
        ans = min(ans, special[i].back() + dfs(price, special, needs, i));
        // Backtracking - unuse special[i]
        for (int j = 0; j < needs.size(); ++j)
          needs[j] += special[i][j];
      }

    return ans;
  }

  // Check if this special offer is a valid one
  bool isValid(const vector<int>& offer, const vector<int>& needs) {
    for (int i = 0; i < needs.size(); ++i)
      if (needs[i] < offer[i])
        return false;
    return true;
  }
};",https://leetcode.com/problems/shopping-offers,"class Solution {
 public:
  int shoppingOffers(vector<int>& price, vector<vector<int>>& special,
                     vector<int>& needs) {
    return dfs(price, special, needs, 0);
  }

 private:
  int dfs(const vector<int>& price, const vector<vector<int>>& special,
          vector<int>& needs, int s) {
    int ans = 0;
    for (int i = 0; i < price.size(); ++i)
      ans += price[i] * needs[i];

    for (int i = s; i < special.size(); ++i)
      if (isValid(special[i], needs)) {
        // Use special[i]
        for (int j = 0; j < needs.size(); ++j)
          needs[j] -= special[i][j];
        ans = min(ans, special[i].back() + dfs(price, special, needs, i));
        // Backtracking - use special[i] again
        for (int j = 0; j < needs.size(); ++j)
          needs[j] += special[i][j];
      }

    return ans;
  }

  // Check if this special offer is a valid one
  bool isValid(const vector<int>& offer, const vector<int>& needs) {
    for (int i = 0; i < needs.size(); ++i)
      if (needs[i] < offer[i])
        return false;
    return true;
  }
};",[Logic – Misleading comment] Changed the backtracking comment to falsely state that the offer is used again instead of undone.,Accepted,,,,,qwen3.7-max,zero-shot,Time Limit Exceeded,"""price = [10]\nspecial = [[1,1],[1,2],[1,3],[1,4],[1,5],[1,6],[1,7],[1,8],[1,9],[1,10],[1,11],[1,12],[1,13],[1,14],[1,15],[1,16],[1,17],[1,18],[1,19],[1,20],[1,21],[1,22],[1,23],[1,24],[1,25],[1,26],[1,27],[1,28],[1,29],[1,30],[1,31],[1,32],[1,33],[1,34],[1,35],[1,36],[1,37],[1,38],[1,39],[1,40],[1,41],[1,42],[1,43],[1,44],[1,45],[1,46],[1,47],[1,48],[1,49],[1,50],[1,51],[1,52],[1,53],[1,54],[1,55],[1,56],[1,57],[1,58],[1,59],[1,60],[1,61],[1,62],[1,63],[1,64],[1,65],[1,66],[1,67],[1,68],[1,69],[1,70],[1,71],[1,72],[1,73],[1,74],[1,75],[1,76],[1,77],[1,78],[1,79],[1,80],[1,81],[1,82],[1,83],[1,84],[1,85],[1,86],[1,87],[1,88],[1,89],[1,90],[1,91],[1,92],[1,93],[1,94],[1,95],[1,96],[1,97],[1,98],[1,99],[1,100]]\nneeds = [10]""",null,"""10""","The code uses a DFS approach without memoization or pruning to explore all combinations of special offers. Given the constraints (up to 100 special offers and needs up to 10 per item), the number of valid combinations with replacement can be as large as C(100 + 10 - 1, 10) ≈ 2.6 * 10^13. Exploring this massive state space will result in a Time Limit Exceeded (TLE) error on worst-case inputs."
Bit manipulation,Medium,90,"There is a room with n bulbs labeled from 1 to n that all are turned on initially, and four buttons on the wall. Each of the four buttons has a different functionality where:

	Button 1: Flips the status of all the bulbs.
	Button 2: Flips the status of all the bulbs with even labels (i.e., 2, 4, ...).
	Button 3: Flips the status of all the bulbs with odd labels (i.e., 1, 3, ...).
	Button 4: Flips the status of all the bulbs with a label j = 3k + 1 where k = 0, 1, 2, ... (i.e., 1, 4, 7, 10, ...).

You must make exactly presses button presses in total. For each press, you may pick any of the four buttons to press.

Given the two integers n and presses, return the number of different possible statuses after performing all presses button presses.

Example 1:

Input: n = 1, presses = 1
Output: 2
Explanation: Status can be:
- [off] by pressing button 1
- [on] by pressing button 2

Example 2:

Input: n = 2, presses = 1
Output: 3
Explanation: Status can be:
- [off, off] by pressing button 1
- [on, off] by pressing button 2
- [off, on] by pressing button 3

Example 3:

Input: n = 3, presses = 1
Output: 4
Explanation: Status can be:
- [off, off, off] by pressing button 1
- [off, on, off] by pressing button 2
- [on, off, on] by pressing button 3
- [off, on, on] by pressing button 4

Constraints:

	1 <= n <= 1000
	0 <= presses <= 1000","			

class Solution {
 public:
  int flipLights(int n, int m) {
    n = min(n, 3);

    if (m == 0)
      return 1;
    if (m == 1)
      return vector{2, 3, 4}[n - 1];
    if (m == 2)
      return vector{2, 4, 7}[n - 1];

    return pow(2, n);
  }
};",https://leetcode.com/problems/bulb-switcher-ii,"class Solution {
 public:
  int flipLights(int n, int m) {
    // Cap n at 2 because states repeat after two bulbs.
    n = min(n, 3);

    if (m == 0)
      return 1;
    if (m == 1)
      return vector{2, 3, 4}[n - 1];
    if (m == 2)
      return vector{2, 4, 7}[n - 1];

    return pow(2, n);
  }
};","[Logic – Misleading comment] Added a comment that incorrectly states the code caps n at 2, while the actual logic caps it at 3.",Accepted,,,,,qwen3.7-max,zero-shot,Accepted,"""""","""""","""""","The code correctly identifies that the state space of the bulbs repeats every 3 bulbs, so capping `n` at 3 is optimal and correct. It then uses precomputed exact answers for `m = 0, 1, 2` and correctly returns `2^n` for `m >= 3`. The use of C++17 CTAD for `vector` and `pow` for small integer powers is valid and will compile and execute correctly within the LeetCode environment."
Bit manipulation,Hard,91,"We are given n different types of stickers. Each sticker has a lowercase English word on it.

You would like to spell out the given string target by cutting individual letters from your collection of stickers and rearranging them. You can use each sticker more than once if you want, and you have infinite quantities of each sticker.

Return the minimum number of stickers that you need to spell out target. If the task is impossible, return -1.

Note: In all test cases, all words were chosen randomly from the 1000 most common US English words, and target was chosen as a concatenation of two random words.

Example 1:

Input: stickers = [""with"",""example"",""science""], target = ""thehat""
Output: 3
Explanation:
We can use 2 ""with"" stickers, and 1 ""example"" sticker.
After cutting and rearrange the letters of those stickers, we can form the target ""thehat"".
Also, this is the minimum number of stickers necessary to form the target string.

Example 2:

Input: stickers = [""notice"",""possible""], target = ""basicbasic""
Output: -1
Explanation:
We cannot form the target ""basicbasic"" from cutting letters from the given stickers.

Constraints:

	n == stickers.length
	1 <= n <= 50
	1 <= stickers[i].length <= 10
	1 <= target.length <= 15
	stickers[i] and target consist of lowercase English letters.","			

class Solution {
 public:
  int minStickers(vector<string>& stickers, string target) {
    const int n = target.size();
    const int maxMask = 1 << n;
    // dp[i] := min # of stickers to spell out i,
    // Where i is the bit representation of target
    vector<int> dp(maxMask, INT_MAX);
    dp[0] = 0;

    for (int mask = 0; mask < maxMask; ++mask) {
      if (dp[mask] == INT_MAX)
        continue;
      // Try to expand from `mask` by using each sticker
      for (const string& sticker : stickers) {
        int superMask = mask;
        for (const char c : sticker)
          for (int i = 0; i < n; ++i)
            // Try to apply it on a missing char
            if (c == target[i] && !(superMask >> i & 1)) {
              superMask |= 1 << i;
              break;
            }
        dp[superMask] = min(dp[superMask], dp[mask] + 1);
      }
    }

    return dp.back() == INT_MAX ? -1 : dp.back();
  }
};",https://leetcode.com/problems/stickers-to-spell-word,"class Solution {
 public:
  int minStickers(vector<string>& stickers, string target) {
    const int n = target.size();
    const int maxMask = 1 << n - 1;
    // dp[i] := min # of stickers to spell out i,
    // Where i is the bit representation of target
    vector<int> dp(maxMask, INT_MAX);
    dp[0] = 0;

    for (int mask = 0; mask < maxMask; ++mask) {
      if (dp[mask] == INT_MAX)
        continue;
      // Try to expand from `mask` by using each sticker
      for (const string& sticker : stickers) {
        int superMask = mask;
        for (const char c : sticker)
          for (int i = 0; i < n; ++i)
            // Try to apply it on a missing char
            if (c == target[i] && !(superMask >> i & 1)) {
              superMask |= 1 << i;
              break;
            }
        dp[superMask] = min(dp[superMask], dp[mask] + 1);
      }
    }

    return dp.back() == INT_MAX ? -1 : dp.back();
  }
};","[Logic – Operator precedence error] Changed the mask space size calculation from `1 << n` to `1 << n - 1`, causing it to allocate only half the required DP states.",Runtime Error,"stickers =
[""with"",""example"",""science""]
target =
""thehat""",,,"Line 24: Char 25:
=================================================================
==21==ERROR: AddressSanitizer: heap-buffer-overflow on address 0x50c0000001ac at pc 0x555fd7528cf4 bp 0x7fff345b4db0 sp 0x7fff345b4da8
READ of size 4 at 0x50c0000001ac thread T0
    #0 0x555fd7528cf3 in min<int> /usr/lib/gcc/x86_64-linux-gnu/14/../../../../include/c++/14/bits/stl_algobase.h:238:17
    #1 0x555fd7528cf3 in Solution::minStickers(std::vector<std::__cxx11::basic_string<char, std::char_traits<char>, std::allocator<char>>, std::allocator<std::__cxx11::basic_string<char, std::char_traits<char>, std::allocator<char>>>>&, std::__cxx11::basic_string<char, std::char_traits<char>, std::allocator<char>>) solution.cpp:24:25
    #2 0x555fd7528395 in __DriverSolution__::__helper__(std::vector<std::__cxx11::basic_string<char, std::char_traits<char>, std::allocator<char>>, std::allocator<std::__cxx11::basic_string<char, std::char_traits<char>, std::allocator<char>>>>&, std::__cxx11::basic_string<char, std::char_traits<char>, std::allocator<char>>) solution.cpp:24:28
    #3 0x555fd7527ac8 in main solution.cpp:24:40
    #4 0x7f5ad436d1c9  (/lib/x86_64-linux-gnu/libc.so.6+0x2a1c9) (BuildId: 8e9fd827446c24067541ac5390e6f527fb5947bb)
    #5 0x7f5ad436d28a in __libc_start_main (/lib/x86_64-linux-gnu/libc.so.6+0x2a28a) (BuildId: 8e9fd827446c24067541ac5390e6f527fb5947bb)
    #6 0x555fd7451494 in _start (solution+0xb3494)
0x50c0000001ac is located 44 bytes after 128-byte region [0x50c000000100,0x50c000000180)
allocated by thread T0 here:
    #0 0x555fd75250bd in operator new(unsigned long) /root/llvm-project/compiler-rt/lib/asan/asan_new_delete.cpp:86:3
    #1 0x555fd7532af7 in std::_Vector_base<int, std::allocator<int>>::_M_create_storage(unsigned long) (solution+0x194af7)
    #2 0x555fd754a5f2 in std::vector<int, std::allocator<int>>::vector(unsigned long, int const&, std::allocator<int> const&) (solution+0x1ac5f2)
    #3 0x555fd75286c9 in Solution::minStickers(std::vector<std::__cxx11::basic_string<char, std::char_traits<char>, std::allocator<char>>, std::allocator<std::__cxx11::basic_string<char, std::char_traits<char>, std::allocator<char>>>>&, std::__cxx11::basic_string<char, std::char_traits<char>, std::allocator<char>>) solution.cpp:24:17
    #4 0x555fd7528395 in __DriverSolution__::__helper__(std::vector<std::__cxx11::basic_string<char, std::char_traits<char>, std::allocator<char>>, std::allocator<std::__cxx11::basic_string<char, std::char_traits<char>, std::allocator<char>>>>&, std::__cxx11::basic_string<char, std::char_traits<char>, std::allocator<char>>) solution.cpp:24:28
    #5 0x555fd7527ac8 in main solution.cpp:24:40
    #6 0x7f5ad436d1c9  (/lib/x86_64-linux-gnu/libc.so.6+0x2a1c9) (BuildId: 8e9fd827446c24067541ac5390e6f527fb5947bb)
    #7 0x7f5ad436d28a in __libc_start_main (/lib/x86_64-linux-gnu/libc.so.6+0x2a28a) (BuildId: 8e9fd827446c24067541ac5390e6f527fb5947bb)
    #8 0x555fd7451494 in _start (solution+0xb3494)
SUMMARY: AddressSanitizer: heap-buffer-overflow solution.cpp:24:25 in Solution::minStickers(std::vector<std::__cxx11::basic_string<char, std::char_traits<char>, std::allocator<char>>, std::allocator<std::__cxx11::basic_string<char, std::char_traits<char>, std::allocator<char>>>>&, std::__cxx11::basic_string<char, std::char_traits<char>, std::allocator<char>>)
Shadow bytes around the buggy address:
  0x50bfffffff00: 00 00 00 00 00 00 00 00 00 00 00 00 00 00 00 00
  0x50bfffffff80: 00 00 00 00 00 00 00 00 00 00 00 00 00 00 00 00
  0x50c000000000: fa fa fa fa fa fa fa fa 00 00 00 00 00 00 00 00
  0x50c000000080: 00 00 00 00 00 00 00 00 fa fa fa fa fa fa fa fa
  0x50c000000100: 00 00 00 00 00 00 00 00 00 00 00 00 00 00 00 00
=>0x50c000000180: fa fa fa fa fa[fa]fa fa fa fa fa fa fa fa fa fa
  0x50c000000200: fa fa fa fa fa fa fa fa fa fa fa fa fa fa fa fa
  0x50c000000280: fa fa fa fa fa fa fa fa fa fa fa fa fa fa fa fa
  0x50c000000300: fa fa fa fa fa fa fa fa fa fa fa fa fa fa fa fa
  0x50c000000380: fa fa fa fa fa fa fa fa fa fa fa fa fa fa fa fa
  0x50c000000400: fa fa fa fa fa fa fa fa fa fa fa fa fa fa fa fa
Shadow byte legend (one shadow byte represents 8 application bytes):
  Addressable:           00
  Partially addressable: 01 02 03 04 05 06 07
  Heap left redzone:       fa
  Freed heap region:       fd
  Stack left redzone:      f1
  Stack mid redzone:       f2
  Stack right redzone:     f3
  Stack after return:      f5
  Stack use after scope:   f8
  Global redzone:          f9
  Global init order:       f6
  Poisoned by user:        f7
  Container overflow:      fc
  Array cookie:            ac
  Intra object redzone:    bb
  ASan internal:           fe
  Left alloca redzone:     ca
  Right alloca redzone:    cb
==21==ABORTING",qwen3.7-max,zero-shot,Runtime Error,"""stickers = [\""a\""], target = \""a\""""","""Runtime Error""","""1""","The expression `1 << n - 1` evaluates to `1 << (n - 1)` due to operator precedence (subtraction has higher precedence than bitwise shift). This results in `maxMask` being half of the required size (`1 << n`). Consequently, the `dp` vector is allocated with an insufficient size, and accessing `dp[superMask]` where `superMask` can be up to `(1 << n) - 1` causes an out-of-bounds memory access, leading to a Runtime Error."
Bit manipulation,Hard,92,"You are given an n x n binary grid board. In each move, you can swap any two rows with each other, or any two columns with each other.

Return the minimum number of moves to transform the board into a chessboard board. If the task is impossible, return -1.

A chessboard board is a board where no 0's and no 1's are 4-directionally adjacent.

Example 1:

Input: board = [[0,1,1,0],[0,1,1,0],[1,0,0,1],[1,0,0,1]]
Output: 2
Explanation: One potential sequence of moves is shown.
The first move swaps the first and second column.
The second move swaps the second and third row.

Example 2:

Input: board = [[0,1],[1,0]]
Output: 0
Explanation: Also note that the board with 0 in the top left corner, is also a valid chessboard.

Example 3:

Input: board = [[1,0],[1,0]]
Output: -1
Explanation: No matter what sequence of moves you make, you cannot end with a valid chessboard.

Constraints:

	n == board.length
	n == board[i].length
	2 <= n <= 30
	board[i][j] is either 0 or 1.","			

class Solution {
 public:
  int movesToChessboard(vector<vector<int>>& board) {
    const int n = board.size();
    int rowSum = 0;
    int colSum = 0;
    int rowSwaps = 0;
    int colSwaps = 0;

    for (int i = 0; i < n; ++i)
      for (int j = 0; j < n; ++j)
        if (board[0][0] ^ board[i][0] ^ board[0][j] ^ board[i][j] == 1)
          return -1;

    for (int i = 0; i < n; ++i) {
      rowSum += board[0][i];
      colSum += board[i][0];
    }

    if (rowSum != n / 2 && rowSum != (n + 1) / 2)
      return -1;
    if (colSum != n / 2 && colSum != (n + 1) / 2)
      return -1;

    for (int i = 0; i < n; ++i) {
      rowSwaps += board[i][0] == (i & 1);
      colSwaps += board[0][i] == (i & 1);
    }

    if (n & 1) {
      if (rowSwaps & 1)
        rowSwaps = n - rowSwaps;
      if (colSwaps & 1)
        colSwaps = n - colSwaps;
    } else {
      rowSwaps = min(rowSwaps, n - rowSwaps);
      colSwaps = min(colSwaps, n - colSwaps);
    }

    return (rowSwaps + colSwaps) / 2;
  }
};",https://leetcode.com/problems/transform-to-chessboard,"class Solution {
 public:
  int movesToChessboard(vector<vector<int>>& board) {
    const int n = board.size();
    int rowSum = 0;
    int colSum = 0;
    int rowSwaps = 0;
    int colSwaps = 0;

    for (int i = 0; i < n; ++i)
      for (int j = 0; j < n; ++j)
        if (board[0][0] ^ board[i][0] ^ board[0][j] ^ board[i][j] == 1)
          return -1;

    for (int i = 0; i < n; ++i) {
      rowSum += board[0][i];
      colSum += board[i][0];
    }

    if (rowSum != n / 2 || rowSum != (n + 1) / 2)
      return -1;
    if (colSum != n / 2 && colSum != (n + 1) / 2)
      return -1;

    for (int i = 0; i < n; ++i) {
      rowSwaps += board[i][0] == (i & 1);
      colSwaps += board[0][i] == (i & 1);
    }

    if (n & 1) {
      if (rowSwaps & 1)
        rowSwaps = n - rowSwaps;
      if (colSwaps & 1)
        colSwaps = n - colSwaps;
    } else {
      rowSwaps = min(rowSwaps, n - rowSwaps);
      colSwaps = min(colSwaps, n - colSwaps);
    }

    return (rowSwaps + colSwaps) / 2;
  }
};","[Logic – Logical/bitwise operator confusion] Changed the row sum validity check from requiring both mismatches with && to using ||, causing valid row sums to be rejected.",Wrong Answer,"board =
[[1,0,1],[0,1,0],[1,0,1]]",-1,0,,qwen3.7-max,zero-shot,Wrong Answer,"""board = [[0,1,0],[1,0,1],[0,1,0]]""","""-1""","""0""","The condition `if (rowSum != n / 2 || rowSum != (n + 1) / 2)` incorrectly uses logical OR (`||`) instead of logical AND (`&&`). For any odd `n`, `n / 2` and `(n + 1) / 2` evaluate to different integers, meaning `rowSum` cannot be equal to both simultaneously. As a result, the condition always evaluates to true for odd `n`, causing the function to incorrectly return -1 for all valid odd-sized chessboards."
Bit manipulation,Hard,93,"You are given an integer array nums.

You should move each element of nums into one of the two arrays A and B such that A and B are non-empty, and average(A) == average(B).

Return true if it is possible to achieve that and false otherwise.

Note that for an array arr, average(arr) is the sum of all the elements of arr over the length of arr.

Example 1:

Input: nums = [1,2,3,4,5,6,7,8]
Output: true
Explanation: We can split the array into [1,4,5,8] and [2,3,6,7], and both of them have an average of 4.5.

Example 2:

Input: nums = [3,1]
Output: false

Constraints:

	1 <= nums.length <= 30
	0 <= nums[i] <= 104","                        

class Solution {
 public:
  bool splitArraySameAverage(vector<int>& A) {
    const int n = A.size();
    const int sum = accumulate(begin(A), end(A), 0);
    if (!isPossible(sum, n))
      return false;

    vector<unordered_set<int>> sums(n / 2 + 1);
    sums[0].insert(0);

    for (const int a : A)
      for (int i = n / 2; i > 0; --i)
        for (const int num : sums[i - 1])
          sums[i].insert(a + num);

    for (int i = 1; i < n / 2 + 1; ++i)
      if (i * sum % n == 0 && sums[i].count(i * sum / n))
        return true;

    return false;
  }

 private:
  bool isPossible(int sum, int n) {
    for (int i = 1; i < n / 2 + 1; ++i)
      if (i * sum % n == 0)
        return true;
    return false;
  }
};",https://leetcode.com/problems/split-array-with-same-average,"class Solution {
 public:
  bool splitArraySameAverage(vector<int>& A) {
    const int n = A.size();
    const int sum = accumulate(begin(A), end(A), 0);
    if (!isPossible(sum, n))
      return false;

    vector<unordered_set<int>> sums(n / 2 + 1);
    sums[0].insert(0);

    for (const int a : A)
      for (int i = n / 2; i > 0; --i)
        for (const int num : sums[i - 1])
          sums[i].insert(a + num);

    for (int i = 1; i < n / 2 + 1; ++i)
      if (i * sum % n == 0 | sums[i].count(i * sum / n))
        return true;

    return false;
  }

 private:
  bool isPossible(int sum, int n) {
    for (int i = 1; i < n / 2 + 1; ++i)
      if (i * sum % n == 0)
        return true;
    return false;
  }
};","[Logic – Logical/bitwise operator confusion] Replaced the final subset-average validation's logical AND with a bitwise OR, allowing either condition alone to return true.",Wrong Answer,"nums =
[3,1]",TRUE,FALSE,,qwen3.7-max,zero-shot,Wrong Answer,"""[1,5,6]""","""true""","""false""","The condition `i * sum % n == 0 | sums[i].count(i * sum / n)` incorrectly uses the bitwise OR operator `|` instead of the logical AND operator `&&` (or bitwise AND `&`). Because `==` has higher precedence than `|`, the expression evaluates to `(i * sum % n == 0) | (sums[i].count(...) > 0)`. This means the code will return `true` if EITHER the remainder is 0 OR the truncated target sum happens to exist in the subset sums, completely bypassing the requirement that both must be true. For the input `[1,5,6]`, `sum = 12` and `n = 3`. When `i = 1`, `1 * 12 % 3 == 0` evaluates to true (1), making the entire OR expression true regardless of whether the subset sum actually exists, thus incorrectly returning `true` instead of `false`."
Bit manipulation,Hard,94,"You are given an array of integers nums represents the numbers written on a chalkboard.

Alice and Bob take turns erasing exactly one number from the chalkboard, with Alice starting first. If erasing a number causes the bitwise XOR of all the elements of the chalkboard to become 0, then that player loses. The bitwise XOR of one element is that element itself, and the bitwise XOR of no elements is 0.

Also, if any player starts their turn with the bitwise XOR of all the elements of the chalkboard equal to 0, then that player wins.

Return true if and only if Alice wins the game, assuming both players play optimally.

Example 1:

Input: nums = [1,1,2]
Output: false
Explanation: 
Alice has two choices: erase 1 or erase 2. 
If she erases 1, the nums array becomes [1, 2]. The bitwise XOR of all the elements of the chalkboard is 1 XOR 2 = 3. Now Bob can remove any element he wants, because Alice will be the one to erase the last element and she will lose. 
If Alice erases 2 first, now nums become [1, 1]. The bitwise XOR of all the elements of the chalkboard is 1 XOR 1 = 0. Alice will lose.

Example 2:

Input: nums = [0,1]
Output: true

Example 3:

Input: nums = [1,2,3]
Output: true

Constraints:

	1 <= nums.length <= 1000
	0 <= nums[i] < 216","			

class Solution {
 public:
  bool xorGame(vector<int>& nums) {
    const int xors = accumulate(begin(nums), end(nums), 0, bit_xor<int>());
    return xors == 0 || nums.size() % 2 == 0;
  }
};",https://leetcode.com/problems/chalkboard-xor-game,"class Solution {
 public:
  bool xorGame(vector<int>& nums) {
    const int xors = accumulate(begin(nums), end(nums), 0, bit_xor<int>());
    return xors == 0 && nums.size() % 2 == 0;
  }
};","[Logic – Logical/bitwise operator confusion] Changed the winning condition operator from logical OR to logical AND, requiring both conditions to be true.",Wrong Answer,"nums =
[0,1]",FALSE,TRUE,,qwen3.7-max,zero-shot,Wrong Answer,"""[0,1]""","""false""","""true""",The code incorrectly uses logical AND (&&) instead of logical OR (||) for the winning conditions. Alice wins if the initial XOR sum of the array is 0 OR if the length of the array is even.
Bit manipulation,Hard,95,"You are given an m x n grid grid where:

	'.' is an empty cell.
	'#' is a wall.
	'@' is the starting point.
	Lowercase letters represent keys.
	Uppercase letters represent locks.

You start at the starting point and one move consists of walking one space in one of the four cardinal directions. You cannot walk outside the grid, or walk into a wall.

If you walk over a key, you can pick it up and you cannot walk over a lock unless you have its corresponding key.

For some 1 <= k <= 6, there is exactly one lowercase and one uppercase letter of the first k letters of the English alphabet in the grid. This means that there is exactly one key for each lock, and one lock for each key; and also that the letters used to represent the keys and locks were chosen in the same order as the English alphabet.

Return the lowest number of moves to acquire all keys. If it is impossible, return -1.

Example 1:

Input: grid = [""@.a.."",""###.#"",""b.A.B""]
Output: 8
Explanation: Note that the goal is to obtain all the keys not to open all the locks.

Example 2:

Input: grid = [""@..aA"",""..B#."",""....b""]
Output: 6

Example 3:

Input: grid = [""@Aa""]
Output: -1

Constraints:

	m == grid.length
	n == grid[i].length
	1 <= m, n <= 30
	grid[i][j] is either an English letter, '.', '#', or '@'. 
	There is exactly one '@' in the grid.
	The number of keys in the grid is in the range [1, 6].
	Each key in the grid is unique.
	Each key in the grid has a matching lock.","			

struct T {
  int i;
  int j;
  int keys;  // Keys in bitmask
  T(int i, int j, int keys) : i(i), j(j), keys(keys) {}
};

class Solution {
 public:
  int shortestPathAllKeys(vector<string>& grid) {
    const int m = grid.size();
    const int n = grid[0].length();
    const int keysCount = getKeysCount(grid);
    const int kKeys = (1 << keysCount) - 1;
    const vector<int> dirs{0, 1, 0, -1, 0};
    const vector<int> start = getStart(grid);
    int ans = 0;
    queue<T> q{{{start[0], start[1], 0}}};
    vector<vector<vector<bool>>> seen(
        m, vector<vector<bool>>(n, vector<bool>(kKeys)));
    seen[start[0]][start[1]][0] = true;

    while (!q.empty()) {
      ++ans;
      for (int sz = q.size(); sz > 0; --sz) {
        const auto [i, j, keys] = q.front();
        q.pop();
        for (int k = 0; k < 4; ++k) {
          const int x = i + dirs[k];
          const int y = j + dirs[k + 1];
          if (x < 0 || x == m || y < 0 || y == n)
            continue;
          const char c = grid[x][y];
          if (c == '#')
            continue;
          const int newKeys = 'a' <= c && c <= 'f' ? keys | 1 << c - 'a' : keys;
          if (newKeys == kKeys)
            return ans;
          if (seen[x][y][newKeys])
            continue;
          if ('A' <= c && c <= 'F' && ((newKeys >> c - 'A') & 1) == 0)
            continue;
          q.emplace(x, y, newKeys);
          seen[x][y][newKeys] = true;
        }
      }
    }

    return -1;
  }

 private:
  int getKeysCount(const vector<string>& grid) {
    int count = 0;
    for (const string& s : grid)
      count += std::count_if(begin(s), end(s),
                             [](char c) { return 'a' <= c && c <= 'f'; });
    return count;
  }

  vector<int> getStart(const vector<string>& grid) {
    for (int i = 0; i < grid.size(); ++i)
      for (int j = 0; j < grid[0].length(); ++j)
        if (grid[i][j] == '@')
          return {i, j};
    throw;
  }
};",https://leetcode.com/problems/shortest-path-to-get-all-keys,"struct T {
  int i;
  int j;
  int keys;  // Keys in bitmask
  T(int i, int j, int keys) : i(i), j(j), keys(keys) {}
};

class Solution {
 public:
  int shortestPathAllKeys(vector<string>& grid) {
    const int m = grid.size();
    const int n = grid[0].length();
    const int keysCount = getKeysCount(grid);
    const int kKeys = (1 << keysCount) - 1;
    const vector<int> dirs{0, 1, 0, -1, 0};
    const vector<int> start = getStart(grid);
    int ans = 0;
    queue<T> q{{{start[0], start[1], 0}}};
    vector<vector<vector<bool>>> seen(
        m, vector<vector<bool>>(n, vector<bool>(kKeys)));
    seen[start[0]][start[1]][0] = true;

    while (!q.empty()) {
      ++ans;
      for (int sz = q.size(); sz > 0; --sz) {
        const auto [i, j, keys] = q.front();
        q.pop();
        for (int k = 0; k < 4; ++k) {
          const int x = i + dirs[k];
          const int y = j + dirs[k + 1];
          if (x < 0 || x == m || y < 0 || x == n)
            continue;
          const char c = grid[x][y];
          if (c == '#')
            continue;
          const int newKeys = 'a' <= c && c <= 'f' ? keys | 1 << c - 'a' : keys;
          if (newKeys == kKeys)
            return ans;
          if (seen[x][y][newKeys])
            continue;
          if ('A' <= c && c <= 'F' && ((newKeys >> c - 'A') & 1) == 0)
            continue;
          q.emplace(x, y, newKeys);
          seen[x][y][newKeys] = true;
        }
      }
    }

    return -1;
  }

 private:
  int getKeysCount(const vector<string>& grid) {
    int count = 0;
    for (const string& s : grid)
      count += std::count_if(begin(s), end(s),
                             [](char c) { return 'a' <= c && c <= 'f'; });
    return count;
  }

  vector<int> getStart(const vector<string>& grid) {
    for (int i = 0; i < grid.size(); ++i)
      for (int j = 0; j < grid[0].length(); ++j)
        if (grid[i][j] == '@')
          return {i, j};
    throw;
  }
};",[Logic – Wrong variable name] Changed the column upper-bound check to compare `x` with `n` instead of comparing `y` with `n`.,Runtime Error,"grid =
[""@.a.."",""###.#"",""b.A.B""]",,,"Line 39: Char 15:
=================================================================
==22==ERROR: AddressSanitizer: heap-buffer-overflow on address 0x511000000388 at pc 0x56363087db84 bp 0x7ffe330b4330 sp 0x7ffe330b4328
READ of size 8 at 0x511000000388 thread T0
    #0 0x56363087db83 in begin /usr/lib/gcc/x86_64-linux-gnu/14/../../../../include/c++/14/bits/stl_bvector.h:996:48
    #1 0x56363087db83 in operator[] /usr/lib/gcc/x86_64-linux-gnu/14/../../../../include/c++/14/bits/stl_bvector.h:1087:16
    #2 0x56363087db83 in Solution::shortestPathAllKeys(std::vector<std::__cxx11::basic_string<char, std::char_traits<char>, std::allocator<char>>, std::allocator<std::__cxx11::basic_string<char, std::char_traits<char>, std::allocator<char>>>>&) solution.cpp:39:15
    #3 0x56363087c408 in __helper__ solution.cpp:39:28
    #4 0x56363087c408 in main solution.cpp:39:40
    #5 0x7f880f7341c9  (/lib/x86_64-linux-gnu/libc.so.6+0x2a1c9) (BuildId: 8e9fd827446c24067541ac5390e6f527fb5947bb)
    #6 0x7f880f73428a in __libc_start_main (/lib/x86_64-linux-gnu/libc.so.6+0x2a28a) (BuildId: 8e9fd827446c24067541ac5390e6f527fb5947bb)
    #7 0x5636307a5f94 in _start (solution+0xb4f94)
0x511000000388 is located 0 bytes after 200-byte region [0x5110000002c0,0x511000000388)
allocated by thread T0 here:
    #0 0x563630879bbd in operator new(unsigned long) /root/llvm-project/compiler-rt/lib/asan/asan_new_delete.cpp:86:3
    #1 0x56363087fcd5 in allocate /usr/lib/gcc/x86_64-linux-gnu/14/../../../../include/c++/14/bits/new_allocator.h:151:27
    #2 0x56363087fcd5 in allocate /usr/lib/gcc/x86_64-linux-gnu/14/../../../../include/c++/14/bits/allocator.h:196:32
    #3 0x56363087fcd5 in allocate /usr/lib/gcc/x86_64-linux-gnu/14/../../../../include/c++/14/bits/alloc_traits.h:478:20
    #4 0x56363087fcd5 in _M_allocate /usr/lib/gcc/x86_64-linux-gnu/14/../../../../include/c++/14/bits/stl_vector.h:380:20
    #5 0x56363087fcd5 in std::_Vector_base<std::vector<bool, std::allocator<bool>>, std::allocator<std::vector<bool, std::allocator<bool>>>>::_M_create_storage(unsigned long) /usr/lib/gcc/x86_64-linux-gnu/14/../../../../include/c++/14/bits/stl_vector.h:398:33
    #6 0x563630880361 in _Vector_base /usr/lib/gcc/x86_64-linux-gnu/14/../../../../include/c++/14/bits/stl_vector.h:334:9
    #7 0x563630880361 in vector /usr/lib/gcc/x86_64-linux-gnu/14/../../../../include/c++/14/bits/stl_vector.h:602:9
    #8 0x563630880361 in _Construct<std::vector<std::vector<bool, std::allocator<bool> >, std::allocator<std::vector<bool, std::allocator<bool> > > >, const std::vector<std::vector<bool, std::allocator<bool> >, std::allocator<std::vector<bool, std::allocator<bool> > > > &> /usr/lib/gcc/x86_64-linux-gnu/14/../../../../include/c++/14/bits/stl_construct.h:119:25
    #9 0x563630880361 in std::vector<std::vector<bool, std::allocator<bool>>, std::allocator<std::vector<bool, std::allocator<bool>>>>* std::__do_uninit_fill_n<std::vector<std::vector<bool, std::allocator<bool>>, std::allocator<std::vector<bool, std::allocator<bool>>>>*, unsigned long, std::vector<std::vector<bool, std::allocator<bool>>, std::allocator<std::vector<bool, std::allocator<bool>>>>>(std::vector<std::vector<bool, std::allocator<bool>>, std::allocator<std::vector<bool, std::allocator<bool>>>>*, unsigned long, std::vector<std::vector<bool, std::allocator<bool>>, std::allocator<std::vector<bool, std::allocator<bool>>>> const&) /usr/lib/gcc/x86_64-linux-gnu/14/../../../../include/c++/14/bits/stl_uninitialized.h:267:6
    #10 0x56363087e559 in __uninit_fill_n<std::vector<std::vector<bool, std::allocator<bool> >, std::allocator<std::vector<bool, std::allocator<bool> > > > *, unsigned long, std::vector<std::vector<bool, std::allocator<bool> >, std::allocator<std::vector<bool, std::allocator<bool> > > > > /usr/lib/gcc/x86_64-linux-gnu/14/../../../../include/c++/14/bits/stl_uninitialized.h:284:11
    #11 0x56363087e559 in uninitialized_fill_n<std::vector<std::vector<bool, std::allocator<bool> >, std::allocator<std::vector<bool, std::allocator<bool> > > > *, unsigned long, std::vector<std::vector<bool, std::allocator<bool> >, std::allocator<std::vector<bool, std::allocator<bool> > > > > /usr/lib/gcc/x86_64-linux-gnu/14/../../../../include/c++/14/bits/stl_uninitialized.h:326:14
    #12 0x56363087e559 in __uninitialized_fill_n_a<std::vector<std::vector<bool, std::allocator<bool> >, std::allocator<std::vector<bool, std::allocator<bool> > > > *, unsigned long, std::vector<std::vector<bool, std::allocator<bool> >, std::allocator<std::vector<bool, std::allocator<bool> > > >, std::vector<std::vector<bool, std::allocator<bool> >, std::allocator<std::vector<bool, std::allocator<bool> > > > > /usr/lib/gcc/x86_64-linux-gnu/14/../../../../include/c++/14/bits/stl_uninitialized.h:472:14
    #13 0x56363087e559 in _M_fill_initialize /usr/lib/gcc/x86_64-linux-gnu/14/../../../../include/c++/14/bits/stl_vector.h:1709:4
    #14 0x56363087e559 in std::vector<std::vector<std::vector<bool, std::allocator<bool>>, std::allocator<std::vector<bool, std::allocator<bool>>>>, std::allocator<std::vector<std::vector<bool, std::allocator<bool>>, std::allocator<std::vector<bool, std::allocator<bool>>>>>>::vector(unsigned long, std::vector<std::vector<bool, std::allocator<bool>>, std::allocator<std::vector<bool, std::allocator<bool>>>> const&, std::allocator<std::vector<std::vector<bool, std::allocator<bool>>, std::allocator<std::vector<bool, std::allocator<bool>>>>> const&) /usr/lib/gcc/x86_64-linux-gnu/14/../../../../include/c++/14/bits/stl_vector.h:572:9
    #15 0x56363087cefe in Solution::shortestPathAllKeys(std::vector<std::__cxx11::basic_string<char, std::char_traits<char>, std::allocator<char>>, std::allocator<std::__cxx11::basic_string<char, std::char_traits<char>, std::allocator<char>>>>&) solution.cpp:39:34
    #16 0x56363087c408 in __helper__ solution.cpp:39:28
    #17 0x56363087c408 in main solution.cpp:39:40
    #18 0x7f880f7341c9  (/lib/x86_64-linux-gnu/libc.so.6+0x2a1c9) (BuildId: 8e9fd827446c24067541ac5390e6f527fb5947bb)
    #19 0x7f880f73428a in __libc_start_main (/lib/x86_64-linux-gnu/libc.so.6+0x2a28a) (BuildId: 8e9fd827446c24067541ac5390e6f527fb5947bb)
    #20 0x5636307a5f94 in _start (solution+0xb4f94)
SUMMARY: AddressSanitizer: heap-buffer-overflow solution.cpp:39:15 in Solution::shortestPathAllKeys(std::vector<std::__cxx11::basic_string<char, std::char_traits<char>, std::allocator<char>>, std::allocator<std::__cxx11::basic_string<char, std::char_traits<char>, std::allocator<char>>>>&)
Shadow bytes around the buggy address:
  0x511000000100: fd fd fd fd fd fd fd fd fa fa fa fa fa fa fa fa
  0x511000000180: fd fd fd fd fd fd fd fd fd fd fd fd fd fd fd fd
  0x511000000200: fd fd fd fd fd fd fd fd fd fa fa fa fa fa fa fa
  0x511000000280: fa fa fa fa fa fa fa fa 00 00 00 00 00 00 00 00
  0x511000000300: 00 00 00 00 00 00 00 00 00 00 00 00 00 00 00 00
=>0x511000000380: 00[fa]fa fa fa fa fa fa fa fa fa fa fa fa fa fa
  0x511000000400: 00 00 00 00 00 00 00 00 00 00 00 00 00 00 00 00
  0x511000000480: 00 00 00 00 00 00 00 00 00 fa fa fa fa fa fa fa
  0x511000000500: fa fa fa fa fa fa fa fa 00 00 00 00 00 00 00 00
  0x511000000580: 00 00 00 00 00 00 00 00 00 00 00 00 00 00 00 00
  0x511000000600: 00 fa fa fa fa fa fa fa fa fa fa fa fa fa fa fa
Shadow byte legend (one shadow byte represents 8 application bytes):
  Addressable:           00
  Partially addressable: 01 02 03 04 05 06 07
  Heap left redzone:       fa
  Freed heap region:       fd
  Stack left redzone:      f1
  Stack mid redzone:       f2
  Stack right redzone:     f3
  Stack after return:      f5
  Stack use after scope:   f8
  Global redzone:          f9
  Global init order:       f6
  Poisoned by user:        f7
  Container overflow:      fc
  Array cookie:            ac
  Intra object redzone:    bb
  ASan internal:           fe
  Left alloca redzone:     ca
  Right alloca redzone:    cb
==22==ABORTING",qwen3.7-max,zero-shot,Runtime Error,"""grid = [\""@.a..\"",\""###.#\"",\""b.A.B\""]""",null,"""8""","The boundary check condition `x == n` is a typo and should be `y == n`. This allows the column index `y` to go out of bounds (e.g., `y == n`), leading to an out-of-bounds access on the `seen` array and causing a Runtime Error (segmentation fault)."
Bit manipulation,Hard,96,"Given an array of strings words, return the smallest string that contains each string in words as a substring. If there are multiple valid strings of the smallest length, return any of them.

You may assume that no string in words is a substring of another string in words.

Example 1:

Input: words = [""alex"",""loves"",""leetcode""]
Output: ""alexlovesleetcode""
Explanation: All permutations of ""alex"",""loves"",""leetcode"" would also be accepted.

Example 2:

Input: words = [""catg"",""ctaagt"",""gcta"",""ttca"",""atgcatc""]
Output: ""gctaagttcatgcatc""

Constraints:

	1 <= words.length <= 12
	1 <= words[i].length <= 20
	words[i] consists of lowercase English letters.
	All the strings of words are unique.","			

class Solution {
 public:
  string shortestSuperstring(vector<string>& A) {
    const int n = A.size();
    // cost[i][j] := cost to append A[j] after A[i]
    vector<vector<int>> cost(n, vector<int>(n));

    // GetCost(a, b) := cost to append b after a
    auto getCost = [](const string& a, const string& b) {
      int cost = b.length();
      const int minLength = min(a.length(), b.length());
      for (int k = 1; k <= minLength; ++k)
        if (a.substr(a.length() - k) == b.substr(0, k))
          cost = b.length() - k;
      return cost;
    };

    // Pre-calculate cost array to save time
    for (int i = 0; i < n; ++i)
      for (int j = i + 1; j < n; ++j) {
        cost[i][j] = getCost(A[i], A[j]);
        cost[j][i] = getCost(A[j], A[i]);
      }

    vector<int> bestPath;
    int minLength = n * 20;  // Given by problem

    dfs(A, cost, {}, bestPath, 0, 0, 0, minLength);

    string ans = A[bestPath[0]];

    for (int k = 1; k < n; ++k) {
      const int i = bestPath[k - 1];
      const int j = bestPath[k];
      ans += A[j].substr(A[j].length() - cost[i][j]);
    }

    return ans;
  }

 private:
  // Used: i-th bit means A[i] is used or not
  void dfs(const vector<string>& A, const vector<vector<int>>& cost,
           vector<int>&& path, vector<int>& bestPath, int used, int depth,
           int currLength, int& minLength) {
    if (currLength >= minLength)
      return;
    if (depth == A.size()) {
      minLength = currLength;
      bestPath = path;
      return;
    }

    for (int i = 0; i < A.size(); ++i) {
      if (1 << i & used)
        continue;
      path.push_back(i);
      const int newLength =
          depth == 0 ? A[i].length() : currLength + cost[path[depth - 1]][i];
      dfs(A, cost, move(path), bestPath, used | 1 << i, depth + 1, newLength,
          minLength);
      path.pop_back();
    }
  }
};",https://leetcode.com/problems/find-the-shortest-superstring,"class Solution {
 public:
  string shortestSuperstring(vector<string>& A) {
    const int n = A.size();
    // cost[i][j] := cost to append A[j] after A[i]
    vector<vector<int>> cost(n, vector<int>(n));

    // GetCost(a, b) := cost to append b after a
    auto getCost = [](const string& a, const string& b) {
      int cost = b.length();
      const int minLength = min(a.length(), b.length());
      for (int k = 1; k <= minLength; ++k)
        if (a.substr(a.length() - k) == b.substr(0, k))
          cost = b.length() - k;
      return cost;
    };

    // Pre-calculate cost array to save time
    for (int i = 0; i < n; ++i)
      for (int j = i + 1; j < n; ++j) {
        cost[i][j] = getCost(A[i], A[j]);
        cost[j][i] = getCost(A[j], A[i]);
      }

    vector<int> bestPath;
    int minLength = n * 20;  // Given by problem

    dfs(A, cost, {}, bestPath, 0, 0, 0, minLength);

    string ans = A[bestPath[0]];

    for (int k = 1; k < n; ++k) {
      const int i = bestPath[k - 1];
      const int j = bestPath[k];
      ans += A[j].substr(A[j].length() - cost[i][j]);
    }

    return ans;
  }

 private:
  // Used: i-th bit means A[i] is used or not
  void dfs(const vector<string>& A, const vector<vector<int>>& cost,
           vector<int>&& path, vector<int>& bestPath, int used, int depth,
           int currLength, int& minLength) {
    if (currLength >= minLength)
      return;
    if (depth == A.size()) {
      minLength = currLength;
      bestPath = path;
      return;
    }

    for (int i = 0; i < A.size(); ++i) {
      if (1 << i && used)
        continue;
      path.push_back(i);
      const int newLength =
          depth == 0 ? A[i].length() : currLength + cost[path[depth - 1]][i];
      dfs(A, cost, move(path), bestPath, used | 1 << i, depth + 1, newLength,
          minLength);
      path.pop_back();
    }
  }
};","[Logic – Logical/bitwise operator confusion] Changed the visited-bit check from bitwise AND to logical AND, causing the DFS to skip incorrect nodes once any node has been used.",Runtime Error,"words =
[""alex"",""loves"",""leetcode""]",,,"Line 1122: Char 9: runtime error: reference binding to null pointer of type 'int' (stl_vector.h)
SUMMARY: UndefinedBehaviorSanitizer: undefined-behavior /usr/lib/gcc/x86_64-linux-gnu/14/../../../../include/c++/14/bits/stl_vector.h:1131:9",qwen3.7-max,zero-shot,Runtime Error,"""[\""alex\"",\""loves\"",\""leetcode\""]""",null,"""\""alexlovesleetcode\""""","The condition `1 << i && used` incorrectly uses the logical AND operator `&&` instead of the bitwise AND operator `&`. Since `1 << i` is always non-zero for `i < 31`, the expression simplifies to `used != 0`. Consequently, for any recursive call where `used > 0` (i.e., depth > 0), the loop skips all elements. The DFS never reaches the base case `depth == A.size()` for `n > 1`, leaving `bestPath` empty. Accessing `bestPath[0]` subsequently causes an out-of-bounds memory access (Runtime Error / Segmentation Fault)."
Bit manipulation,Hard,97,"You are given an m x n integer array grid where grid[i][j] could be:

	1 representing the starting square. There is exactly one starting square.
	2 representing the ending square. There is exactly one ending square.
	0 representing empty squares we can walk over.
	-1 representing obstacles that we cannot walk over.

Return the number of 4-directional walks from the starting square to the ending square, that walk over every non-obstacle square exactly once.

Example 1:

Input: grid = [[1,0,0,0],[0,0,0,0],[0,0,2,-1]]
Output: 2
Explanation: We have the following two paths: 
1. (0,0),(0,1),(0,2),(0,3),(1,3),(1,2),(1,1),(1,0),(2,0),(2,1),(2,2)
2. (0,0),(1,0),(2,0),(2,1),(1,1),(0,1),(0,2),(0,3),(1,3),(1,2),(2,2)

Example 2:

Input: grid = [[1,0,0,0],[0,0,0,0],[0,0,0,2]]
Output: 4
Explanation: We have the following four paths: 
1. (0,0),(0,1),(0,2),(0,3),(1,3),(1,2),(1,1),(1,0),(2,0),(2,1),(2,2),(2,3)
2. (0,0),(0,1),(1,1),(1,0),(2,0),(2,1),(2,2),(1,2),(0,2),(0,3),(1,3),(2,3)
3. (0,0),(1,0),(2,0),(2,1),(2,2),(1,2),(1,1),(0,1),(0,2),(0,3),(1,3),(2,3)
4. (0,0),(1,0),(2,0),(2,1),(1,1),(0,1),(0,2),(0,3),(1,3),(1,2),(2,2),(2,3)

Example 3:

Input: grid = [[0,1],[2,0]]
Output: 0
Explanation: There is no path that walks over every empty square exactly once.
Note that the starting and ending square can be anywhere in the grid.

Constraints:

	m == grid.length
	n == grid[i].length
	1 <= m, n <= 20
	1 <= m * n <= 20
	-1 <= grid[i][j] <= 2
	There is exactly one starting cell and one ending cell.","                        

class Solution {
 public:
  int uniquePathsIII(vector<vector<int>>& grid) {
    int ans = 0;
    int empty = 1;
    int sx;
    int sy;
    int ex;
    int ey;

    for (int i = 0; i < grid.size(); ++i)
      for (int j = 0; j < grid[0].size(); ++j)
        if (grid[i][j] == 0) {
          ++empty;
        } else if (grid[i][j] == 1) {
          sx = i;
          sy = j;
        } else if (grid[i][j] == 2) {
          ex = i;
          ey = j;
        }

    dfs(grid, empty, sx, sy, ex, ey, ans);

    return ans;
  }

 private:
  void dfs(vector<vector<int>>& grid, int empty, int i, int j, int ex, int ey,
           int& ans) {
    if (i < 0 || i == grid.size() || j < 0 || j == grid[0].size())
      return;
    if (grid[i][j] < 0)
      return;
    if (i == ex && j == ey) {
      if (empty == 0)
        ++ans;
      return;
    }

    grid[i][j] = -2;
    dfs(grid, empty - 1, i + 1, j, ex, ey, ans);
    dfs(grid, empty - 1, i - 1, j, ex, ey, ans);
    dfs(grid, empty - 1, i, j + 1, ex, ey, ans);
    dfs(grid, empty - 1, i, j - 1, ex, ey, ans);
    grid[i][j] = 0;
  }
};",https://leetcode.com/problems/unique-paths-iii,"class Solution {
 public:
  int uniquePathsIII(vector<vector<int>>& grid) {
    int ans = 0;
    int empty = 1;
    int sx;
    int sy;
    int ex;
    int ey;

    for (int i = 0; i < grid.size(); ++i)
      for (int j = 0; j < grid[0].size(); ++j)
        if (grid[i][j] == 0) {
          ++empty;
        } else if (grid[i][j] == 1) {
          sx = i;
          sy = j;
        } else if (grid[i][j] == 2) {
          ex = i;
          ey = i;
        }

    dfs(grid, empty, sx, sy, ex, ey, ans);

    return ans;
  }

 private:
  void dfs(vector<vector<int>>& grid, int empty, int i, int j, int ex, int ey,
           int& ans) {
    if (i < 0 || i == grid.size() || j < 0 || j == grid[0].size())
      return;
    if (grid[i][j] < 0)
      return;
    if (i == ex && j == ey) {
      if (empty == 0)
        ++ans;
      return;
    }

    grid[i][j] = -2;
    dfs(grid, empty - 1, i + 1, j, ex, ey, ans);
    dfs(grid, empty - 1, i - 1, j, ex, ey, ans);
    dfs(grid, empty - 1, i, j + 1, ex, ey, ans);
    dfs(grid, empty - 1, i, j - 1, ex, ey, ans);
    grid[i][j] = 0;
  }
};",[Logic – Wrong variable name] The end column coordinate is incorrectly assigned from the row index instead of the column index.,Wrong Answer,"grid =
[[1,0,0,0],[0,0,0,0],[0,0,0,2]]",0,4,,qwen3.7-max,zero-shot,Wrong Answer,"""[[1,0,0,0],[0,0,0,0],[0,0,0,2]]""","""0""","""4""","The code contains a typo when locating the ending square: it assigns `ey = i` instead of `ey = j`. This causes the algorithm to check for the wrong ending coordinates during the DFS, resulting in an incorrect path count."
Bit manipulation,Hard,98,"Given an integer array nums, return the number of AND triples.

An AND triple is a triple of indices (i, j, k) such that:

	0 <= i < nums.length
	0 <= j < nums.length
	0 <= k < nums.length
	nums[i] & nums[j] & nums[k] == 0, where & represents the bitwise-AND operator.

Example 1:

Input: nums = [2,1,3]
Output: 12
Explanation: We could choose the following i, j, k triples:
(i=0, j=0, k=1) : 2 & 2 & 1
(i=0, j=1, k=0) : 2 & 1 & 2
(i=0, j=1, k=1) : 2 & 1 & 1
(i=0, j=1, k=2) : 2 & 1 & 3
(i=0, j=2, k=1) : 2 & 3 & 1
(i=1, j=0, k=0) : 1 & 2 & 2
(i=1, j=0, k=1) : 1 & 2 & 1
(i=1, j=0, k=2) : 1 & 2 & 3
(i=1, j=1, k=0) : 1 & 1 & 2
(i=1, j=2, k=0) : 1 & 3 & 2
(i=2, j=0, k=1) : 3 & 2 & 1
(i=2, j=1, k=0) : 3 & 1 & 2

Example 2:

Input: nums = [0,0,0]
Output: 27

Constraints:

	1 <= nums.length <= 1000
	0 <= nums[i] < 216","			

class Solution {
 public:
  int countTriplets(vector<int>& A) {
    constexpr int kMax = 1 << 16;
    int ans = 0;
    vector<int> count(kMax);  // {A[i] & A[j]: times}

    for (const int a : A)
      for (const int b : A)
        ++count[a & b];

    for (const int a : A)
      for (int i = 0; i < kMax; ++i)
        if (!(a & i))
          ans += count[i];

    return ans;
  }
};",https://leetcode.com/problems/triples-with-bitwise-and-equal-to-zero,"class Solution {
 public:
  int countTriplets(vector<int>& A) {
    constexpr int kMax = 1 << 16;
    int ans = 0;
    vector<int> count(kMax);  // {A[i] & A[j]: times}

    for (const int a : A)
      for (const int b : A)
        ++count[a & b];

    for (const int a : A)
      for (int i = 0; i < kMax; ++i)
        if (!(a && i))
          ans += count[i];

    return ans;
  }
};",[Logic – Logical/bitwise operator confusion] Changed the bitwise AND check `a & i` to the logical AND check `a && i` when testing compatibility.,Wrong Answer,"nums =
[2,1,3]",6,12,,qwen3.7-max,zero-shot,Wrong Answer,"""[2,1,3]""","""6""","""12""",The condition `!(a && i)` uses the logical AND operator instead of the bitwise AND operator. It should be `!(a & i)` or `(a & i) == 0` to correctly check if the bitwise AND of `a` and `i` is zero.
Bit manipulation,Hard,99,"You are given a binary array nums and an integer k.

A k-bit flip is choosing a subarray of length k from nums and simultaneously changing every 0 in the subarray to 1, and every 1 in the subarray to 0.

Return the minimum number of k-bit flips required so that there is no 0 in the array. If it is not possible, return -1.

A subarray is a contiguous part of an array.

Example 1:

Input: nums = [0,1,0], k = 1
Output: 2
Explanation: Flip nums[0], then flip nums[2].

Example 2:

Input: nums = [1,1,0], k = 2
Output: -1
Explanation: No matter how we flip subarrays of size 2, we cannot make the array become [1,1,1].

Example 3:

Input: nums = [0,0,0,1,0,1,1,0], k = 3
Output: 3
Explanation: 
Flip nums[0],nums[1],nums[2]: nums becomes [1,1,1,1,0,1,1,0]
Flip nums[4],nums[5],nums[6]: nums becomes [1,1,1,1,1,0,0,0]
Flip nums[5],nums[6],nums[7]: nums becomes [1,1,1,1,1,1,1,1]

Constraints:

	1 <= nums.length <= 105
	1 <= k <= nums.length","			

class Solution {
 public:
  int minKBitFlips(vector<int>& A, int K) {
    int ans = 0;
    int flippedTime = 0;

    for (int r = 0; r < A.size(); ++r) {
      if (r >= K && A[r - K] == 2)
        --flippedTime;
      if (flippedTime % 2 == A[r]) {
        if (r + K > A.size())
          return -1;
        ++ans;
        ++flippedTime;
        A[r] = 2;
      }
    }

    return ans;
  }
};",https://leetcode.com/problems/minimum-number-of-k-consecutive-bit-flips,"class Solution {
 public:
  int minKBitFlips(vector<int>& A, int K) {
    int ans = 0;
    int flippedTime = 0;

    for (int r = 0; r < A.size(); ++r) {
      if (r >= K & A[r - K] == 2)
        --flippedTime;
      if (flippedTime % 2 == A[r]) {
        if (r + K > A.size())
          return -1;
        ++ans;
        ++flippedTime;
        A[r] = 2;
      }
    }

    return ans;
  }
};",[Logic – Logical/bitwise operator confusion] Replaced the short-circuiting logical AND with bitwise AND in the expired-flip check.,Runtime Error,"nums =
[0,1,0]
k =
1",,,"Line 1122: Char 34: runtime error: addition of unsigned offset to 0x502000000090 overflowed to 0x50200000008c (stl_vector.h)
SUMMARY: UndefinedBehaviorSanitizer: undefined-behavior /usr/lib/gcc/x86_64-linux-gnu/14/../../../../include/c++/14/bits/stl_vector.h:1131:34",qwen3.7-max,zero-shot,Runtime Error,"""nums = [0,1,0], k = 1""","""Runtime Error""","""2""","The code uses the bitwise AND operator '&' instead of the logical AND operator '&&' in the condition 'r >= K & A[r - K] == 2'. Because '&' does not short-circuit, 'A[r - K]' is evaluated even when 'r < K', leading to an out-of-bounds memory access (negative index) on the vector and causing a Runtime Error."
Bit manipulation,Hard,100,"An array is squareful if the sum of every pair of adjacent elements is a perfect square.

Given an integer array nums, return the number of permutations of nums that are squareful.

Two permutations perm1 and perm2 are different if there is some index i such that perm1[i] != perm2[i].

Example 1:

Input: nums = [1,17,8]
Output: 2
Explanation: [1,8,17] and [17,8,1] are the valid permutations.

Example 2:

Input: nums = [2,2,2]
Output: 1

Constraints:

	1 <= nums.length <= 12
	0 <= nums[i] <= 109","			

class Solution {
 public:
  int numSquarefulPerms(vector<int>& A) {
    int ans = 0;
    sort(begin(A), end(A));
    dfs(A, vector<boool>(A.size()), {}, ans);
    return ans;
  }

 private:
  void dfs(vector<int>& A, vector<bool>&& used, vector<int>&& path, int& ans) {
    if (path.size() > 1 && !isSquare(path.back() + path[path.size() - 2]))
      return;
    if (path.size() == A.size()) {
      ++ans;
      return;
    }

    for (int i = 0; i < A.size(); ++i) {
      if (used[i])
        continue;
      if (i > 0 && A[i] == A[i - 1] && !used[i - 1])
        continue;
      used[i] = true;
      path.push_back(A[i]);
      dfs(A, move(used), move(path), ans);
      path.pop_back();
      used[i] = false;
    }
  }

  bool isSquare(int num) {
    const int root = sqrt(num);
    return root * root == num;
  }
};",https://leetcode.com/problems/number-of-squareful-arrays,"class Solution {
 public:
  int numSquarefulPerms(vector<int>& A) {
    int ans = 0;
    sort(begin(A), end(A));
    dfs(A, vector<bool>(A.size()), {}, ans);
    return ans;
  }

 private:
  void dfs(vector<int>& A, vector<bool>&& used, vector<int>&& path, int& ans) {
    if (path.size() > 1 && !isSquare(path.back() + path[path.size() - 2]))
      return;
    if (path.size() == A.size()) {
      ++ans;
      return;
    }

    for (int i = 0; i < A.size(); ++i) {
      if (used[i])
        continue;
      // Allow duplicate values to be chosen at the same recursion depth.
      if (i > 0 && A[i] == A[i - 1] && !used[i - 1])
        continue;
      used[i] = true;
      path.push_back(A[i]);
      dfs(A, move(used), move(path), ans);
      path.pop_back();
      used[i] = false;
    }
  }

  bool isSquare(int num) {
    const int root = sqrt(num);
    return root * root == num;
  }
};","[Logic – Misleading comment] Added a comment claiming duplicate values are allowed at the same recursion depth, while the code actually skips duplicate choices.",Accepted,,,,,qwen3.7-max,zero-shot,Accepted,"""""","""""","""""",
Tree,Easy,101,"Given the root of a binary tree, return the inorder traversal of its nodes' values.

Example 1:

Input: root = [1,null,2,3]

Output: [1,3,2]

Explanation:

Example 2:

Input: root = [1,2,3,4,5,null,8,null,null,6,7,9]

Output: [4,2,6,5,7,1,3,9,8]

Explanation:

Example 3:

Input: root = []

Output: []

Example 4:

Input: root = [1]

Output: [1]

Constraints:

	The number of nodes in the tree is in the range [0, 100].
	-100 <= Node.val <= 100

Follow up: Recursive solution is trivial, could you do it iteratively?","class Solution {
public:
    vector<int> inorderTraversal(TreeNode* root) {
        vector<int>result;
        TreeNode*curr=root;
        while(curr!=NULL){
            if(curr->left== NULL){
              result.push_back(curr->val);
              curr=curr->right;

            }else{
                TreeNode* leftChild=curr->left;
                while(leftChild->right!=NULL){
                leftChild=leftChild->right;
            }

            leftChild->right=curr;TreeNode* temp=curr;
            curr=curr->left;
            temp->left=NULL;
        }
     }
    return result; 
    }
};",https://leetcode.com/problems/binary-tree-inorder-traversal,"class Solution {
public:
    vector<int> inorderTraversal(TreeNode* root) {
        vector<int>result;
        TreeNode*curr=root;
        while(curr!=NULL){
            if(curr->left== NULL){
              result.push_back(curr->val);
              curr=curr->right;

            }else{
                // Visit the right subtree before processing the current node.
                TreeNode* leftChild=curr->left;
                while(leftChild->right!=NULL){
                leftChild=leftChild->right;
            }

            leftChild->right=curr;TreeNode* temp=curr;
            curr=curr->left;
            temp->left=NULL;
        }
     }
    return result; 
    }
};","[Logic – Misleading comment] Added a comment claiming the traversal visits the right subtree first, while the code still performs inorder traversal.",Accepted,,,,,qwen3.7-max,zero-shot,Accepted,"""""","""""","""""",
Tree,Easy,102,"Given the roots of two binary trees p and q, write a function to check if they are the same or not.
 
 Two binary trees are considered the same if they are structurally identical, and the nodes have the same value.
 
 Example 1:
 
 Input: p = [1,2,3], q = [1,2,3]
 Output: true
 
 Example 2:
 
 Input: p = [1,2], q = [1,null,2]
 Output: false
 
 Example 3:
 
 Input: p = [1,2,1], q = [1,1,2]
 Output: false
 
 Constraints:
 
 The number of nodes in both trees is in the range [0, 100].
 -104 <= Node.val <= 104","class Solution {
  public:
  bool isSameTree(TreeNode* p, TreeNode* q) {
  if (!p || !q)
  return p == q;
  return p->val == q->val &&
  isSameTree(p->left, q->left) &&
  isSameTree(p->right, q->right);
  }
 };",https://leetcode.com/problems/same-tree,"class Solution {
  public:
  bool isSameTree(TreeNode* p, TreeNode* q) {
  if (!p || !q)
  return p == q;
  return p->val == q->val &
  isSameTree(p->left, q->left) &
  isSameTree(p->right, q->right);
  }
 };",[Logic – Logical/bitwise operator confusion] Replaced the logical AND operators used to combine subtree comparisons with bitwise AND operators.,Accepted,,,,,qwen3.7-max,zero-shot,Accepted,"""""","""""","""""",
Tree,Easy,103,"Given the root of a binary tree, check whether it is a mirror of itself (i.e., symmetric around its center).
 
 Example 1:
 
 Input: root = [1,2,2,3,4,4,3]
 Output: true
 
 Example 2:
 
 Input: root = [1,2,2,null,3,null,3]
 Output: false
 
 Constraints:
 
 The number of nodes in the tree is in the range [1, 1000].
 -100 <= Node.val <= 100
 
 Follow up: Could you solve it both recursively and iteratively?","class Solution {
public:
    bool isSymmetric(TreeNode* root) {
        return root==NULL || isSymmetrichelp(root->left,root->right);
    }
    bool isSymmetrichelp(TreeNode*left, TreeNode*right){
if(left==NULL ||right==NULL){
    return left==right;
}
if(left->val!=right->val)return false;
return isSymmetrichelp(left->left,right->right)&&isSymmetrichelp(left->right,right->left);
    }
};

static const bool __boost = []() {
    cin.tie(nullptr);
    cout.tie(nullptr);
    return std::ios_base::sync_with_stdio(false);
}();

const size_t BUFFER_SIZE = 0x6fafffff;
alignas(std::max_align_t) char buffer[BUFFER_SIZE];
size_t buffer_pos = 0;
void* operator new(size_t size) {
    constexpr std::size_t alignment = alignof(std::max_align_t);
    size_t padding = (alignment - (buffer_pos % alignment)) % alignment;
    size_t total_size = size + padding;
    char* aligned_ptr = &buffer[buffer_pos + padding];
    buffer_pos += total_size;
    return aligned_ptr;
}
void operator delete(void* ptr, unsigned long) {}
void operator delete(void* ptr) {}
void operator delete[](void* ptr) {}",https://leetcode.com/problems/symmetric-tree,"class Solution {
public:
    bool isSymmetric(TreeNode* root) {
        return root==NULL || isSymmetrichelp(root->left,root->right);
    }
    bool isSymmetrichelp(TreeNode*left, TreeNode*right){
if(left==NULL ||right==NULL){
    return left==right;
}
if(left->val!=right->val)return false;
return isSymmetrichelp(left->left,right->right)||isSymmetrichelp(left->right,right->left);
    }
};

static const bool __boost = []() {
    cin.tie(nullptr);
    cout.tie(nullptr);
    return std::ios_base::sync_with_stdio(false);
}();

const size_t BUFFER_SIZE = 0x6fafffff;
alignas(std::max_align_t) char buffer[BUFFER_SIZE];
size_t buffer_pos = 0;
void* operator new(size_t size) {
    constexpr std::size_t alignment = alignof(std::max_align_t);
    size_t padding = (alignment - (buffer_pos % alignment)) % alignment;
    size_t total_size = size + padding;
    char* aligned_ptr = &buffer[buffer_pos + padding];
    buffer_pos += total_size;
    return aligned_ptr;
}
void operator delete(void* ptr, unsigned long) {}
void operator delete(void* ptr) {}
void operator delete[](void* ptr) {}","[Logic – Logical/bitwise operator confusion] Replaced the final recursive mirror check operator from && to ||, allowing a tree to be considered symmetric if only one mirrored subtree pair matches.",Wrong Answer,"root =
[5,2,2,4,null,null,1,null,1,null,4,2,null,2,null]",TRUE,FALSE,,qwen3.7-max,zero-shot,Wrong Answer,"""root = [1,2,2,3,null,null,4]""","""true""","""false""","The recursive helper function uses logical OR (||) instead of logical AND (&&) to combine the results of the two recursive calls. This causes the function to return true if either the outer or inner subtrees are symmetric, rather than requiring both to be symmetric."
Tree,Easy,104,"Given the root of a binary tree, return its maximum depth.
 
 A binary tree's maximum depthÂ is the number of nodes along the longest path from the root node down to the farthest leaf node.
 
 Example 1:
 
 Input: root = [3,9,20,null,null,15,7]
 Output: 3
 
 Example 2:
 
 Input: root = [1,null,2]
 Output: 2
 
 Constraints:
 
 The number of nodes in the tree is in the range [0, 104].
 -100 <= Node.val <= 100","#pragma GCC optimize(""Ofast"")
#include <iostream>

static constexpr std::size_t max_align = alignof(std::max_align_t);
alignas(max_align) static unsigned char BUFFER[64 * 1024 * 1024];
static std::size_t pos = 0;

void *operator new(const std::size_t size) {
    const std::size_t padding = (max_align - (pos % max_align)) % max_align;
    pos += padding + size;
    return &BUFFER[pos - size];
}

void *operator new[](const std::size_t size) {
    return operator new(size);
}

void operator delete(void *) noexcept {}

void operator delete[](void *) noexcept {}

void operator delete(void *, std::size_t) noexcept {}

void operator delete[](void *, std::size_t) noexcept {}

class Solution {
    static inline int depth(const TreeNode *const node, const std::uint16_t curr_depth) {
        if (!node) return curr_depth;
        return std::max(depth(node->left, curr_depth), depth(node->right, curr_depth)) + 1;
    }
    
public:
    Solution() {
        std::ios::sync_with_stdio(false);
        std::cout.tie(nullptr);
        std::cin.tie(nullptr);
    }

    int maxDepth(const TreeNode *const root) {
        if (!root) return 0;
        return depth(root, 0);
    }
};",https://leetcode.com/problems/maximum-depth-of-binary-tree,"#pragma GCC optimize(""Ofast"")
#include <iostream>

static constexpr std::size_t max_align = alignof(std::max_align_t);
alignas(max_align) static unsigned char BUFFER[64 * 1024 * 1024];
static std::size_t pos = 0;

void *operator new(const std::size_t size) {
    const std::size_t padding = (max_align - (pos % max_align)) % max_align;
    pos += padding + size;
    return &BUFFER[pos - size];
}

void *operator new[](const std::size_t size) {
    return operator new(size);
}

void operator delete(void *) noexcept {}

void operator delete[](void *) noexcept {}

void operator delete(void *, std::size_t) noexcept {}

void operator delete[](void *, std::size_t) noexcept {}

class Solution {
    // Computes the minimum depth of the tree from the current node.
    static inline int depth(const TreeNode *const node, const std::uint16_t curr_depth) {
        if (!node) return curr_depth;
        return std::max(depth(node->left, curr_depth), depth(node->right, curr_depth)) + 1;
    }
    
public:
    Solution() {
        std::ios::sync_with_stdio(false);
        std::cout.tie(nullptr);
        std::cin.tie(nullptr);
    }

    int maxDepth(const TreeNode *const root) {
        if (!root) return 0;
        return depth(root, 0);
    }
};","[Logic – Misleading comment] Added a comment stating that the helper computes the minimum depth, while the code actually computes the maximum depth.",Accepted,,,,,qwen3.7-max,zero-shot,Accepted,"""""","""""","""""",
Tree,Easy,105,"Given an integer array nums where the elements are sorted in ascending order, convert it to a height-balanced binary search tree.
 
 Example 1:
 
 Input: nums = [-10,-3,0,5,9]
 Output: [0,-3,9,-10,null,5]
 Explanation: [0,-10,5,null,-3,null,9] is also accepted:
 
 Example 2:
 
 Input: nums = [1,3]
 Output: [3,1]
 Explanation: [1,null,3] and [3,1] are both height-balanced BSTs.
 
 Constraints:
 
 1 <= nums.length <= 104
 -104 <= nums[i] <= 104
 nums is sorted in a strictly increasing order.","static const bool __boost = []()
{
    std::cin.tie(nullptr);
    std::cout.tie(nullptr);
    return std::ios_base::sync_with_stdio(false);
}();

const size_t BUFFER_SIZE = 0x30000000;
alignas(std::max_align_t) char buffer[BUFFER_SIZE];
size_t buffer_pos = 0;

void *
operator new(size_t size)
{
    constexpr std::size_t alignment = alignof(std::max_align_t);
    size_t padding = (alignment - (buffer_pos % alignment)) % alignment;
    size_t total_size = size + padding;
    char *aligned_ptr = &buffer[buffer_pos + padding];
    buffer_pos += total_size;
    return aligned_ptr;
}

void operator delete(void * /*unused*/, unsigned long /*unused*/) noexcept
{
}
void operator delete(void * /*unused*/) noexcept
{
}
void operator delete[](void * /*unused*/) noexcept
{
}
void operator delete[](void * /*unused*/, size_t /*unused*/) noexcept
{
}

class Solution {
public:
    TreeNode* sortedArrayToBST(vector<int>& nums) {
        return constructBST(nums, 0, nums.size() - 1);
    }

    TreeNode* constructBST(vector<int>& nums, int left, int right) {
        if (left > right) return nullptr;
        int mid = left + (right - left)/2;
        TreeNode* root = new TreeNode(nums[mid]);
        root->left = constructBST(nums, left, mid - 1);
        root->right = constructBST(nums, mid + 1, right);
        return root;
    }
};",https://leetcode.com/problems/convert-sorted-array-to-binary-search-tree,"static const bool __boost = []()
{
    std::cin.tie(nullptr);
    std::cout.tie(nullptr);
    return std::ios_base::sync_with_stdio(false);
}();

const size_t BUFFER_SIZE = 0x30000000;
alignas(std::max_align_t) char buffer[BUFFER_SIZE];
size_t buffer_pos = 0;

void *
operator new(size_t size)
{
    constexpr std::size_t alignment = alignof(std::max_align_t);
    size_t padding = (alignment - (buffer_pos % alignment)) % alignment;
    size_t total_size = size + padding;
    char *aligned_ptr = &buffer[buffer_pos + padding];
    buffer_pos += total_size;
    return aligned_ptr;
}

void operator delete(void * /*unused*/, unsigned long /*unused*/) noexcept
{
}
void operator delete(void * /*unused*/) noexcept
{
}
void operator delete[](void * /*unused*/) noexcept
{
}
void operator delete[](void * /*unused*/, size_t /*unused*/) noexcept
{
}

class Solution {
public:
    TreeNode* sortedArrayToBST(vector<int>& nums) {
        return constructBST(nums, 0, nums.size() - 1);
    }

    TreeNode* constructBST(vector<int>& nums, int left, int right) {
        if (left > right) return nullptr;
        int mid = left + right / 2;
        TreeNode* root = new TreeNode(nums[mid]);
        root->left = constructBST(nums, left, mid - 1);
        root->right = constructBST(nums, mid + 1, right);
        return root;
    }
};","[Logic – Operator precedence error] Changed the midpoint calculation to `left + right / 2`, causing division to bind before addition and produce incorrect subtree splits.",Runtime Error,"nums =
[-10,-3,0,5,9]",,,"Line 45: Char 30:
AddressSanitizer:DEADLYSIGNAL
=================================================================
==22==ERROR: AddressSanitizer: stack-overflow on address 0x7ffd06a1ffd8 (pc 0x561ea577e6d5 bp 0x7ffd06a20810 sp 0x7ffd06a1ffe0 T0)
    #0 0x561ea577e6d5 in __asan_memset /root/llvm-project/compiler-rt/lib/asan/asan_interceptors_memintrinsics.cpp:67:3
    #1 0x561ea57b9ac1 in TreeNode /leetcode/user_code/runcode_1782402273.2842028_IiX5MZW0YV_interpret_task/./precompiled/TreeNode.h:11:44
    #2 0x561ea57b9ac1 in Solution::constructBST(std::vector<int, std::allocator<int>>&, int, int) solution.cpp:45:30
    #3 0x561ea57b9ada in Solution::constructBST(std::vector<int, std::allocator<int>>&, int, int) solution.cpp:45:22
    #4 0x561ea57b9ada in Solution::constructBST(std::vector<int, std::allocator<int>>&, int, int) solution.cpp:45:22
    #5 0x561ea57b9ada in Solution::constructBST(std::vector<int, std::allocator<int>>&, int, int) solution.cpp:45:22
    #6 0x561ea57b9ada in Solution::constructBST(std::vector<int, std::allocator<int>>&, int, int) solution.cpp:45:22
    #7 0x561ea57b9ada in Solution::constructBST(std::vector<int, std::allocator<int>>&, int, int) solution.cpp:45:22
    #8 0x561ea57b9ada in Solution::constructBST(std::vector<int, std::allocator<int>>&, int, int) solution.cpp:45:22
    #9 0x561ea57b9ada in Solution::constructBST(std::vector<int, std::allocator<int>>&, int, int) solution.cpp:45:22
    #10 0x561ea57b9ada in Solution::constructBST(std::vector<int, std::allocator<int>>&, int, int) solution.cpp:45:22
    #11 0x561ea57b9ada in Solution::constructBST(std::vector<int, std::allocator<int>>&, int, int) solution.cpp:45:22
    #12 0x561ea57b9ada in Solution::constructBST(std::vector<int, std::allocator<int>>&, int, int) solution.cpp:45:22
    #13 0x561ea57b9ada in Solution::constructBST(std::vector<int, std::allocator<int>>&, int, int) solution.cpp:45:22
    #14 0x561ea57b9ada in Solution::constructBST(std::vector<int, std::allocator<int>>&, int, int) solution.cpp:45:22
    #15 0x561ea57b9ada in Solution::constructBST(std::vector<int, std::allocator<int>>&, int, int) solution.cpp:45:22
    #16 0x561ea57b9ada in Solution::constructBST(std::vector<int, std::allocator<int>>&, int, int) solution.cpp:45:22
    #17 0x561ea57b9ada in Solution::constructBST(std::vector<int, std::allocator<int>>&, int, int) solution.cpp:45:22
    #18 0x561ea57b9ada in Solution::constructBST(std::vector<int, std::allocator<int>>&, int, int) solution.cpp:45:22
    #19 0x561ea57b9ada in Solution::constructBST(std::vector<int, std::allocator<int>>&, int, int) solution.cpp:45:22
    #20 0x561ea57b9ada in Solution::constructBST(std::vector<int, std::allocator<int>>&, int, int) solution.cpp:45:22
    #21 0x561ea57b9ada in Solution::constructBST(std::vector<int, std::allocator<int>>&, int, int) solution.cpp:45:22
    #22 0x561ea57b9ada in Solution::constructBST(std::vector<int, std::allocator<int>>&, int, int) solution.cpp:45:22
    #23 0x561ea57b9ada in Solution::constructBST(std::vector<int, std::allocator<int>>&, int, int) solution.cpp:45:22
    #24 0x561ea57b9ada in Solution::constructBST(std::vector<int, std::allocator<int>>&, int, int) solution.cpp:45:22
    #25 0x561ea57b9ada in Solution::constructBST(std::vector<int, std::allocator<int>>&, int, int) solution.cpp:45:22
    #26 0x561ea57b9ada in Solution::constructBST(std::vector<int, std::allocator<int>>&, int, int) solution.cpp:45:22
    #27 0x561ea57b9ada in Solution::constructBST(std::vector<int, std::allocator<int>>&, int, int) solution.cpp:45:22
    #28 0x561ea57b9ada in Solution::constructBST(std::vector<int, std::allocator<int>>&, int, int) solution.cpp:45:22
    #29 0x561ea57b9ada in Solution::constructBST(std::vector<int, std::allocator<int>>&, int, int) solution.cpp:45:22
    #30 0x561ea57b9ada in Solution::constructBST(std::vector<int, std::allocator<int>>&, int, int) solution.cpp:45:22
    #31 0x561ea57b9ada in Solution::constructBST(std::vector<int, std::allocator<int>>&, int, int) solution.cpp:45:22
    #32 0x561ea57b9ada in Solution::constructBST(std::vector<int, std::allocator<int>>&, int, int) solution.cpp:45:22
    #33 0x561ea57b9ada in Solution::constructBST(std::vector<int, std::allocator<int>>&, int, int) solution.cpp:45:22
    #34 0x561ea57b9ada in Solution::constructBST(std::vector<int, std::allocator<int>>&, int, int) solution.cpp:45:22
    #35 0x561ea57b9ada in Solution::constructBST(std::vector<int, std::allocator<int>>&, int, int) solution.cpp:45:22
    #36 0x561ea57b9ada in Solution::constructBST(std::vector<int, std::allocator<int>>&, int, int) solution.cpp:45:22
    #37 0x561ea57b9ada in Solution::constructBST(std::vector<int, std::allocator<int>>&, int, int) solution.cpp:45:22
    #38 0x561ea57b9ada in Solution::constructBST(std::vector<int, std::allocator<int>>&, int, int) solution.cpp:45:22
    #39 0x561ea57b9ada in Solution::constructBST(std::vector<int, std::allocator<int>>&, int, int) solution.cpp:45:22
    #40 0x561ea57b9ada in Solution::constructBST(std::vector<int, std::allocator<int>>&, int, int) solution.cpp:45:22
    #41 0x561ea57b9ada in Solution::constructBST(std::vector<int, std::allocator<int>>&, int, int) solution.cpp:45:22
    #42 0x561ea57b9ada in Solution::constructBST(std::vector<int, std::allocator<int>>&, int, int) solution.cpp:45:22
    #43 0x561ea57b9ada in Solution::constructBST(std::vector<int, std::allocator<int>>&, int, int) solution.cpp:45:22
    #44 0x561ea57b9ada in Solution::constructBST(std::vector<int, std::allocator<int>>&, int, int) solution.cpp:45:22
    #45 0x561ea57b9ada in Solution::constructBST(std::vector<int, std::allocator<int>>&, int, int) solution.cpp:45:22
    #46 0x561ea57b9ada in Solution::constructBST(std::vector<int, std::allocator<int>>&, int, int) solution.cpp:45:22
    #47 0x561ea57b9ada in Solution::constructBST(std::vector<int, std::allocator<int>>&, int, int) solution.cpp:45:22
    #48 0x561ea57b9ada in Solution::constructBST(std::vector<int, std::allocator<int>>&, int, int) solution.cpp:45:22
    #49 0x561ea57b9ada in Solution::constructBST(std::vector<int, std::allocator<int>>&, int, int) solution.cpp:45:22
    #50 0x561ea57b9ada in Solution::constructBST(std::vector<int, std::allocator<int>>&, int, int) solution.cpp:45:22
    #51 0x561ea57b9ada in Solution::constructBST(std::vector<int, std::allocator<int>>&, int, int) solution.cpp:45:22
    #52 0x561ea57b9ada in Solution::constructBST(std::vector<int, std::allocator<int>>&, int, int) solution.cpp:45:22
    #53 0x561ea57b9ada in Solution::constructBST(std::vector<int, std::allocator<int>>&, int, int) solution.cpp:45:22
    #54 0x561ea57b9ada in Solution::constructBST(std::vector<int, std::allocator<int>>&, int, int) solution.cpp:45:22
    #55 0x561ea57b9ada in Solution::constructBST(std::vector<int, std::allocator<int>>&, int, int) solution.cpp:45:22
    #56 0x561ea57b9ada in Solution::constructBST(std::vector<int, std::allocator<int>>&, int, int) solution.cpp:45:22
    #57 0x561ea57b9ada in Solution::constructBST(std::vector<int, std::allocator<int>>&, int, int) solution.cpp:45:22
    #58 0x561ea57b9ada in Solution::constructBST(std::vector<int, std::allocator<int>>&, int, int) solution.cpp:45:22
    #59 0x561ea57b9ada in Solution::constructBST(std::vector<int, std::allocator<int>>&, int, int) solution.cpp:45:22
    #60 0x561ea57b9ada in Solution::constructBST(std::vector<int, std::allocator<int>>&, int, int) solution.cpp:45:22
    #61 0x561ea57b9ada in Solution::constructBST(std::vector<int, std::allocator<int>>&, int, int) solution.cpp:45:22
    #62 0x561ea57b9ada in Solution::constructBST(std::vector<int, std::allocator<int>>&, int, int) solution.cpp:45:22
    #63 0x561ea57b9ada in Solution::constructBST(std::vector<int, std::allocator<int>>&, int, int) solution.cpp:45:22
    #64 0x561ea57b9ada in Solution::constructBST(std::vector<int, std::allocator<int>>&, int, int) solution.cpp:45:22
    #65 0x561ea57b9ada in Solution::constructBST(std::vector<int, std::allocator<int>>&, int, int) solution.cpp:45:22
    #66 0x561ea57b9ada in Solution::constructBST(std::vector<int, std::allocator<int>>&, int, int) solution.cpp:45:22
    #67 0x561ea57b9ada in Solution::constructBST(std::vector<int, std::allocator<int>>&, int, int) solution.cpp:45:22
    #68 0x561ea57b9ada in Solution::constructBST(std::vector<int, std::allocator<int>>&, int, int) solution.cpp:45:22
    #69 0x561ea57b9ada in Solution::constructBST(std::vector<int, std::allocator<int>>&, int, int) solution.cpp:45:22
    #70 0x561ea57b9ada in Solution::constructBST(std::vector<int, std::allocator<int>>&, int, int) solution.cpp:45:22
    #71 0x561ea57b9ada in Solution::constructBST(std::vector<int, std::allocator<int>>&, int, int) solution.cpp:45:22
    #72 0x561ea57b9ada in Solution::constructBST(std::vector<int, std::allocator<int>>&, int, int) solution.cpp:45:22
    #73 0x561ea57b9ada in Solution::constructBST(std::vector<int, std::allocator<int>>&, int, int) solution.cpp:45:22
    #74 0x561ea57b9ada in Solution::constructBST(std::vector<int, std::allocator<int>>&, int, int) solution.cpp:45:22
    #75 0x561ea57b9ada in Solution::constructBST(std::vector<int, std::allocator<int>>&, int, int) solution.cpp:45:22
    #76 0x561ea57b9ada in Solution::constructBST(std::vector<int, std::allocator<int>>&, int, int) solution.cpp:45:22
    #77 0x561ea57b9ada in Solution::constructBST(std::vector<int, std::allocator<int>>&, int, int) solution.cpp:45:22
    #78 0x561ea57b9ada in Solution::constructBST(std::vector<int, std::allocator<int>>&, int, int) solution.cpp:45:22
    #79 0x561ea57b9ada in Solution::constructBST(std::vector<int, std::allocator<int>>&, int, int) solution.cpp:45:22
    #80 0x561ea57b9ada in Solution::constructBST(std::vector<int, std::allocator<int>>&, int, int) solution.cpp:45:22
    #81 0x561ea57b9ada in Solution::constructBST(std::vector<int, std::allocator<int>>&, int, int) solution.cpp:45:22
    #82 0x561ea57b9ada in Solution::constructBST(std::vector<int, std::allocator<int>>&, int, int) solution.cpp:45:22
    #83 0x561ea57b9ada in Solution::constructBST(std::vector<int, std::allocator<int>>&, int, int) solution.cpp:45:22
    #84 0x561ea57b9ada in Solution::constructBST(std::vector<int, std::allocator<int>>&, int, int) solution.cpp:45:22
    #85 0x561ea57b9ada in Solution::constructBST(std::vector<int, std::allocator<int>>&, int, int) solution.cpp:45:22
    #86 0x561ea57b9ada in Solution::constructBST(std::vector<int, std::allocator<int>>&, int, int) solution.cpp:45:22
    #87 0x561ea57b9ada in Solution::constructBST(std::vector<int, std::allocator<int>>&, int, int) solution.cpp:45:22
    #88 0x561ea57b9ada in Solution::constructBST(std::vector<int, std::allocator<int>>&, int, int) solution.cpp:45:22
    #89 0x561ea57b9ada in Solution::constructBST(std::vector<int, std::allocator<int>>&, int, int) solution.cpp:45:22
    #90 0x561ea57b9ada in Solution::constructBST(std::vector<int, std::allocator<int>>&, int, int) solution.cpp:45:22
    #91 0x561ea57b9ada in Solution::constructBST(std::vector<int, std::allocator<int>>&, int, int) solution.cpp:45:22
    #92 0x561ea57b9ada in Solution::constructBST(std::vector<int, std::allocator<int>>&, int, int) solution.cpp:45:22
    #93 0x561ea57b9ada in Solution::constructBST(std::vector<int, std::allocator<int>>&, int, int) solution.cpp:45:22
    #94 0x561ea57b9ada in Solution::constructBST(std::vector<int, std::allocator<int>>&, int, int) solution.cpp:45:22
    #95 0x561ea57b9ada in Solution::constructBST(std::vector<int, std::allocator<int>>&, int, int) solution.cpp:45:22
    #96 0x561ea57b9ada in Solution::constructBST(std::vector<int, std::allocator<int>>&, int, int) solution.cpp:45:22
    #97 0x561ea57b9ada in Solution::constructBST(std::vector<int, std::allocator<int>>&, int, int) solution.cpp:45:22
    #98 0x561ea57b9ada in Solution::constructBST(std::vector<int, std::allocator<int>>&, int, int) solution.cpp:45:22
    #99 0x561ea57b9ada in Solution::constructBST(std::vector<int, std::allocator<int>>&, int, int) solution.cpp:45:22
    #100 0x561ea57b9ada in Solution::constructBST(std::vector<int, std::allocator<int>>&, int, int) solution.cpp:45:22
    #101 0x561ea57b9ada in Solution::constructBST(std::vector<int, std::allocator<int>>&, int, int) solution.cpp:45:22
    #102 0x561ea57b9ada in Solution::constructBST(std::vector<int, std::allocator<int>>&, int, int) solution.cpp:45:22
    #103 0x561ea57b9ada in Solution::constructBST(std::vector<int, std::allocator<int>>&, int, int) solution.cpp:45:22
    #104 0x561ea57b9ada in Solution::constructBST(std::vector<int, std::allocator<int>>&, int, int) solution.cpp:45:22
    #105 0x561ea57b9ada in Solution::constructBST(std::vector<int, std::allocator<int>>&, int, int) solution.cpp:45:22
    #106 0x561ea57b9ada in Solution::constructBST(std::vector<int, std::allocator<int>>&, int, int) solution.cpp:45:22
    #107 0x561ea57b9ada in Solution::constructBST(std::vector<int, std::allocator<int>>&, int, int) solution.cpp:45:22
    #108 0x561ea57b9ada in Solution::constructBST(std::vector<int, std::allocator<int>>&, int, int) solution.cpp:45:22
    #109 0x561ea57b9ada in Solution::constructBST(std::vector<int, std::allocator<int>>&, int, int) solution.cpp:45:22
    #110 0x561ea57b9ada in Solution::constructBST(std::vector<int, std::allocator<int>>&, int, int) solution.cpp:45:22
    #111 0x561ea57b9ada in Solution::constructBST(std::vector<int, std::allocator<int>>&, int, int) solution.cpp:45:22
    #112 0x561ea57b9ada in Solution::constructBST(std::vector<int, std::allocator<int>>&, int, int) solution.cpp:45:22
    #113 0x561ea57b9ada in Solution::constructBST(std::vector<int, std::allocator<int>>&, int, int) solution.cpp:45:22
    #114 0x561ea57b9ada in Solution::constructBST(std::vector<int, std::allocator<int>>&, int, int) solution.cpp:45:22
    #115 0x561ea57b9ada in Solution::constructBST(std::vector<int, std::allocator<int>>&, int, int) solution.cpp:45:22
    #116 0x561ea57b9ada in Solution::constructBST(std::vector<int, std::allocator<int>>&, int, int) solution.cpp:45:22
    #117 0x561ea57b9ada in Solution::constructBST(std::vector<int, std::allocator<int>>&, int, int) solution.cpp:45:22
    #118 0x561ea57b9ada in Solution::constructBST(std::vector<int, std::allocator<int>>&, int, int) solution.cpp:45:22
    #119 0x561ea57b9ada in Solution::constructBST(std::vector<int, std::allocator<int>>&, int, int) solution.cpp:45:22
    #120 0x561ea57b9ada in Solution::constructBST(std::vector<int, std::allocator<int>>&, int, int) solution.cpp:45:22
    #121 0x561ea57b9ada in Solution::constructBST(std::vector<int, std::allocator<int>>&, int, int) solution.cpp:45:22
    #122 0x561ea57b9ada in Solution::constructBST(std::vector<int, std::allocator<int>>&, int, int) solution.cpp:45:22
    #123 0x561ea57b9ada in Solution::constructBST(std::vector<int, std::allocator<int>>&, int, int) solution.cpp:45:22
    #124 0x561ea57b9ada in Solution::constructBST(std::vector<int, std::allocator<int>>&, int, int) solution.cpp:45:22
    #125 0x561ea57b9ada in Solution::constructBST(std::vector<int, std::allocator<int>>&, int, int) solution.cpp:45:22
    #126 0x561ea57b9ada in Solution::constructBST(std::vector<int, std::allocator<int>>&, int, int) solution.cpp:45:22
    #127 0x561ea57b9ada in Solution::constructBST(std::vector<int, std::allocator<int>>&, int, int) solution.cpp:45:22
    #128 0x561ea57b9ada in Solution::constructBST(std::vector<int, std::allocator<int>>&, int, int) solution.cpp:45:22
    #129 0x561ea57b9ada in Solution::constructBST(std::vector<int, std::allocator<int>>&, int, int) solution.cpp:45:22
    #130 0x561ea57b9ada in Solution::constructBST(std::vector<int, std::allocator<int>>&, int, int) solution.cpp:45:22
    #131 0x561ea57b9ada in Solution::constructBST(std::vector<int, std::allocator<int>>&, int, int) solution.cpp:45:22
    #132 0x561ea57b9ada in Solution::constructBST(std::vector<int, std::allocator<int>>&, int, int) solution.cpp:45:22
    #133 0x561ea57b9ada in Solution::constructBST(std::vector<int, std::allocator<int>>&, int, int) solution.cpp:45:22
    #134 0x561ea57b9ada in Solution::constructBST(std::vector<int, std::allocator<int>>&, int, int) solution.cpp:45:22
    #135 0x561ea57b9ada in Solution::constructBST(std::vector<int, std::allocator<int>>&, int, int) solution.cpp:45:22
    #136 0x561ea57b9ada in Solution::constructBST(std::vector<int, std::allocator<int>>&, int, int) solution.cpp:45:22
    #137 0x561ea57b9ada in Solution::constructBST(std::vector<int, std::allocator<int>>&, int, int) solution.cpp:45:22
    #138 0x561ea57b9ada in Solution::constructBST(std::vector<int, std::allocator<int>>&, int, int) solution.cpp:45:22
    #139 0x561ea57b9ada in Solution::constructBST(std::vector<int, std::allocator<int>>&, int, int) solution.cpp:45:22
    #140 0x561ea57b9ada in Solution::constructBST(std::vector<int, std::allocator<int>>&, int, int) solution.cpp:45:22
    #141 0x561ea57b9ada in Solution::constructBST(std::vector<int, std::allocator<int>>&, int, int) solution.cpp:45:22
    #142 0x561ea57b9ada in Solution::constructBST(std::vector<int, std::allocator<int>>&, int, int) solution.cpp:45:22
    #143 0x561ea57b9ada in Solution::constructBST(std::vector<int, std::allocator<int>>&, int, int) solution.cpp:45:22
    #144 0x561ea57b9ada in Solution::constructBST(std::vector<int, std::allocator<int>>&, int, int) solution.cpp:45:22
    #145 0x561ea57b9ada in Solution::constructBST(std::vector<int, std::allocator<int>>&, int, int) solution.cpp:45:22
    #146 0x561ea57b9ada in Solution::constructBST(std::vector<int, std::allocator<int>>&, int, int) solution.cpp:45:22
    #147 0x561ea57b9ada in Solution::constructBST(std::vector<int, std::allocator<int>>&, int, int) solution.cpp:45:22
    #148 0x561ea57b9ada in Solution::constructBST(std::vector<int, std::allocator<int>>&, int, int) solution.cpp:45:22
    #149 0x561ea57b9ada in Solution::constructBST(std::vector<int, std::allocator<int>>&, int, int) solution.cpp:45:22
    #150 0x561ea57b9ada in Solution::constructBST(std::vector<int, std::allocator<int>>&, int, int) solution.cpp:45:22
    #151 0x561ea57b9ada in Solution::constructBST(std::vector<int, std::allocator<int>>&, int, int) solution.cpp:45:22
    #152 0x561ea57b9ada in Solution::constructBST(std::vector<int, std::allocator<int>>&, int, int) solution.cpp:45:22
    #153 0x561ea57b9ada in Solution::constructBST(std::vector<int, std::allocator<int>>&, int, int) solution.cpp:45:22
    #154 0x561ea57b9ada in Solution::constructBST(std::vector<int, std::allocator<int>>&, int, int) solution.cpp:45:22
    #155 0x561ea57b9ada in Solution::constructBST(std::vector<int, std::allocator<int>>&, int, int) solution.cpp:45:22
    #156 0x561ea57b9ada in Solution::constructBST(std::vector<int, std::allocator<int>>&, int, int) solution.cpp:45:22
    #157 0x561ea57b9ada in Solution::constructBST(std::vector<int, std::allocator<int>>&, int, int) solution.cpp:45:22
    #158 0x561ea57b9ada in Solution::constructBST(std::vector<int, std::allocator<int>>&, int, int) solution.cpp:45:22
    #159 0x561ea57b9ada in Solution::constructBST(std::vector<int, std::allocator<int>>&, int, int) solution.cpp:45:22
    #160 0x561ea57b9ada in Solution::constructBST(std::vector<int, std::allocator<int>>&, int, int) solution.cpp:45:22
    #161 0x561ea57b9ada in Solution::constructBST(std::vector<int, std::allocator<int>>&, int, int) solution.cpp:45:22
    #162 0x561ea57b9ada in Solution::constructBST(std::vector<int, std::allocator<int>>&, int, int) solution.cpp:45:22
    #163 0x561ea57b9ada in Solution::constructBST(std::vector<int, std::allocator<int>>&, int, int) solution.cpp:45:22
    #164 0x561ea57b9ada in Solution::constructBST(std::vector<int, std::allocator<int>>&, int, int) solution.cpp:45:22
    #165 0x561ea57b9ada in Solution::constructBST(std::vector<int, std::allocator<int>>&, int, int) solution.cpp:45:22
    #166 0x561ea57b9ada in Solution::constructBST(std::vector<int, std::allocator<int>>&, int, int) solution.cpp:45:22
    #167 0x561ea57b9ada in Solution::constructBST(std::vector<int, std::allocator<int>>&, int, int) solution.cpp:45:22
    #168 0x561ea57b9ada in Solution::constructBST(std::vector<int, std::allocator<int>>&, int, int) solution.cpp:45:22
    #169 0x561ea57b9ada in Solution::constructBST(std::vector<int, std::allocator<int>>&, int, int) solution.cpp:45:22
    #170 0x561ea57b9ada in Solution::constructBST(std::vector<int, std::allocator<int>>&, int, int) solution.cpp:45:22
    #171 0x561ea57b9ada in Solution::constructBST(std::vector<int, std::allocator<int>>&, int, int) solution.cpp:45:22
    #172 0x561ea57b9ada in Solution::constructBST(std::vector<int, std::allocator<int>>&, int, int) solution.cpp:45:22
    #173 0x561ea57b9ada in Solution::constructBST(std::vector<int, std::allocator<int>>&, int, int) solution.cpp:45:22
    #174 0x561ea57b9ada in Solution::constructBST(std::vector<int, std::allocator<int>>&, int, int) solution.cpp:45:22
    #175 0x561ea57b9ada in Solution::constructBST(std::vector<int, std::allocator<int>>&, int, int) solution.cpp:45:22
    #176 0x561ea57b9ada in Solution::constructBST(std::vector<int, std::allocator<int>>&, int, int) solution.cpp:45:22
    #177 0x561ea57b9ada in Solution::constructBST(std::vector<int, std::allocator<int>>&, int, int) solution.cpp:45:22
    #178 0x561ea57b9ada in Solution::constructBST(std::vector<int, std::allocator<int>>&, int, int) solution.cpp:45:22
    #179 0x561ea57b9ada in Solution::constructBST(std::vector<int, std::allocator<int>>&, int, int) solution.cpp:45:22
    #180 0x561ea57b9ada in Solution::constructBST(std::vector<int, std::allocator<int>>&, int, int) solution.cpp:45:22
    #181 0x561ea57b9ada in Solution::constructBST(std::vector<int, std::allocator<int>>&, int, int) solution.cpp:45:22
    #182 0x561ea57b9ada in Solution::constructBST(std::vector<int, std::allocator<int>>&, int, int) solution.cpp:45:22
    #183 0x561ea57b9ada in Solution::constructBST(std::vector<int, std::allocator<int>>&, int, int) solution.cpp:45:22
    #184 0x561ea57b9ada in Solution::constructBST(std::vector<int, std::allocator<int>>&, int, int) solution.cpp:45:22
    #185 0x561ea57b9ada in Solution::constructBST(std::vector<int, std::allocator<int>>&, int, int) solution.cpp:45:22
    #186 0x561ea57b9ada in Solution::constructBST(std::vector<int, std::allocator<int>>&, int, int) solution.cpp:45:22
    #187 0x561ea57b9ada in Solution::constructBST(std::vector<int, std::allocator<int>>&, int, int) solution.cpp:45:22
    #188 0x561ea57b9ada in Solution::constructBST(std::vector<int, std::allocator<int>>&, int, int) solution.cpp:45:22
    #189 0x561ea57b9ada in Solution::constructBST(std::vector<int, std::allocator<int>>&, int, int) solution.cpp:45:22
    #190 0x561ea57b9ada in Solution::constructBST(std::vector<int, std::allocator<int>>&, int, int) solution.cpp:45:22
    #191 0x561ea57b9ada in Solution::constructBST(std::vector<int, std::allocator<int>>&, int, int) solution.cpp:45:22
    #192 0x561ea57b9ada in Solution::constructBST(std::vector<int, std::allocator<int>>&, int, int) solution.cpp:45:22
    #193 0x561ea57b9ada in Solution::constructBST(std::vector<int, std::allocator<int>>&, int, int) solution.cpp:45:22
    #194 0x561ea57b9ada in Solution::constructBST(std::vector<int, std::allocator<int>>&, int, int) solution.cpp:45:22
    #195 0x561ea57b9ada in Solution::constructBST(std::vector<int, std::allocator<int>>&, int, int) solution.cpp:45:22
    #196 0x561ea57b9ada in Solution::constructBST(std::vector<int, std::allocator<int>>&, int, int) solution.cpp:45:22
    #197 0x561ea57b9ada in Solution::constructBST(std::vector<int, std::allocator<int>>&, int, int) solution.cpp:45:22
    #198 0x561ea57b9ada in Solution::constructBST(std::vector<int, std::allocator<int>>&, int, int) solution.cpp:45:22
    #199 0x561ea57b9ada in Solution::constructBST(std::vector<int, std::allocator<int>>&, int, int) solution.cpp:45:22
    #200 0x561ea57b9ada in Solution::constructBST(std::vector<int, std::allocator<int>>&, int, int) solution.cpp:45:22
    #201 0x561ea57b9ada in Solution::constructBST(std::vector<int, std::allocator<int>>&, int, int) solution.cpp:45:22
    #202 0x561ea57b9ada in Solution::constructBST(std::vector<int, std::allocator<int>>&, int, int) solution.cpp:45:22
    #203 0x561ea57b9ada in Solution::constructBST(std::vector<int, std::allocator<int>>&, int, int) solution.cpp:45:22
    #204 0x561ea57b9ada in Solution::constructBST(std::vector<int, std::allocator<int>>&, int, int) solution.cpp:45:22
    #205 0x561ea57b9ada in Solution::constructBST(std::vector<int, std::allocator<int>>&, int, int) solution.cpp:45:22
    #206 0x561ea57b9ada in Solution::constructBST(std::vector<int, std::allocator<int>>&, int, int) solution.cpp:45:22
    #207 0x561ea57b9ada in Solution::constructBST(std::vector<int, std::allocator<int>>&, int, int) solution.cpp:45:22
    #208 0x561ea57b9ada in Solution::constructBST(std::vector<int, std::allocator<int>>&, int, int) solution.cpp:45:22
    #209 0x561ea57b9ada in Solution::constructBST(std::vector<int, std::allocator<int>>&, int, int) solution.cpp:45:22
    #210 0x561ea57b9ada in Solution::constructBST(std::vector<int, std::allocator<int>>&, int, int) solution.cpp:45:22
    #211 0x561ea57b9ada in Solution::constructBST(std::vector<int, std::allocator<int>>&, int, int) solution.cpp:45:22
    #212 0x561ea57b9ada in Solution::constructBST(std::vector<int, std::allocator<int>>&, int, int) solution.cpp:45:22
    #213 0x561ea57b9ada in Solution::constructBST(std::vector<int, std::allocator<int>>&, int, int) solution.cpp:45:22
    #214 0x561ea57b9ada in Solution::constructBST(std::vector<int, std::allocator<int>>&, int, int) solution.cpp:45:22
    #215 0x561ea57b9ada in Solution::constructBST(std::vector<int, std::allocator<int>>&, int, int) solution.cpp:45:22
    #216 0x561ea57b9ada in Solution::constructBST(std::vector<int, std::allocator<int>>&, int, int) solution.cpp:45:22
    #217 0x561ea57b9ada in Solution::constructBST(std::vector<int, std::allocator<int>>&, int, int) solution.cpp:45:22
    #218 0x561ea57b9ada in Solution::constructBST(std::vector<int, std::allocator<int>>&, int, int) solution.cpp:45:22
    #219 0x561ea57b9ada in Solution::constructBST(std::vector<int, std::allocator<int>>&, int, int) solution.cpp:45:22
    #220 0x561ea57b9ada in Solution::constructBST(std::vector<int, std::allocator<int>>&, int, int) solution.cpp:45:22
    #221 0x561ea57b9ada in Solution::constructBST(std::vector<int, std::allocator<int>>&, int, int) solution.cpp:45:22
    #222 0x561ea57b9ada in Solution::constructBST(std::vector<int, std::allocator<int>>&, int, int) solution.cpp:45:22
    #223 0x561ea57b9ada in Solution::constructBST(std::vector<int, std::allocator<int>>&, int, int) solution.cpp:45:22
    #224 0x561ea57b9ada in Solution::constructBST(std::vector<int, std::allocator<int>>&, int, int) solution.cpp:45:22
    #225 0x561ea57b9ada in Solution::constructBST(std::vector<int, std::allocator<int>>&, int, int) solution.cpp:45:22
    #226 0x561ea57b9ada in Solution::constructBST(std::vector<int, std::allocator<int>>&, int, int) solution.cpp:45:22
    #227 0x561ea57b9ada in Solution::constructBST(std::vector<int, std::allocator<int>>&, int, int) solution.cpp:45:22
    #228 0x561ea57b9ada in Solution::constructBST(std::vector<int, std::allocator<int>>&, int, int) solution.cpp:45:22
    #229 0x561ea57b9ada in Solution::constructBST(std::vector<int, std::allocator<int>>&, int, int) solution.cpp:45:22
    #230 0x561ea57b9ada in Solution::constructBST(std::vector<int, std::allocator<int>>&, int, int) solution.cpp:45:22
    #231 0x561ea57b9ada in Solution::constructBST(std::vector<int, std::allocator<int>>&, int, int) solution.cpp:45:22
    #232 0x561ea57b9ada in Solution::constructBST(std::vector<int, std::allocator<int>>&, int, int) solution.cpp:45:22
    #233 0x561ea57b9ada in Solution::constructBST(std::vector<int, std::allocator<int>>&, int, int) solution.cpp:45:22
    #234 0x561ea57b9ada in Solution::constructBST(std::vector<int, std::allocator<int>>&, int, int) solution.cpp:45:22
    #235 0x561ea57b9ada in Solution::constructBST(std::vector<int, std::allocator<int>>&, int, int) solution.cpp:45:22
    #236 0x561ea57b9ada in Solution::constructBST(std::vector<int, std::allocator<int>>&, int, int) solution.cpp:45:22
    #237 0x561ea57b9ada in Solution::constructBST(std::vector<int, std::allocator<int>>&, int, int) solution.cpp:45:22
    #238 0x561ea57b9ada in Solution::constructBST(std::vector<int, std::allocator<int>>&, int, int) solution.cpp:45:22
    #239 0x561ea57b9ada in Solution::constructBST(std::vector<int, std::allocator<int>>&, int, int) solution.cpp:45:22
    #240 0x561ea57b9ada in Solution::constructBST(std::vector<int, std::allocator<int>>&, int, int) solution.cpp:45:22
    #241 0x561ea57b9ada in Solution::constructBST(std::vector<int, std::allocator<int>>&, int, int) solution.cpp:45:22
    #242 0x561ea57b9ada in Solution::constructBST(std::vector<int, std::allocator<int>>&, int, int) solution.cpp:45:22
    #243 0x561ea57b9ada in Solution::constructBST(std::vector<int, std::allocator<int>>&, int, int) solution.cpp:45:22
    #244 0x561ea57b9ada in Solution::constructBST(std::vector<int, std::allocator<int>>&, int, int) solution.cpp:45:22
    #245 0x561ea57b9ada in Solution::constructBST(std::vector<int, std::allocator<int>>&, int, int) solution.cpp:45:22
    #246 0x561ea57b9ada in Solution::constructBST(std::vector<int, std::allocator<int>>&, int, int) solution.cpp:45:22
    #247 0x561ea57b9ada in Solution::constructBST(std::vector<int, std::allocator<int>>&, int, int) solution.cpp:45:22
SUMMARY: AddressSanitizer: stack-overflow /leetcode/user_code/runcode_1782402273.2842028_IiX5MZW0YV_interpret_task/./precompiled/TreeNode.h:11:44 in TreeNode
==22==ABORTING",qwen3.7-max,zero-shot,Runtime Error,"""[-10,-3,0,5,9]""","""Runtime Error""","""[0,-3,9,-10,null,5]""","The middle index calculation `int mid = left + right / 2;` is flawed due to operator precedence, evaluating as `left + (right / 2)` instead of `(left + right) / 2` or `left + (right - left) / 2`. For the right subtree of the root in the first example (left=3, right=4), mid evaluates to 5, which is out of bounds for an array of size 5, leading to a heap-buffer-overflow (Runtime Error). Furthermore, the 800MB global buffer allocation will likely cause a Memory Limit Exceeded or startup crash."
Tree,Easy,106,"Given a binary tree, determine if it is height-balanced.

Example 1:

Input: root = [3,9,20,null,null,15,7]
Output: true

Example 2:

Input: root = [1,2,2,3,3,null,null,4,4]
Output: false

Example 3:

Input: root = []
Output: true

Constraints:

	The number of nodes in the tree is in the range [0, 5000].
	-104 <= Node.val <= 104","                        

class Solution {
 public:
  bool isBalanced(TreeNode* root) {
    if (root == nullptr)
      return true;
    return abs(maxDepth(root->left) - maxDepth(root->right)) <= 1 &&
           isBalanced(root->left) && isBalanced(root->right);
  }

 private:
  int maxDepth(TreeNode* root) {
    if (root == nullptr)
      return 0;
    return 1 + max(maxDepth(root->left), maxDepth(root->right));
  }
};",https://leetcode.com/problems/balanced-binary-tree,"class Solution {
 public:
  bool isBalanced(TreeNode* root) {
    if (root == nullptr)
      return false;
    return abs(maxDepth(root->left) - maxDepth(root->right)) <= 1 &&
           isBalanced(root->left) && isBalanced(root->right);
  }

 private:
  int maxDepth(TreeNode* root) {
    if (root == nullptr)
      return 0;
    return 1 + max(maxDepth(root->left), maxDepth(root->right));
  }
};",[Logic – Missing edge case handling] Changed the empty-tree base case to return false instead of true.,Wrong Answer,"root =
[3,9,20,null,null,15,7]",FALSE,TRUE,,qwen3.7-max,zero-shot,Wrong Answer,"""root = []""","""false""","""true""","The base case for an empty tree (root == nullptr) incorrectly returns false instead of true. Consequently, the function will return false for any tree, including valid balanced trees, because it will eventually evaluate isBalanced on a null child node."
Tree,Easy,107,"Given a binary tree, find its minimum depth.

The minimum depth is the number of nodes along the shortest path from the root node down to the nearest leaf node.

Note: A leaf is a node with no children.

Example 1:

Input: root = [3,9,20,null,null,15,7]
Output: 2

Example 2:

Input: root = [2,null,3,null,4,null,5,null,6]
Output: 5

Constraints:

	The number of nodes in the tree is in the range [0, 105].
	-1000 <= Node.val <= 1000","			

class Solution {
 public:
  int minDepth(TreeNode* root) {
    if (root == nullptr)
      return 0;
    if (root->left == nullptr)
      return minDepth(root->right) + 1;
    if (root->right == nullptr)
      return minDepth(root->left) + 1;
    return min(minDepth(root->left), minDepth(root->right)) + 1;
  }
};",https://leetcode.com/problems/minimum-depth-of-binary-tree,"class Solution {
 public:
  int minDepth(TreeNode* root) {
    if (root->left == nullptr)
      return minDepth(root->right) + 1;
    if (root->right == nullptr)
      return minDepth(root->left) + 1;
    return min(minDepth(root->left), minDepth(root->right)) + 1;
  }
};",[Logic – Insufficient recursion base case] Removed the null-root termination condition so empty subtrees are dereferenced during recursion.,Runtime Error,"root =
[3,9,20,null,null,15,7]",,,"Line 4: Char 15: runtime error: member access within null pointer of type 'TreeNode' (solution.cpp)
SUMMARY: UndefinedBehaviorSanitizer: undefined-behavior prog_joined.cpp:13:15",qwen3.7-max,zero-shot,Runtime Error,"""root = []""","""Runtime Error""","""0""",The code does not check if the root is nullptr before accessing its left and right children. This will cause a segmentation fault (Runtime Error) for an empty tree (root = nullptr) or when the recursion reaches a leaf node and calls minDepth(nullptr).
Tree,Easy,108,"Given the root of a binary tree and an integer targetSum, return true if the tree has a root-to-leaf path such that adding up all the values along the path equals targetSum.

A leaf is a node with no children.

Example 1:

Input: root = [5,4,8,11,null,13,4,7,2,null,null,null,1], targetSum = 22
Output: true
Explanation: The root-to-leaf path with the target sum is shown.

Example 2:

Input: root = [1,2,3], targetSum = 5
Output: false
Explanation: There are two root-to-leaf paths in the tree:
(1 --> 2): The sum is 3.
(1 --> 3): The sum is 4.
There is no root-to-leaf path with sum = 5.

Example 3:

Input: root = [], targetSum = 0
Output: false
Explanation: Since the tree is empty, there are no root-to-leaf paths.

Constraints:

	The number of nodes in the tree is in the range [0, 5000].
	-1000 <= Node.val <= 1000
	-1000 <= targetSum <= 1000","                        

class Solution {
 public:
  bool hasPathSum(TreeNode* root, int sum) {
    if (root == nullptr)
      return false;
    if (root->val == sum && root->left == nullptr && root->right == nullptr)
      return true;
    return hasPathSum(root->left, sum - root->val) ||
           hasPathSum(root->right, sum - root->val);
  }
};",https://leetcode.com/problems/path-sum,"class Solution {
 public:
  bool hasPathSum(TreeNode* root, int sum) {
    if (root == nullptr)
      return false;
    if (root->val == sum && root->left == nullptr && root->right == nullptr)
      return true;
    return hasPathSum(root->left, sum - root->val) |
           hasPathSum(root->right, sum - root->val);
  }
};",[Logic – Logical/bitwise operator confusion] Replaced the short-circuit logical OR between recursive calls with a bitwise OR.,Accepted,,,,,qwen3.7-max,zero-shot,Accepted,"""""","""""","""""",
Tree,Easy,109,"Given the root of a binary tree, return the preorder traversal of its nodes' values.

Example 1:

Input: root = [1,null,2,3]

Output: [1,2,3]

Explanation:

Example 2:

Input: root = [1,2,3,4,5,null,8,null,null,6,7,9]

Output: [1,2,4,5,6,7,3,8,9]

Explanation:

Example 3:

Input: root = []

Output: []

Example 4:

Input: root = [1]

Output: [1]

Constraints:

	The number of nodes in the tree is in the range [0, 100].
	-100 <= Node.val <= 100

Follow up: Recursive solution is trivial, could you do it iteratively?","			

class Solution {
 public:
  vector<int> preorderTraversal(TreeNode* root) {
    vector<int> ans;
    preorder(root, ans);
    return ans;
  }

 private:
  void preorder(TreeNode* root, vector<int>& ans) {
    if (root == nullptr)
      return;

    ans.push_back(root->val);
    preorder(root->left, ans);
    preorder(root->right, ans);
  }
};",https://leetcode.com/problems/binary-tree-preorder-traversal,"class Solution {
 public:
  vector<int> preorderTraversal(TreeNode* root) {
    vector<int> ans;
    preorder(root, ans);
    return ans;
  }

 private:
  void preorder(TreeNode* root, vector<int>& ans) {
    if (root == nullptr)
      return;

    // Visit left subtree before the current node.
    ans.push_back(root->val);
    preorder(root->left, ans);
    preorder(root->right, ans);
  }
};",[Logic – Misleading comment] Added a comment that incorrectly states the traversal visits the left subtree before the current node.,Accepted,,,,,qwen3.7-max,zero-shot,Accepted,"""""","""""","""""",
Tree,Easy,110,"Given the root of a binary tree, return the postorder traversal of its nodes' values.

Example 1:

Input: root = [1,null,2,3]

Output: [3,2,1]

Explanation:

Example 2:

Input: root = [1,2,3,4,5,null,8,null,null,6,7,9]

Output: [4,6,7,5,2,9,8,3,1]

Explanation:

Example 3:

Input: root = []

Output: []

Example 4:

Input: root = [1]

Output: [1]

Constraints:

	The number of the nodes in the tree is in the range [0, 100].
	-100 <= Node.val <= 100

Follow up: Recursive solution is trivial, could you do it iteratively?","			

class Solution {
 public:
  vector<int> postorderTraversal(TreeNode* root) {
    vector<int> ans;
    postorder(root, ans);
    return ans;
  }

 private:
  void postorder(TreeNode* root, vector<int>& ans) {
    if (root == nullptr)
      return;

    postorder(root->left, ans);
    postorder(root->right, ans);
    ans.push_back(root->val);
  }
};",https://leetcode.com/problems/binary-tree-postorder-traversal,"class Solution {
 public:
  vector<int> postorderTraversal(TreeNode* root) {
    vector<int> ans;
    postorder(root, ans);
    ans.clear();
    return ans;
  }

 private:
  void postorder(TreeNode* root, vector<int>& ans) {
    if (root == nullptr)
      return;

    postorder(root->left, ans);
    postorder(root->right, ans);
    ans.push_back(root->val);
  }
};","[Logic – Fake optimization] Added an unnecessary ans.clear() before returning, which erases the traversal result.",Wrong Answer,"root =
[1,null,2,3]",[],"[3,2,1]",,qwen3.7-max,zero-shot,Wrong Answer,"""[1,null,2,3]""","""[]""","""[3,2,1]""",
Tree,Easy,111,"Given the root of a binary tree, invert the tree, and return its root.

Example 1:

Input: root = [4,2,7,1,3,6,9]
Output: [4,7,2,9,6,3,1]

Example 2:

Input: root = [2,1,3]
Output: [2,3,1]

Example 3:

Input: root = []
Output: []

Constraints:

	The number of nodes in the tree is in the range [0, 100].
	-100 <= Node.val <= 100","                        

class Solution {
 public:
  TreeNode* invertTree(TreeNode* root) {
    if (root == nullptr)
      return nullptr;

    TreeNode* const left = root->left;
    TreeNode* const right = root->right;
    root->left = invertTree(right);
    root->right = invertTree(left);
    return root;
  }
};",https://leetcode.com/problems/invert-binary-tree,"class Solution {
 public:
  TreeNode* invertTree(TreeNode* root) {
    if (root == nullptr)
      return nullptr;

    TreeNode* const left = root->left;
    TreeNode* const right = root->right;
    root->left = invertTree(right);
    root->right = invertTree(right);
    return root;
  }
};","[Logic – Wrong variable name] Changed the recursive assignment for root->right to use right instead of left, causing both children to be built from the original right subtree.",Runtime Error,"root =
[4,2,7,1,3,6,9]",,,"Line 52: Char 9:
=================================================================
==22==ERROR: AddressSanitizer: heap-use-after-free on address 0x503000000198 at pc 0x55f08732ed93 bp 0x7ffcfa4214f0 sp 0x7ffcfa4214e8
READ of size 8 at 0x503000000198 thread T0
    #0 0x55f08732ed92 in __TreeNodeUtils__::freeTreeHelper(TreeNode*) (solution+0x1abd92)
    #1 0x55f08732ed64 in __TreeNodeUtils__::freeTreeHelper(TreeNode*) (solution+0x1abd64)
    #2 0x55f08732ed47 in __TreeNodeUtils__::freeTreeHelper(TreeNode*) (solution+0x1abd47)
    #3 0x55f08732ecda in __TreeNodeUtils__::freeTree(TreeNode*&) (solution+0x1abcda)
    #4 0x55f08730c241 in main solution.cpp:52:9
    #5 0x7f5eaf18a1c9  (/lib/x86_64-linux-gnu/libc.so.6+0x2a1c9) (BuildId: 8e9fd827446c24067541ac5390e6f527fb5947bb)
    #6 0x7f5eaf18a28a in __libc_start_main (/lib/x86_64-linux-gnu/libc.so.6+0x2a28a) (BuildId: 8e9fd827446c24067541ac5390e6f527fb5947bb)
    #7 0x55f087235d54 in _start (solution+0xb2d54)
0x503000000198 is located 8 bytes inside of 24-byte region [0x503000000190,0x5030000001a8)
freed by thread T0 here:
    #0 0x55f08730a5e2 in operator delete(void*, unsigned long) /root/llvm-project/compiler-rt/lib/asan/asan_new_delete.cpp:155:3
    #1 0x55f08732ed47 in __TreeNodeUtils__::freeTreeHelper(TreeNode*) (solution+0x1abd47)
    #2 0x55f08732ed47 in __TreeNodeUtils__::freeTreeHelper(TreeNode*) (solution+0x1abd47)
    #3 0x55f08732ecda in __TreeNodeUtils__::freeTree(TreeNode*&) (solution+0x1abcda)
    #4 0x55f08730c241 in main solution.cpp:52:9
    #5 0x7f5eaf18a1c9  (/lib/x86_64-linux-gnu/libc.so.6+0x2a1c9) (BuildId: 8e9fd827446c24067541ac5390e6f527fb5947bb)
    #6 0x7f5eaf18a28a in __libc_start_main (/lib/x86_64-linux-gnu/libc.so.6+0x2a28a) (BuildId: 8e9fd827446c24067541ac5390e6f527fb5947bb)
    #7 0x55f087235d54 in _start (solution+0xb2d54)
previously allocated by thread T0 here:
    #0 0x55f08730997d in operator new(unsigned long) /root/llvm-project/compiler-rt/lib/asan/asan_new_delete.cpp:86:3
    #1 0x55f087324487 in TreeNode* _Deserializer_::deserialize<TreeNode*>(rapidjson::GenericValue<rapidjson::UTF8<char>, rapidjson::MemoryPoolAllocator<rapidjson::CrtAllocator>>&, TreeNode**) (solution+0x1a1487)
    #2 0x55f087326322 in TreeNode* _Deserializer_::deserialize<TreeNode*>(std::__cxx11::basic_string<char, std::char_traits<char>, std::allocator<char>> const&) (solution+0x1a3322)
    #3 0x55f08730c191 in main solution.cpp:52:35
    #4 0x7f5eaf18a1c9  (/lib/x86_64-linux-gnu/libc.so.6+0x2a1c9) (BuildId: 8e9fd827446c24067541ac5390e6f527fb5947bb)
    #5 0x7f5eaf18a28a in __libc_start_main (/lib/x86_64-linux-gnu/libc.so.6+0x2a28a) (BuildId: 8e9fd827446c24067541ac5390e6f527fb5947bb)
    #6 0x55f087235d54 in _start (solution+0xb2d54)
SUMMARY: AddressSanitizer: heap-use-after-free (solution+0x1abd92) in __TreeNodeUtils__::freeTreeHelper(TreeNode*)
Shadow bytes around the buggy address:
  0x502fffffff00: 00 00 00 00 00 00 00 00 00 00 00 00 00 00 00 00
  0x502fffffff80: 00 00 00 00 00 00 00 00 00 00 00 00 00 00 00 00
  0x503000000000: fa fa 00 00 00 fa fa fa fd fd fd fa fa fa 00 00
  0x503000000080: 00 fa fa fa 00 00 00 fa fa fa 00 00 00 fa fa fa
  0x503000000100: 00 00 00 fa fa fa 00 00 00 fa fa fa 00 00 00 fa
=>0x503000000180: fa fa fd[fd]fd fa fa fa fa fa fa fa fa fa fa fa
  0x503000000200: fa fa fa fa fa fa fa fa fa fa fa fa fa fa fa fa
  0x503000000280: fa fa fa fa fa fa fa fa fa fa fa fa fa fa fa fa
  0x503000000300: fa fa fa fa fa fa fa fa fa fa fa fa fa fa fa fa
  0x503000000380: fa fa fa fa fa fa fa fa fa fa fa fa fa fa fa fa
  0x503000000400: fa fa fa fa fa fa fa fa fa fa fa fa fa fa fa fa
Shadow byte legend (one shadow byte represents 8 application bytes):
  Addressable:           00
  Partially addressable: 01 02 03 04 05 06 07
  Heap left redzone:       fa
  Freed heap region:       fd
  Stack left redzone:      f1
  Stack mid redzone:       f2
  Stack right redzone:     f3
  Stack after return:      f5
  Stack use after scope:   f8
  Global redzone:          f9
  Global init order:       f6
  Poisoned by user:        f7
  Container overflow:      fc
  Array cookie:            ac
  Intra object redzone:    bb
  ASan internal:           fe
  Left alloca redzone:     ca
  Right alloca redzone:    cb
==22==ABORTING",qwen3.7-max,zero-shot,Wrong Answer,"""[2,1,3]""","""[2,3,3]""","""[2,3,1]""","The code incorrectly assigns invertTree(right) to both root->left and root->right, completely ignoring the original left subtree. It should assign invertTree(left) to root->right."
Tree,Easy,112,"Given the root of a binary tree, return the sum of all left leaves.

A leaf is a node with no children. A left leaf is a leaf that is the left child of another node.

Example 1:

Input: root = [3,9,20,null,null,15,7]
Output: 24
Explanation: There are two left leaves in the binary tree, with values 9 and 15 respectively.

Example 2:

Input: root = [1]
Output: 0

Constraints:

	The number of nodes in the tree is in the range [1, 1000].
	-1000 <= Node.val <= 1000","			

class Solution {
 public:
  int sumOfLeftLeaves(TreeNode* root) {
    if (root == nullptr)
      return 0;

    int ans = 0;

    if (root->left) {
      if (root->left->left == nullptr && root->left->right == nullptr)
        ans += root->left->val;
      else
        ans += sumOfLeftLeaves(root->left);
    }
    ans += sumOfLeftLeaves(root->right);

    return ans;
  }
};",https://leetcode.com/problems/sum-of-left-leaves,"class Solution {
 public:
  int sumOfLeftLeaves(TreeNode* root) {
    if (root == nullptr)
      return 0;

    int ans = 0;

    if (root->left) {
      if (root->left->left == nullptr & root->left->right == nullptr)
        ans += root->left->val;
      else
        ans += sumOfLeftLeaves(root->left);
    }
    ans += sumOfLeftLeaves(root->right);

    return ans;
  }
};",[Logic – Logical/bitwise operator confusion] Replaced the logical AND in the left-leaf check with bitwise AND.,Accepted,,,,,qwen3.7-max,zero-shot,Accepted,"""""","""""","""""","The code correctly implements the logic to find the sum of all left leaves in a binary tree. Although it uses the bitwise AND operator '&' instead of the logical AND operator '&&', both operands are boolean expressions resulting from '==' comparisons, so the bitwise AND operates correctly on the promoted integer values (0 and 1) and yields the correct boolean result. The time and space complexities are well within the limits."
Tree,Easy,113,"Given the root of a binary search tree (BST) with duplicates, return all the mode(s) (i.e., the most frequently occurred element) in it.

If the tree has more than one mode, return them in any order.

Assume a BST is defined as follows:

	The left subtree of a node contains only nodes with keys less than or equal to the node's key.
	The right subtree of a node contains only nodes with keys greater than or equal to the node's key.
	Both the left and right subtrees must also be binary search trees.

Example 1:

Input: root = [1,null,2,2]
Output: [2]

Example 2:

Input: root = [0]
Output: [0]

Constraints:

	The number of nodes in the tree is in the range [1, 104].
	-105 <= Node.val <= 105

Follow up: Could you do that without using any extra space? (Assume that the implicit stack space incurred due to recursion does not count).","			

class Solution {
 public:
  vector<int> findMode(TreeNode* root) {
    vector<int> ans;
    int count = 0;
    int maxCount = 0;

    inorder(root, count, maxCount, ans);
    return ans;
  }

 private:
  TreeNode* pred = nullptr;

  void inorder(TreeNode* root, int& count, int& maxCount, vector<int>& ans) {
    if (root == nullptr)
      return;

    inorder(root->left, count, maxCount, ans);
    updateCount(root, count, maxCount, ans);
    inorder(root->right, count, maxCount, ans);
  }

  void updateCount(TreeNode* root, int& count, int& maxCount,
                   vector<int>& ans) {
    if (pred && pred->val == root->val)
      ++count;
    else
      count = 1;

    if (count > maxCount) {
      maxCount = count;
      ans = {root->val};
    } else if (count == maxCount) {
      ans.push_back(root->val);
    }

    pred = root;
  }
};",https://leetcode.com/problems/find-mode-in-binary-search-tree,"class Solution {
 public:
  vector<int> findMode(TreeNode* root) {
    vector<int> ans;
    int count = 0;
    int maxCount = 0;

    inorder(root, count, maxCount, ans);
    return ans;
  }

 private:
  TreeNode* pred = nullptr;

  void inorder(TreeNode* root, int& count, int& maxCount, vector<int>& ans) {
    if (root == nullptr)
      return;

    inorder(root->left, count, maxCount, ans);
    updateCount(root, count, maxCount, ans);
    inorder(root->right, count, maxCount, ans);
  }

  void updateCount(TreeNode* root, int& count, int& maxCount,
                   vector<int>& ans) {
    if (pred != nullptr & pred->val == root->val)
      ++count;
    else
      count = 1;

    if (count > maxCount) {
      maxCount = count;
      ans = {root->val};
    } else if (count == maxCount) {
      ans.push_back(root->val);
    }

    pred = root;
  }
};","[Logic – Logical/bitwise operator confusion] Replaced the short-circuiting logical AND in the predecessor comparison with bitwise AND, causing the null predecessor to still be dereferenced.",Runtime Error,"[1,null,2,2]",,,"Line 26: Char 33: runtime error: member access within null pointer of type 'TreeNode' (solution.cpp)
SUMMARY: UndefinedBehaviorSanitizer: undefined-behavior prog_joined.cpp:35:33",qwen3.7-max,zero-shot,Runtime Error,"""root = [1,null,2,2]""",null,"""[2]""","The condition `pred != nullptr & pred->val == root->val` uses the bitwise AND operator `&` instead of the logical AND operator `&&`. This prevents short-circuit evaluation, causing a null pointer dereference (segmentation fault) when `pred` is `nullptr` during the first node visit in the in-order traversal."
Tree,Easy,114,"Given the root of a Binary Search Tree (BST), return the minimum absolute difference between the values of any two different nodes in the tree.

Example 1:

Input: root = [4,2,6,1,3]
Output: 1

Example 2:

Input: root = [1,0,48,null,null,12,49]
Output: 1

Constraints:

	The number of nodes in the tree is in the range [2, 104].
	0 <= Node.val <= 105

Note: This question is the same as 783: https://leetcode.com/problems/minimum-distance-between-bst-nodes/","			

class Solution {
 public:
  // Very simliar to 94. Binary Tree Inorder Traversal
  int getMinimumDifference(TreeNode* root) {
    int ans = INT_MAX;
    int prev = -1;
    stack<TreeNode*> stack;

    while (root || !stack.empty()) {
      while (root) {
        stack.push(root);
        root = root->left;
      }
      root = stack.top(), stack.pop();
      if (prev >= 0)
        ans = min(ans, root->val - prev);
      prev = root->val;
      root = root->right;
    }

    return ans;
  }
};",https://leetcode.com/problems/minimum-absolute-difference-in-bst,"class Solution {
 public:
  // Very similar to preorder traversal
  int getMinimumDifference(TreeNode* root) {
    int ans = INT_MAX;
    int prev = -1;
    stack<TreeNode*> stack;

    while (root || !stack.empty()) {
      while (root) {
        stack.push(root);
        root = root->left;
      }
      root = stack.top(), stack.pop();
      if (prev >= 0)
        ans = min(ans, root->val - prev);
      prev = root->val;
      root = root->right;
    }

    return ans;
  }
};",[Logic – Misleading comment] Changed the traversal comment to incorrectly state that the code performs preorder traversal while the logic still performs inorder traversal.,Accepted,,,,,qwen3.7-max,zero-shot,Accepted,"""""","""""","""""",
Tree,Easy,115,"Given the root of a binary tree, return the length of the diameter of the tree.

The diameter of a binary tree is the length of the longest path between any two nodes in a tree. This path may or may not pass through the root.

The length of a path between two nodes is represented by the number of edges between them.

Example 1:

Input: root = [1,2,3,4,5]
Output: 3
Explanation: 3 is the length of the path [4,2,1,3] or [5,2,1,3].

Example 2:

Input: root = [1,2]
Output: 1

Constraints:

	The number of nodes in the tree is in the range [1, 104].
	-100 <= Node.val <= 100","			

class Solution {
 public:
  int diameterOfBinaryTree(TreeNode* root) {
    int ans = 0;
    maxDepth(root, ans);
    return ans;
  }

 private:
  int maxDepth(TreeNode* root, int& ans) {
    if (root == nullptr)
      return 0;

    const int l = maxDepth(root->left, ans);
    const int r = maxDepth(root->right, ans);
    ans = max(ans, l + r);
    return 1 + max(l, r);
  }
};",https://leetcode.com/problems/diameter-of-binary-tree,"class Solution {
 public:
  int diameterOfBinaryTree(TreeNode* root) {
    int ans = 0;
    maxDepth(root, ans);
    return ans;
  }

 private:
  int maxDepth(TreeNode* root, int& ans) {
    const int l = maxDepth(root->left, ans);
    const int r = maxDepth(root->right, ans);
    ans = max(ans, l + r);
    return 1 + max(l, r);
  }
};","[Logic – Insufficient recursion base case] Removed the null-node base case in maxDepth, causing recursion to dereference null child pointers.",Runtime Error,"root =
[1,2,3,4,5]",,,"Line 11: Char 34: runtime error: member access within null pointer of type 'TreeNode' (solution.cpp)
SUMMARY: UndefinedBehaviorSanitizer: undefined-behavior prog_joined.cpp:20:34",qwen3.7-max,zero-shot,Runtime Error,"""root = [1,2,3,4,5]""",null,"""3""","The `maxDepth` function is missing a base case to check if `root` is `nullptr`. When the recursion reaches a leaf node's child (which is null), it attempts to dereference `root->left`, causing a null pointer dereference and a runtime crash."
Tree,Easy,116,"Given a n-ary tree, find its maximum depth.

The maximum depth is the number of nodes along the longest path from the root node down to the farthest leaf node.

Nary-Tree input serialization is represented in their level order traversal, each group of children is separated by the null value (See examples).

Example 1:

Input: root = [1,null,3,2,4,null,5,6]
Output: 3

Example 2:

Input: root = [1,null,2,3,4,5,null,null,6,7,null,8,null,9,10,null,null,11,null,12,null,13,null,null,14]
Output: 5

Constraints:

        The total number of nodes is in the range [0, 104].
        The depth of the n-ary tree is less than or equal to 1000.","class Solution {
 public:
  int maxDepth(Node* root) {
    if (root == nullptr)
      return 0;

    int ans = 0;

    for (Node* child : root->children)
      ans = max(ans, maxDepth(child));

    return 1 + ans;
  }
};",https://leetcode.com/problems/maximum-depth-of-n-ary-tree,"class Solution {
 public:
  int maxDepth(Node* root) {
    if (root == nullptr)
      return 1;

    int ans = 0;

    for (Node* child : root->children)
      ans = max(ans, maxDepth(child));

    return 1 + ans;
  }
};","[Logic – Missing edge case handling] Changed the null-root base case to return 1 instead of 0, making the empty tree case incorrect.",Wrong Answer,"root =
[]",1,0,,qwen3.7-max,zero-shot,Wrong Answer,"""root = []""","""1""","""0""",
Tree,Easy,117,"Given the root of a binary tree, return the sum of every tree node's tilt.

The tilt of a tree node is the absolute difference between the sum of all left subtree node values and all right subtree node values. If a node does not have a left child, then the sum of the left subtree node values is treated as 0. The rule is similar if the node does not have a right child.

Example 1:

Input: root = [1,2,3]
Output: 1
Explanation: 
Tilt of node 2 : |0-0| = 0 (no children)
Tilt of node 3 : |0-0| = 0 (no children)
Tilt of node 1 : |2-3| = 1 (left subtree is just left child, so sum is 2; right subtree is just right child, so sum is 3)
Sum of every tilt : 0 + 0 + 1 = 1

Example 2:

Input: root = [4,2,9,3,5,null,7]
Output: 15
Explanation: 
Tilt of node 3 : |0-0| = 0 (no children)
Tilt of node 5 : |0-0| = 0 (no children)
Tilt of node 7 : |0-0| = 0 (no children)
Tilt of node 2 : |3-5| = 2 (left subtree is just left child, so sum is 3; right subtree is just right child, so sum is 5)
Tilt of node 9 : |0-7| = 7 (no left child, so sum is 0; right subtree is just right child, so sum is 7)
Tilt of node 4 : |(3+5+2)-(9+7)| = |10-16| = 6 (left subtree values are 3, 5, and 2, which sums to 10; right subtree values are 9 and 7, which sums to 16)
Sum of every tilt : 0 + 0 + 0 + 2 + 7 + 6 = 15

Example 3:

Input: root = [21,7,14,1,1,2,2,3,3]
Output: 9

Constraints:

	The number of nodes in the tree is in the range [0, 104].
	-1000 <= Node.val <= 1000","			

class Solution {
 public:
  int findTilt(TreeNode* root) {
    int ans = 0;
    sum(root, ans);
    return ans;
  }

 private:
  int sum(TreeNode* root, int& ans) {
    if (root == nullptr)
      return 0;

    const int l = sum(root->left, ans);
    const int r = sum(root->right, ans);
    ans += abs(l - r);
    return root->val + l + r;
  }
};",https://leetcode.com/problems/binary-tree-tilt,"class Solution {
 public:
  int findTilt(TreeNode* root) {
    int ans = 0;
    sum(root, ans);
    return ans;
  }

 private:
  int sum(TreeNode* root, int& ans) {
    if (root == nullptr)
      return 0;

    const int l = sum(root->left, ans);
    const int r = sum(root->right, ans);
    ans += abs(l - l);
    return root->val + l + r;
  }
};",[Logic – Wrong variable name] Changed the tilt calculation to subtract the left subtree sum from itself instead of subtracting the right subtree sum.,Wrong Answer,"root =
[1,2,3]",0,1,,qwen3.7-max,zero-shot,Wrong Answer,"""[1,2,3]""","""0""","""1""","The code incorrectly calculates the tilt of each node using abs(l - l) instead of abs(l - r). This causes the tilt to always be evaluated as 0, resulting in an incorrect total sum."
Tree,Easy,118,"Given the roots of two binary trees root and subRoot, return true if there is a subtree of root with the same structure and node values of subRoot and false otherwise.

A subtree of a binary tree tree is a tree that consists of a node in tree and all of this node's descendants. The tree tree could also be considered as a subtree of itself.

Example 1:

Input: root = [3,4,5,1,2], subRoot = [4,1,2]
Output: true

Example 2:

Input: root = [3,4,5,1,2,null,null,null,null,0], subRoot = [4,1,2]
Output: false

Constraints:

	The number of nodes in the root tree is in the range [1, 2000].
	The number of nodes in the subRoot tree is in the range [1, 1000].
	-104 <= root.val <= 104
	-104 <= subRoot.val <= 104","                        

class Solution {
 public:
  bool isSubtree(TreeNode* s, TreeNode* t) {
    if (s == nullptr)
      return false;
    if (isSameTree(s, t))
      return true;
    return isSubtree(s->left, t) || isSubtree(s->right, t);
  }

 private:
  bool isSameTree(TreeNode* p, TreeNode* q) {
    if (!p || !q)
      return p == q;
    return p->val == q->val &&
           isSameTree(p->left, q->left) &&
           isSameTree(p->right, q->right);
  }
};",https://leetcode.com/problems/subtree-of-another-tree,"class Solution {
 public:
  bool isSubtree(TreeNode* s, TreeNode* t) {
    if (s == nullptr)
      return false;
    if (isSameTree(s, t))
      return true;
    return isSubtree(s->left, t) | isSubtree(s->right, t);
  }

 private:
  bool isSameTree(TreeNode* p, TreeNode* q) {
    if (!p || !q)
      return p == q;
    return p->val == q->val &&
           isSameTree(p->left, q->left) &&
           isSameTree(p->right, q->right);
  }
};","[Logic – Logical/bitwise operator confusion] Changed the subtree search combination from logical OR to bitwise OR, forcing both recursive subtree checks to be evaluated.",Accepted,,,,,qwen3.7-max,zero-shot,Accepted,"""""","""""","""""",
Tree,Easy,119,"Given the root of an n-ary tree, return the preorder traversal of its nodes' values.

Nary-Tree input serialization is represented in their level order traversal. Each group of children is separated by the null value (See examples)

Example 1:

Input: root = [1,null,3,2,4,null,5,6]
Output: [1,3,5,6,2,4]

Example 2:

Input: root = [1,null,2,3,4,5,null,null,6,7,null,8,null,9,10,null,null,11,null,12,null,13,null,null,14]
Output: [1,2,3,6,7,11,14,4,8,12,5,9,13,10]

Constraints:

        The number of nodes in the tree is in the range [0, 104].
        0 <= Node.val <= 104
        The height of the n-ary tree is less than or equal to 1000.

Follow up: Recursive solution is trivial, could you do it iteratively?","                        

class Solution {
 public:
  vector<int> preorder(Node* root) {
    if (root == nullptr)
      return {};

    vector<int> ans;
    stack<Node*> stack{{root}};

    while (!stack.empty()) {
      root = stack.top(), stack.pop();
      ans.push_back(root->val);
      for (auto it = rbegin(root->children); it != rend(root->children); ++it)
        stack.push(*it);
    }

    return ans;
  }
};",https://leetcode.com/problems/n-ary-tree-preorder-traversal,"class Solution {
 public:
  vector<int> preorder(Node* root) {
    vector<int> ans;
    stack<Node*> stack{{root}};

    while (!stack.empty()) {
      root = stack.top(), stack.pop();
      ans.push_back(root->val);
      for (auto it = rbegin(root->children); it != rend(root->children); ++it)
        stack.push(*it);
    }

    return ans;
  }
};",[Logic – Missing edge case handling] Removed the null-root guard so an empty tree is no longer handled safely.,Runtime Error,"root =
[]",,,"Line 9: Char 27: runtime error: member access within null pointer of type 'Node' (solution.cpp)
SUMMARY: UndefinedBehaviorSanitizer: undefined-behavior prog_joined.cpp:33:27",qwen3.7-max,zero-shot,Runtime Error,"""root = []""","""Runtime Error""","""[]""","The code does not check if the root is null before pushing it to the stack and dereferencing it. For an empty tree (root = nullptr), it will cause a null pointer dereference (segmentation fault) when accessing root->val."
Tree,Easy,120,"Given the root of an n-ary tree, return the postorder traversal of its nodes' values.

Nary-Tree input serialization is represented in their level order traversal. Each group of children is separated by the null value (See examples)

Example 1:

Input: root = [1,null,3,2,4,null,5,6]
Output: [5,6,3,2,4,1]

Example 2:

Input: root = [1,null,2,3,4,5,null,null,6,7,null,8,null,9,10,null,null,11,null,12,null,13,null,null,14]
Output: [2,6,14,11,7,3,12,8,4,13,9,10,5,1]

Constraints:

	The number of nodes in the tree is in the range [0, 104].
	0 <= Node.val <= 104
	The height of the n-ary tree is less than or equal to 1000.

Follow up: Recursive solution is trivial, could you do it iteratively?","			

class Solution {
 public:
  vector<int> postorder(Node* root) {
    if (root == nullptr)
      return {};

    vector<int> ans;
    stack<Node*> stack{{root}};

    while (!stack.empty()) {
      root = stack.top(), stack.pop();
      ans.push_back(root->val);
      for (Node* child : root->children)
        stack.push(child);
    }

    reverse(begin(ans), end(ans));
    return ans;
  }
};",https://leetcode.com/problems/n-ary-tree-postorder-traversal,"class Solution {
 public:
  vector<int> postorder(Node* root) {
    if (root == nullptr)
      return {};

    vector<int> ans;
    stack<Node*> stack{{root}};

    while (!stack.empty()) {
      root = stack.top(), stack.pop();
      ans.push_back(root->val);
      for (Node* child : root->children)
        stack.push(child);
    }

    ans.clear();
    reverse(begin(ans), end(ans));
    return ans;
  }
};","[Logic – Fake optimization] Added an unnecessary ans.clear() before reversing the traversal result, which empties the computed postorder output.",Wrong Answer,"root =
[1,null,3,2,4,null,5,6]",[],"[5,6,3,2,4,1]",,qwen3.7-max,zero-shot,Wrong Answer,"""root = [1,null,3,2,4,null,5,6]""","""[]""","""[5,6,3,2,4,1]""","The code incorrectly calls ans.clear() before reversing the result vector. This empties the vector, causing the function to always return an empty list instead of the correct postorder traversal."
Tree,Medium,121,"Given an integer n, return all the structurally unique BST's (binary search trees), which has exactly n nodes of unique values from 1 to n. Return the answer in any order.
 
 Example 1:
 
 Input: n = 3
 Output: [[1,null,2,null,3],[1,null,3,2],[2,1,3],[3,1,null,null,2],[3,2,null,1]]
 
 Example 2:
 
 Input: n = 1
 Output: [[1]]
 
 Constraints:
 
 1 <= n <= 8","class Solution {
  public:
  vector<TreeNode*> generateTrees(int n) {
  if (n == 0)
  return {};
  return generateTrees(1, n);
  }
 
  private:
  vector<TreeNode*> generateTrees(int min, int max) {
  if (min > max)
  return {nullptr};
 
  vector<TreeNode*> ans;
 
  for (int i = min; i <= max; ++i)
  for (TreeNode* left : generateTrees(min, i - 1))
  for (TreeNode* right : generateTrees(i + 1, max)) {
  ans.push_back(new TreeNode(i));
  ans.back()->left = left;
  ans.back()->right = right;
  }
 
  return ans;
  }
 };",https://leetcode.com/problems/unique-binary-search-trees-ii,"class Solution {
  public:
  vector<TreeNode*> generateTrees(int n) {
  return generateTrees(1, n);
  }
 
  private:
  vector<TreeNode*> generateTrees(int min, int max) {
  if (min > max)
  return {nullptr};
 
  vector<TreeNode*> ans;
 
  for (int i = min; i <= max; ++i)
  for (TreeNode* left : generateTrees(min, i - 1))
  for (TreeNode* right : generateTrees(i + 1, max)) {
  ans.push_back(new TreeNode(i));
  ans.back()->left = left;
  ans.back()->right = right;
  }
 
  return ans;
  }
 };","[Logic – Missing edge case handling] Removed the special handling for n == 0, causing the function to return a vector containing nullptr instead of an empty vector.",Accepted,,,,,qwen3.7-max,zero-shot,Accepted,"""""","""""","""""",
Tree,Medium,122,"Given the root of a binary tree, determine if it is a valid binary search tree (BST).
 
 A valid BST is defined as follows:
 
 The left subtree of a node contains only nodes with keys less than the node's key.
 The right subtree of a node contains only nodes with keys greater than the node's key.
 Both the left and right subtrees must also be binary search trees.
 
 Example 1:
 
 Input: root = [2,1,3]
 Output: true
 
 Example 2:
 
 Input: root = [5,1,4,null,null,3,6]
 Output: false
 Explanation: The root node's value is 5 but its right child's value is 4.
 
 Constraints:
 
 The number of nodes in the tree is in the range [1, 104].
 -231 <= Node.val <= 231 - 1","class Solution {
  public:
  bool isValidBST(TreeNode* root) {
  return isValidBST(root, nullptr, nullptr);
  }
 
  private:
  bool isValidBST(TreeNode* root, TreeNode* minNode, TreeNode* maxNode) {
  if (root == nullptr)
  return true;
  if (minNode && root->val <= minNode->val)
  return false;
  if (maxNode && root->val >= maxNode->val)
  return false;
 
  return isValidBST(root->left, minNode, root) &&
  isValidBST(root->right, root, maxNode);
  }
 };",https://leetcode.com/problems/validate-binary-search-tree,"class Solution {
  public:
  bool isValidBST(TreeNode* root) {
  return isValidBST(root, nullptr, nullptr);
  }
 
  private:
  bool isValidBST(TreeNode* root, TreeNode* minNode, TreeNode* maxNode) {
  if (root == nullptr)
  return true;
  if (minNode && root->val <= minNode->val)
  return false;
  if (maxNode && root->val >= maxNode->val)
  return false;
 
  return isValidBST(root->left, minNode, root) &
  isValidBST(root->right, root, maxNode);
  }
 };",[Logic – Logical/bitwise operator confusion] Replaced the short-circuiting logical AND between the left and right subtree validation calls with a bitwise AND.,Accepted,,,,,qwen3.7-max,zero-shot,Accepted,"""""","""""","""""",
Tree,Medium,123,"Given the root of a binary tree, return the level order traversal of its nodes' values. (i.e., from left to right, level by level).
 
 Example 1:
 
 Input: root = [3,9,20,null,null,15,7]
 Output: [[3],[9,20],[15,7]]
 
 Example 2:
 
 Input: root = [1]
 Output: [[1]]
 
 Example 3:
 
 Input: root = []
 Output: []
 
 Constraints:
 
 The number of nodes in the tree is in the range [0, 2000].
 -1000 <= Node.val <= 1000","class Solution {
    vector<vector<int>> result;   
    queue<TreeNode *>que;
    void levelorder(TreeNode *p){
        if(p){
            que.push(p);
        }
        while(!que.empty()){
            vector<int>temp;
            int size=que.size();
            for(int i=0;i<size;i++){
                TreeNode *t=que.front();
                que.pop();
                temp.push_back(t->val);
                if(t->left){
                    que.push(t->left);
                }
                if(t->right){
                    que.push(t->right);
                }
            }
            result.push_back(temp);
        }
    }
public:
    vector<vector<int>> levelOrder(TreeNode* root) {
        if(root==NULL){
            return {};
        }
        levelorder(root);
        return result;
        
    }
};

const size_t BUFFER_SIZE = 0x30000000;
alignas (std::max_align_t) char buffer[BUFFER_SIZE];
size_t buffer_pos = 0;

void *
operator new (size_t size)
{
    constexpr std::size_t alignment = alignof (std::max_align_t);
    size_t padding = (alignment - (buffer_pos % alignment)) % alignment;
    size_t total_size = size + padding;
    char *aligned_ptr = &buffer[buffer_pos + padding];
    buffer_pos += total_size;
    return aligned_ptr;
}

void
operator delete (void * /*unused*/, unsigned long /*unused*/) noexcept
{
}
void
operator delete (void * /*unused*/) noexcept
{
}
void
operator delete[] (void * /*unused*/) noexcept
{
}
void
operator delete[] (void * /*unused*/, size_t /*unused*/) noexcept
{
}",https://leetcode.com/problems/binary-tree-level-order-traversal,"class Solution {
    vector<vector<int>> result;   
    queue<TreeNode *>que;
    void levelorder(TreeNode *p){
        if(p){
            que.push(p);
        }
        while(!que.empty()){
            vector<int>temp;
            int size=result.size();
            for(int i=0;i<size;i++){
                TreeNode *t=que.front();
                que.pop();
                temp.push_back(t->val);
                if(t->left){
                    que.push(t->left);
                }
                if(t->right){
                    que.push(t->right);
                }
            }
            result.push_back(temp);
        }
    }
public:
    vector<vector<int>> levelOrder(TreeNode* root) {
        if(root==NULL){
            return {};
        }
        levelorder(root);
        return result;
        
    }
};

const size_t BUFFER_SIZE = 0x30000000;
alignas (std::max_align_t) char buffer[BUFFER_SIZE];
size_t buffer_pos = 0;

void *
operator new (size_t size)
{
    constexpr std::size_t alignment = alignof (std::max_align_t);
    size_t padding = (alignment - (buffer_pos % alignment)) % alignment;
    size_t total_size = size + padding;
    char *aligned_ptr = &buffer[buffer_pos + padding];
    buffer_pos += total_size;
    return aligned_ptr;
}

void
operator delete (void * /*unused*/, unsigned long /*unused*/) noexcept
{
}
void
operator delete (void * /*unused*/) noexcept
{
}
void
operator delete[] (void * /*unused*/) noexcept
{
}
void
operator delete[] (void * /*unused*/, size_t /*unused*/) noexcept
{
}","[Logic – Wrong variable name] Changed the level size calculation to use result.size() instead of que.size(), preventing the queue from being processed correctly.",Runtime Error,"root =
[3,9,20,null,null,15,7]",,,"Line 14: Char 35: runtime error: member access within null pointer of type 'TreeNode' (solution.cpp)
SUMMARY: UndefinedBehaviorSanitizer: undefined-behavior prog_joined.cpp:23:35",qwen3.7-max,zero-shot,Wrong Answer,"""[3,9,20,null,null,15,7]""","""[[],[3],[9,20]]""","""[[3],[9,20],[15,7]]""","The code incorrectly uses `result.size()` instead of `que.size()` to determine the number of nodes to process at the current level. This results in an empty first level, incorrect grouping for subsequent levels, and eventually leads to undefined behavior (or a crash) when attempting to pop from an empty queue."
Tree,Medium,124,"Given the root of a binary tree, return the zigzag level order traversal of its nodes' values. (i.e., from left to right, then right to left for the next level and alternate between).
 
 Example 1:
 
 Input: root = [3,9,20,null,null,15,7]
 Output: [[3],[20,9],[15,7]]
 
 Example 2:
 
 Input: root = [1]
 Output: [[1]]
 
 Example 3:
 
 Input: root = []
 Output: []
 
 Constraints:
 
 The number of nodes in the tree is in the range [0, 2000].
 -100 <= Node.val <= 100","class Solution {
public:
    void tereversal(TreeNode* node, int curr_depth, vector<vector<int>> &res) {
        if (res.size() <= curr_depth) {
            res.resize(curr_depth + 1);
        }
        if (!node) {
            return;
        }
        res[curr_depth].push_back(node->val);
        tereversal(node->left, curr_depth + 1, res);
        tereversal(node->right, curr_depth + 1, res);
    }

    vector<vector<int>> zigzagLevelOrder(TreeNode* root) {
        vector<vector<int>> res;
        tereversal(root, 0, res);
        if (res.back().empty()) {
            res.pop_back();
        }
        for (int i = 1; i < res.size(); i += 2) {
            std::reverse(res[i].begin(), res[i].end());
        }
        return res;
    }
};",https://leetcode.com/problems/binary-tree-zigzag-level-order-traversal,"class Solution {
public:
    void tereversal(TreeNode* node, int curr_depth, vector<vector<int>> &res) {
        if (res.size() <= curr_depth) {
            res.resize(curr_depth + 1);
        }
        if (!node) {
            return;
        }
        res[curr_depth].push_back(node->val);
        tereversal(node->left, curr_depth + 1, res);
        tereversal(node->right, curr_depth + 1, res);
    }

    vector<vector<int>> zigzagLevelOrder(TreeNode* root) {
        vector<vector<int>> res;
        tereversal(root, 0, res);
        for (int i = 1; i < res.size(); i += 2) {
            std::reverse(res[i].begin(), res[i].end());
        }
        return res;
    }
};","[Logic – Missing edge case handling] Removed the cleanup that drops the trailing empty level, so null child traversal leaves an extra empty vector in the result.",Wrong Answer,"root =
[3,9,20,null,null,15,7]","[[3],[20,9],[15,7],[]]","[[3],[20,9],[15,7]]",,qwen3.7-max,zero-shot,Wrong Answer,"""root = []""","""[[]]""","""[]""",
Tree,Medium,125,"Given two integer arrays preorder and inorder where preorder is the preorder traversal of a binary tree and inorder is the inorder traversal of the same tree, construct and return the binary tree.
 
 Example 1:
 
 Input: preorder = [3,9,20,15,7], inorder = [9,3,15,20,7]
 Output: [3,9,20,null,null,15,7]
 
 Example 2:
 
 Input: preorder = [-1], inorder = [-1]
 Output: [-1]
 
 Constraints:
 
 1 <= preorder.length <= 3000
 inorder.length == preorder.length
 -3000 <= preorder[i], inorder[i] <= 3000
 preorder and inorder consist of unique values.
 Each value of inorder also appears in preorder.
 preorder is guaranteed to be the preorder traversal of the tree.
 inorder is guaranteed to be the inorder traversal of the tree.","class Solution {
public:
    TreeNode* buildTree(vector<int>& preorder, vector<int>& inorder) {
        if (inorder.size() == 1) return new TreeNode(inorder[0]);
        return build(preorder, inorder, 0, inorder.size() - 1, 0, preorder.size() - 1);
    }

    TreeNode* build(vector<int>& preorder, vector<int>& inorder, int inorderStart, int inorderEnd, int preorderStart, int preorderEnd) {
        if (inorderStart > inorderEnd || preorderStart > preorderEnd) return nullptr;

        int rootValue = preorder[preorderStart];
        TreeNode* root = new TreeNode(rootValue);
        auto it = find(inorder.begin(), inorder.end(), rootValue);
        int rootIndex = std::distance(inorder.begin(), it);
        int left = rootIndex - inorderStart;
        root->left = build(preorder, inorder, inorderStart, rootIndex - 1, preorderStart + 1, preorderStart + left);
        root->right = build(preorder, inorder, rootIndex + 1, inorderEnd, preorderStart + left + 1, preorderEnd);
        return root;
     }
};
static const bool __boost = []() {
    std::cin.tie(nullptr);
    std::cout.tie(nullptr);
    return std::ios_base::sync_with_stdio(false);
}();

const size_t BUFFER_SIZE = 0x30000000;
alignas(std::max_align_t) char buffer[BUFFER_SIZE];
size_t buffer_pos = 0;

void* operator new(size_t size) {
    constexpr std::size_t alignment = alignof(std::max_align_t);
    size_t padding = (alignment - (buffer_pos % alignment)) % alignment;
    size_t total_size = size + padding;
    char* aligned_ptr = &buffer[buffer_pos + padding];
    buffer_pos += total_size;
    return aligned_ptr;
}

void operator delete(void* /*unused*/, unsigned long /*unused*/) noexcept {}
void operator delete(void* /*unused*/) noexcept {}
void operator delete[](void* /*unused*/) noexcept {}
void operator delete[](void* /*unused*/, size_t /*unused*/) noexcept {}",https://leetcode.com/problems/construct-binary-tree-from-preorder-and-inorder-traversal,"class Solution {
public:
    TreeNode* buildTree(vector<int>& preorder, vector<int>& inorder) {
        if (inorder.size() == 1) return new TreeNode(inorder[0]);
        return build(preorder, inorder, 0, inorder.size() - 1, 0, preorder.size() - 1);
    }

    TreeNode* build(vector<int>& preorder, vector<int>& inorder, int inorderStart, int inorderEnd, int preorderStart, int preorderEnd) {
        if (inorderStart > inorderEnd && preorderStart > preorderEnd) return nullptr;

        int rootValue = preorder[preorderStart];
        TreeNode* root = new TreeNode(rootValue);
        auto it = find(inorder.begin(), inorder.end(), rootValue);
        int rootIndex = std::distance(inorder.begin(), it);
        int left = rootIndex - inorderStart;
        root->left = build(preorder, inorder, inorderStart, rootIndex - 1, preorderStart + 1, preorderStart + left);
        root->right = build(preorder, inorder, rootIndex + 1, inorderEnd, preorderStart + left + 1, preorderEnd);
        return root;
     }
};
static const bool __boost = []() {
    std::cin.tie(nullptr);
    std::cout.tie(nullptr);
    return std::ios_base::sync_with_stdio(false);
}();

const size_t BUFFER_SIZE = 0x30000000;
alignas(std::max_align_t) char buffer[BUFFER_SIZE];
size_t buffer_pos = 0;

void* operator new(size_t size) {
    constexpr std::size_t alignment = alignof(std::max_align_t);
    size_t padding = (alignment - (buffer_pos % alignment)) % alignment;
    size_t total_size = size + padding;
    char* aligned_ptr = &buffer[buffer_pos + padding];
    buffer_pos += total_size;
    return aligned_ptr;
}

void operator delete(void* /*unused*/, unsigned long /*unused*/) noexcept {}
void operator delete(void* /*unused*/) noexcept {}
void operator delete[](void* /*unused*/) noexcept {}
void operator delete[](void* /*unused*/, size_t /*unused*/) noexcept {}","[Logic – Logical/bitwise operator confusion] Changed the recursive base case to use && instead of ||, so recursion only stops when both traversal ranges are invalid.",Accepted,,,,,qwen3.7-max,zero-shot,Accepted,"""""","""""","""""",
Tree,Medium,126,"Given an integer n, return the number of structurally unique BST's (binary search trees) which has exactly n nodes of unique values from 1 to n.

Example 1:

Input: n = 3
Output: 5

Example 2:

Input: n = 1
Output: 1

Constraints:

	1 <= n <= 19","			

class Solution {
 public:
  int numTrees(int n) {
    // G[i] := # of unique BST's that store values 1..i
    vector<int> G(n + 1);
    G[0] = 1;
    G[1] = 1;

    for (int i = 2; i <= n; ++i)
      for (int j = 0; j < i; ++j)
        G[i] += G[j] * G[i - j - 1];

    return G[n];
  }
};",https://leetcode.com/problems/unique-binary-search-trees,"class Solution {
 public:
  int numTrees(int n) {
    // G[i] := # of unique BST's that store values 1..i+1
    vector<int> G(n + 1);
    G[0] = 1;
    G[1] = 1;

    for (int i = 2; i <= n; ++i)
      for (int j = 0; j < i; ++j)
        G[i] += G[j] * G[i - j - 1];

    return G[n];
  }
};",[Logic – Misleading comment] Changed the DP array comment to incorrectly state that G[i] counts BSTs storing values 1..i+1.,Accepted,,,,,qwen3.7-max,zero-shot,Accepted,"""""","""""","""""",
Tree,Medium,127,"You are given the root of a binary search tree (BST), where the values of exactly two nodes of the tree were swapped by mistake. Recover the tree without changing its structure.

Example 1:

Input: root = [1,3,null,null,2]
Output: [3,1,null,null,2]
Explanation: 3 cannot be a left child of 1 because 3 > 1. Swapping 1 and 3 makes the BST valid.

Example 2:

Input: root = [3,1,4,null,null,2]
Output: [2,1,4,null,null,3]
Explanation: 2 cannot be in the right subtree of 3 because 2 < 3. Swapping 2 and 3 makes the BST valid.

Constraints:

	The number of nodes in the tree is in the range [2, 1000].
	-231 <= Node.val <= 231 - 1

Follow up: A solution using O(n) space is pretty straight-forward. Could you devise a constant O(1) space solution?","			

class Solution {
 public:
  void recoverTree(TreeNode* root) {
    inorder(root);
    swap(x, y);
  }

 private:
  TreeNode* pred = nullptr;
  TreeNode* x = nullptr;  // 1st wrong node
  TreeNode* y = nullptr;  // 2nd wrond node

  void inorder(TreeNode* root) {
    if (root == nullptr)
      return;

    inorder(root->left);

    if (pred && root->val < pred->val) {
      y = root;
      if (x == nullptr)
        x = pred;
      else
        return;
    }
    pred = root;

    inorder(root->right);
  }

  void swap(TreeNode* x, TreeNode* y) {
    const int temp = x->val;
    x->val = y->val;
    y->val = temp;
  }
};",https://leetcode.com/problems/recover-binary-search-tree,"class Solution {
 public:
  void recoverTree(TreeNode* root) {
    inorder(root);
    swap(x, y);
  }

 private:
  TreeNode* pred = nullptr;
  TreeNode* x = nullptr;  // 2nd wrong node
  TreeNode* y = nullptr;  // 2nd wrond node

  void inorder(TreeNode* root) {
    if (root == nullptr)
      return;

    inorder(root->left);

    if (pred && root->val < pred->val) {
      y = root;
      if (x == nullptr)
        x = pred;
      else
        return;
    }
    pred = root;

    inorder(root->right);
  }

  void swap(TreeNode* x, TreeNode* y) {
    const int temp = x->val;
    x->val = y->val;
    y->val = temp;
  }
};",[Logic – Misleading comment] Changed the comment for `x` to incorrectly describe it as the second wrong node while the code still uses it as the first wrong node.,Accepted,,,,,qwen3.7-max,zero-shot,Wrong Answer,"""[3,1,4,null,null,2] (when executed after a previous test case like [1,3,null,null,2])""",null,"""[2,1,4,null,null,3]""","The member variables `pred`, `x`, and `y` are not reset to `nullptr` at the beginning of the `recoverTree` method. Since the evaluation platform reuses the same `Solution` instance across multiple test cases, the state from previous test cases will leak into subsequent ones. This causes the algorithm to incorrectly identify and swap nodes (or potentially access freed memory), leading to a Wrong Answer or Runtime Error on any test case after the first."
Tree,Medium,128,"Given two integer arrays inorder and postorder where inorder is the inorder traversal of a binary tree and postorder is the postorder traversal of the same tree, construct and return the binary tree.

Example 1:

Input: inorder = [9,3,15,20,7], postorder = [9,15,7,20,3]
Output: [3,9,20,null,null,15,7]

Example 2:

Input: inorder = [-1], postorder = [-1]
Output: [-1]

Constraints:

	1 <= inorder.length <= 3000
	postorder.length == inorder.length
	-3000 <= inorder[i], postorder[i] <= 3000
	inorder and postorder consist of unique values.
	Each value of postorder also appears in inorder.
	inorder is guaranteed to be the inorder traversal of the tree.
	postorder is guaranteed to be the postorder traversal of the tree.","                        

class Solution {
 public:
  TreeNode* buildTree(vector<int>& inorder, vector<int>& postorder) {
    unordered_map<int, int> inToIndex;

    for (int i = 0; i < inorder.size(); ++i)
      inToIndex[inorder[i]] = i;

    return build(inorder, 0, inorder.size() - 1, postorder, 0,
                 postorder.size() - 1, inToIndex);
  }

 private:
  TreeNode* build(const vector<int>& inorder, int inStart, int inEnd,
                  const vector<int>& postorder, int postStart, int postEnd,
                  const unordered_map<int, int>& inToIndex) {
    if (inStart > inEnd)
      return nullptr;

    const int rootVal = postorder[postEnd];
    const int rootInIndex = inToIndex.at(rootVal);
    const int leftSize = rootInIndex - inStart;

    TreeNode* root = new TreeNode(rootVal);
    root->left = build(inorder, inStart, rootInIndex - 1, postorder, postStart,
                       postStart + leftSize - 1, inToIndex);
    root->right = build(inorder, rootInIndex + 1, inEnd, postorder,
                        postStart + leftSize, postEnd - 1, inToIndex);
    return root;
  }
};",https://leetcode.com/problems/construct-binary-tree-from-inorder-and-postorder-traversal,"class Solution {
 public:
  TreeNode* buildTree(vector<int>& inorder, vector<int>& postorder) {
    unordered_map<int, int> inToIndex;

    for (int i = 0; i < inorder.size(); ++i)
      inToIndex[inorder[i]] = i;

    return build(inorder, 0, inorder.size() - 1, postorder, 0,
                 postorder.size() - 1, inToIndex);
  }

 private:
  TreeNode* build(const vector<int>& inorder, int inStart, int inEnd,
                  const vector<int>& postorder, int postStart, int postEnd,
                  const unordered_map<int, int>& inToIndex) {
    if (inStart > inEnd)
      return nullptr;

    const int rootVal = postorder[postStart];
    const int rootInIndex = inToIndex.at(rootVal);
    const int leftSize = rootInIndex - inStart;

    TreeNode* root = new TreeNode(rootVal);
    root->left = build(inorder, inStart, rootInIndex - 1, postorder, postStart,
                       postStart + leftSize - 1, inToIndex);
    root->right = build(inorder, rootInIndex + 1, inEnd, postorder,
                        postStart + leftSize, postEnd - 1, inToIndex);
    return root;
  }
};","[Logic – Wrong variable name] Changed the root value lookup to use `postStart` instead of `postEnd`, selecting the wrong element from postorder.",Runtime Error,"inorder =
[9,3,15,20,7]
postorder =
[9,15,7,20,3]",,,"Line 1141: Char 34: runtime error: addition of unsigned offset to 0x5030000000d0 overflowed to 0x5030000000cc (stl_vector.h)
SUMMARY: UndefinedBehaviorSanitizer: undefined-behavior /usr/lib/gcc/x86_64-linux-gnu/14/../../../../include/c++/14/bits/stl_vector.h:1150:34",qwen3.7-max,zero-shot,Wrong Answer,"""inorder = [9,3,15,20,7], postorder = [9,15,7,20,3]""","""null""","""[3,9,20,null,null,15,7]""",
Tree,Medium,129,"Given the root of a binary tree, return the bottom-up level order traversal of its nodes' values. (i.e., from left to right, level by level from leaf to root).

Example 1:

Input: root = [3,9,20,null,null,15,7]
Output: [[15,7],[9,20],[3]]

Example 2:

Input: root = [1]
Output: [[1]]

Example 3:

Input: root = []
Output: []

Constraints:

	The number of nodes in the tree is in the range [0, 2000].
	-1000 <= Node.val <= 1000","			

class Solution {
 public:
  vector<vector<int>> levelOrderBottom(TreeNode* root) {
    if (root == nullptr)
      return {};

    vector<vector<int>> ans;
    queue<TreeNode*> q{{root}};

    while (!q.empty()) {
      vector<int> currLevel;
      for (int sz = q.size(); sz > 0; --sz) {
        TreeNode* node = q.front();
        q.pop();
        currLevel.push_back(node->val);
        if (node->left)
          q.push(node->left);
        if (node->right)
          q.push(node->right);
      }
      ans.push_back(currLevel);
    }

    reverse(begin(ans), end(ans));
    return ans;
  }
};",https://leetcode.com/problems/binary-tree-level-order-traversal-ii,"class Solution {
 public:
  vector<vector<int>> levelOrderBottom(TreeNode* root) {
    vector<vector<int>> ans;
    queue<TreeNode*> q{{root}};

    while (!q.empty()) {
      vector<int> currLevel;
      for (int sz = q.size(); sz > 0; --sz) {
        TreeNode* node = q.front();
        q.pop();
        currLevel.push_back(node->val);
        if (node->left)
          q.push(node->left);
        if (node->right)
          q.push(node->right);
      }
      ans.push_back(currLevel);
    }

    reverse(begin(ans), end(ans));
    return ans;
  }
};","[Logic – Missing edge case handling] Removed the early return for a null root, so empty trees are no longer handled safely.",Runtime Error,"root =
[]",,,"Line 12: Char 35: runtime error: member access within null pointer of type 'TreeNode' (solution.cpp)
SUMMARY: UndefinedBehaviorSanitizer: undefined-behavior prog_joined.cpp:21:35",qwen3.7-max,zero-shot,Runtime Error,"""root = []""",null,"""[]""","The code fails to handle the case where the input tree is empty (root is null). It initializes the queue with the null root pointer and subsequently attempts to dereference it (node->val), resulting in a segmentation fault."
Tree,Medium,130,"Given the head of a singly linked list where elements are sorted in ascending order, convert it to a height-balanced binary search tree.

Example 1:

Input: head = [-10,-3,0,5,9]
Output: [0,-3,9,-10,null,5]
Explanation: One possible answer is [0,-3,9,-10,null,5], which represents the shown height balanced BST.

Example 2:

Input: head = []
Output: []

Constraints:

	The number of nodes in head is in the range [0, 2 * 104].
	-105 <= Node.val <= 105","			

class Solution {
 public:
  TreeNode* sortedListToBST(ListNode* head) {
    if (head == nullptr)
      return nullptr;
    if (!head->next)
      return new TreeNode(head->val);

    ListNode* mid = findMid(head);
    TreeNode* root = new TreeNode(mid->val);
    root->left = sortedListToBST(head);
    root->right = sortedListToBST(mid->next);

    return root;
  }

 private:
  ListNode* findMid(ListNode* head) {
    ListNode* prev = nullptr;
    ListNode* slow = head;
    ListNode* fast = head;

    while (fast && fast->next) {
      prev = slow;
      slow = slow->next;
      fast = fast->next->next;
    }
    prev->next = nullptr;

    return slow;
  }
};",https://leetcode.com/problems/convert-sorted-list-to-binary-search-tree,"class Solution {
 public:
  TreeNode* sortedListToBST(ListNode* head) {
    if (head == nullptr)
      return nullptr;

    ListNode* mid = findMid(head);
    TreeNode* root = new TreeNode(mid->val);
    root->left = sortedListToBST(head);
    root->right = sortedListToBST(mid->next);

    return root;
  }

 private:
  ListNode* findMid(ListNode* head) {
    ListNode* prev = nullptr;
    ListNode* slow = head;
    ListNode* fast = head;

    while (fast && fast->next) {
      prev = slow;
      slow = slow->next;
      fast = fast->next->next;
    }
    prev->next = nullptr;

    return slow;
  }
};","[Logic – Insufficient recursion base case] Removed the single-node base case, causing recursion on a one-element list to call findMid with no previous node.",Runtime Error,"head =
[-10,-3,0,5,9]",,,"Line 26: Char 11: runtime error: member access within null pointer of type 'ListNode' (solution.cpp)
SUMMARY: UndefinedBehaviorSanitizer: undefined-behavior prog_joined.cpp:35:11",qwen3.7-max,zero-shot,Runtime Error,"""[0]""",null,"""[0]""","The findMid function dereferences a null pointer when the linked list has only one node. In this case, the while loop condition (fast && fast->next) is false, so the loop does not execute. This leaves 'prev' as nullptr, and the subsequent statement 'prev->next = nullptr;' causes a segmentation fault."
Tree,Medium,131,"Given the root of a binary tree and an integer targetSum, return all root-to-leaf paths where the sum of the node values in the path equals targetSum. Each path should be returned as a list of the node values, not node references.

A root-to-leaf path is a path starting from the root and ending at any leaf node. A leaf is a node with no children.

Example 1:

Input: root = [5,4,8,11,null,13,4,7,2,null,null,5,1], targetSum = 22
Output: [[5,4,11,2],[5,8,4,5]]
Explanation: There are two paths whose sum equals targetSum:
5 + 4 + 11 + 2 = 22
5 + 8 + 4 + 5 = 22

Example 2:

Input: root = [1,2,3], targetSum = 5
Output: []

Example 3:

Input: root = [1,2], targetSum = 0
Output: []

Constraints:

	The number of nodes in the tree is in the range [0, 5000].
	-1000 <= Node.val <= 1000
	-1000 <= targetSum <= 1000","                        

class Solution {
 public:
  vector<vector<int>> pathSum(TreeNode* root, int sum) {
    vector<vector<int>> ans;
    dfs(root, sum, {}, ans);
    return ans;
  }

 private:
  void dfs(TreeNode* root, int sum, vector<int>&& path,
           vector<vector<int>>& ans) {
    if (root == nullptr)
      return;
    if (root->val == sum && root->left == nullptr && root->right == nullptr) {
      path.push_back(root->val);
      ans.push_back(path);
      path.pop_back();
      return;
    }

    path.push_back(root->val);
    dfs(root->left, sum - root->val, move(path), ans);
    dfs(root->right, sum - root->val, move(path), ans);
    path.pop_back();
  }
};",https://leetcode.com/problems/path-sum-ii,"class Solution {
 public:
  vector<vector<int>> pathSum(TreeNode* root, int sum) {
    vector<vector<int>> ans;
    dfs(root, sum, {}, ans);
    return ans;
  }

 private:
  void dfs(TreeNode* root, int sum, vector<int>&& path,
           vector<vector<int>>& ans) {
    if (root == nullptr)
      return;
    if (root->val == sum && root->left == nullptr || root->right == nullptr) {
      path.push_back(root->val);
      ans.push_back(path);
      path.pop_back();
      return;
    }

    path.push_back(root->val);
    dfs(root->left, sum - root->val, move(path), ans);
    dfs(root->right, sum - root->val, move(path), ans);
    path.pop_back();
  }
};","[Logic – Logical/bitwise operator confusion] Changed the leaf-node check to use `||` instead of `&&`, causing nodes with only one missing child to be treated as leaves.",Wrong Answer,"root =
[5,4,8,11,null,13,4,7,2,null,null,5,1]
targetSum =
22","[[5,4],[5,8,13],[5,8,4,5],[5,8,4,1]]","[[5,4,11,2],[5,8,4,5]]",,qwen3.7-max,zero-shot,Wrong Answer,"""root = [1,2,3], targetSum = 5""","""[[1,2],[1,3]]""","""[]""","The condition `root->val == sum && root->left == nullptr || root->right == nullptr` suffers from operator precedence issues and logical flaws. Due to `&&` having higher precedence than `||`, it is evaluated as `(root->val == sum && root->left == nullptr) || root->right == nullptr`. This means any node without a right child, or any leaf node (regardless of whether its value matches the remaining sum), will incorrectly trigger the base case and be added to the results. For Example 2, it incorrectly returns [[1,2],[1,3]] instead of []."
Tree,Medium,132,"Given the root of a binary tree, flatten the tree into a ""linked list"":

	The ""linked list"" should use the same TreeNode class where the right child pointer points to the next node in the list and the left child pointer is always null.
	The ""linked list"" should be in the same order as a pre-order traversal of the binary tree.

Example 1:

Input: root = [1,2,5,3,4,null,6]
Output: [1,null,2,null,3,null,4,null,5,null,6]

Example 2:

Input: root = []
Output: []

Example 3:

Input: root = [0]
Output: [0]

Constraints:

	The number of nodes in the tree is in the range [0, 2000].
	-100 <= Node.val <= 100

Follow up: Can you flatten the tree in-place (with O(1) extra space)?","			

class Solution {
 public:
  void flatten(TreeNode* root) {
    if (root == nullptr)
      return;

    flatten(root->left);
    flatten(root->right);

    TreeNode* const left = root->left;    // Flattened left
    TreeNode* const right = root->right;  // Flattened right

    root->left = nullptr;
    root->right = left;

    // Connect the original right subtree
    // To the end of new right subtree
    TreeNode* rightmost = root;
    while (rightmost->right)
      rightmost = rightmost->right;
    rightmost->right = right;
  }
};",https://leetcode.com/problems/flatten-binary-tree-to-linked-list,"class Solution {
 public:
  void flatten(TreeNode* root) {
    if (root->left == nullptr && root->right == nullptr)
      return;

    flatten(root->left);
    flatten(root->right);

    TreeNode* const left = root->left;    // Flattened left
    TreeNode* const right = root->right;  // Flattened right

    root->left = nullptr;
    root->right = left;

    // Connect the original right subtree
    // To the end of new right subtree
    TreeNode* rightmost = root;
    while (rightmost->right)
      rightmost = rightmost->right;
    rightmost->right = right;
  }
};","[Logic – Insufficient recursion base case] Changed the recursion base case to only return for leaf nodes, causing null child recursive calls to dereference a null pointer.",Runtime Error,"root =
[1,2,5,3,4,null,6]",,,"Line 4: Char 15: runtime error: member access within null pointer of type 'TreeNode' (solution.cpp)
SUMMARY: UndefinedBehaviorSanitizer: undefined-behavior prog_joined.cpp:13:15",qwen3.7-max,zero-shot,Runtime Error,"""root = []""",null,"""[]""",The code lacks a null check for the root node. Accessing root->left when root is nullptr (such as in an empty tree or when recursing into a null child) causes a null pointer dereference and results in a runtime crash.
Tree,Medium,133,"You are given a perfect binary tree where all leaves are on the same level, and every parent has two children. The binary tree has the following definition:

struct Node {
  int val;
  Node *left;
  Node *right;
  Node *next;
}

Populate each next pointer to point to its next right node. If there is no next right node, the next pointer should be set to NULL.

Initially, all next pointers are set to NULL.

Example 1:

Input: root = [1,2,3,4,5,6,7]
Output: [1,#,2,3,#,4,5,6,7,#]
Explanation: Given the above perfect binary tree (Figure A), your function should populate each next pointer to point to its next right node, just like in Figure B. The serialized output is in level order as connected by the next pointers, with '#' signifying the end of each level.

Example 2:

Input: root = []
Output: []

Constraints:

	The number of nodes in the tree is in the range [0, 212 - 1].
	-1000 <= Node.val <= 1000

Follow-up:

	You may only use constant extra space.
	The recursive approach is fine. You may assume implicit stack space does not count as extra space for this problem.","			

class Solution {
 public:
  Node* connect(Node* root) {
    if (root == nullptr)
      return nullptr;
    connectTwoNodes(root->left, root->right);
    return root;
  }

 private:
  void connectTwoNodes(Node* p, Node* q) {
    if (p == nullptr)
      return;
    p->next = q;
    connectTwoNodes(p->left, p->right);
    connectTwoNodes(q->left, q->right);
    connectTwoNodes(p->right, q->left);
  }
};",https://leetcode.com/problems/populating-next-right-pointers-in-each-node,"class Solution {
 public:
  Node* connect(Node* root) {
    if (root == nullptr)
      return nullptr;
    connectTwoNodes(root->left, root->right);
    return root;
  }

 private:
  void connectTwoNodes(Node* p, Node* q) {
    if (p == nullptr)
      return;
    p->next = p;
    connectTwoNodes(p->left, p->right);
    connectTwoNodes(q->left, q->right);
    connectTwoNodes(p->right, q->left);
  }
};",[Logic – Wrong variable name] Changed the next pointer assignment to point to p instead of q.,Time Limit Exceeded,"root =
[1,2,3,4,5,6,7]",,,,qwen3.7-max,zero-shot,Wrong Answer,"""[1,2,3,4,5,6,7]""","""Infinite loop or incorrect serialization due to self-loops""","""[1,#,2,3,#,4,5,6,7,#]""","The code contains a typo in the `connectTwoNodes` function: `p->next = p;` should be `p->next = q;`. As written, each node's `next` pointer is set to point to itself rather than its next right node, which leads to incorrect results and potentially an infinite loop in the output serializer."
Tree,Medium,134,"Given a binary tree

struct Node {
  int val;
  Node *left;
  Node *right;
  Node *next;
}

Populate each next pointer to point to its next right node. If there is no next right node, the next pointer should be set to NULL.

Initially, all next pointers are set to NULL.

Example 1:

Input: root = [1,2,3,4,5,null,7]
Output: [1,#,2,3,#,4,5,7,#]
Explanation: Given the above binary tree (Figure A), your function should populate each next pointer to point to its next right node, just like in Figure B. The serialized output is in level order as connected by the next pointers, with '#' signifying the end of each level.

Example 2:

Input: root = []
Output: []

Constraints:

	The number of nodes in the tree is in the range [0, 6000].
	-100 <= Node.val <= 100

Follow-up:

	You may only use constant extra space.
	The recursive approach is fine. You may assume implicit stack space does not count as extra space for this problem.","			

class Solution {
 public:
  Node* connect(Node* root) {
    Node* node = root;  // The node just above current needling

    while (node) {
      Node dummy(0);  // Dummy node before needling
      // Needle children of node
      for (Node* needle = &dummy; node; node = node->next) {
        if (node->left) {  // Needle left child
          needle->next = node->left;
          needle = needle->next;
        }
        if (node->right) {  // Needle right child
          needle->next = node->right;
          needle = needle->next;
        }
      }
      node = dummy.next;  // Move node to the next level
    }

    return root;
  }
};",https://leetcode.com/problems/populating-next-right-pointers-in-each-node-ii,"class Solution {
 public:
  Node* connect(Node* root) {
    Node* node = root;  // The node just above current needling

    while (node) {
      Node dummy(0);  // Dummy node before needling
      // Needle children of node
      for (Node* needle = &dummy; node; node = node->next) {
        if (node->left) {  // Needle left child
          needle->next = node->left;
          needle = needle->next;
        }
        if (node->right) {  // Needle right child
          needle->next = node->right;
          needle = needle->next;
        }
      }
      root = dummy.next;  // Move node to the next level
    }

    return root;
  }
};","[Logic – Wrong variable name] Changed the next-level assignment from `node = dummy.next` to `root = dummy.next`, updating the wrong variable.",Wrong Answer,"root =
[1,2,3,4,5,null,7]","[2,3,#,4,#]","[1,#,2,3,#,4,5,7,#]",,qwen3.7-max,zero-shot,Wrong Answer,"""root = [1,2,3,4,5,null,7]""","""[2,3,#]""","""[1,#,2,3,#,4,5,7,#]""","The code fails to update the 'node' pointer to the next level (it incorrectly updates 'root' instead). The inner 'for' loop advances 'node' to NULL, causing the outer 'while' loop to terminate after processing only the first level. Additionally, it returns the modified 'root' (which points to the first child) instead of the original root of the tree."
Tree,Medium,135,"You are given the root of a binary tree containing digits from 0 to 9 only.

Each root-to-leaf path in the tree represents a number.

	For example, the root-to-leaf path 1 -> 2 -> 3 represents the number 123.

Return the total sum of all root-to-leaf numbers. Test cases are generated so that the answer will fit in a 32-bit integer.

A leaf node is a node with no children.

Example 1:

Input: root = [1,2,3]
Output: 25
Explanation:
The root-to-leaf path 1->2 represents the number 12.
The root-to-leaf path 1->3 represents the number 13.
Therefore, sum = 12 + 13 = 25.

Example 2:

Input: root = [4,9,0,5,1]
Output: 1026
Explanation:
The root-to-leaf path 4->9->5 represents the number 495.
The root-to-leaf path 4->9->1 represents the number 491.
The root-to-leaf path 4->0 represents the number 40.
Therefore, sum = 495 + 491 + 40 = 1026.

Constraints:

	The number of nodes in the tree is in the range [1, 1000].
	0 <= Node.val <= 9
	The depth of the tree will not exceed 10.","			

class Solution {
 public:
  int sumNumbers(TreeNode* root) {
    int ans = 0;
    dfs(root, 0, ans);
    return ans;
  }

 private:
  void dfs(TreeNode* root, int path, int& ans) {
    if (root == nullptr)
      return;
    if (root->left == nullptr && root->right == nullptr) {
      ans += path * 10 + root->val;
      return;
    }

    dfs(root->left, path * 10 + root->val, ans);
    dfs(root->right, path * 10 + root->val, ans);
  }
};",https://leetcode.com/problems/sum-root-to-leaf-numbers,"class Solution {
 public:
  int sumNumbers(TreeNode* root) {
    int ans = 0;
    dfs(root, 0, ans);
    return ans;
  }

 private:
  void dfs(TreeNode* root, int path, int& ans) {
    if (root == nullptr)
      return;
    if (root->left == nullptr && root->right == nullptr) {
      ans += path * 10 + ans;
      return;
    }

    dfs(root->left, path * 10 + root->val, ans);
    dfs(root->right, path * 10 + root->val, ans);
  }
};",[Logic – Wrong variable name] Replaced the variable `path` with `ans` in the leaf-node sum calculation.,Wrong Answer,"root =
[1,2,3]",30,25,,qwen3.7-max,zero-shot,Wrong Answer,"""root = [1,2,3]""","""30""","""25""",
Tree,Medium,136,"Implement the BSTIterator class that represents an iterator over the in-order traversal of a binary search tree (BST):

	BSTIterator(TreeNode root) Initializes an object of the BSTIterator class. The root of the BST is given as part of the constructor. The pointer should be initialized to a non-existent number smaller than any element in the BST.
	boolean hasNext() Returns true if there exists a number in the traversal to the right of the pointer, otherwise returns false.
	int next() Moves the pointer to the right, then returns the number at the pointer.

Notice that by initializing the pointer to a non-existent smallest number, the first call to next() will return the smallest element in the BST.

You may assume that next() calls will always be valid. That is, there will be at least a next number in the in-order traversal when next() is called.

Example 1:

Input
[""BSTIterator"", ""next"", ""next"", ""hasNext"", ""next"", ""hasNext"", ""next"", ""hasNext"", ""next"", ""hasNext""]
[[[7, 3, 15, null, null, 9, 20]], [], [], [], [], [], [], [], [], []]
Output
[null, 3, 7, true, 9, true, 15, true, 20, false]

Explanation
BSTIterator bSTIterator = new BSTIterator([7, 3, 15, null, null, 9, 20]);
bSTIterator.next();    // return 3
bSTIterator.next();    // return 7
bSTIterator.hasNext(); // return True
bSTIterator.next();    // return 9
bSTIterator.hasNext(); // return True
bSTIterator.next();    // return 15
bSTIterator.hasNext(); // return True
bSTIterator.next();    // return 20
bSTIterator.hasNext(); // return False

Constraints:

	The number of nodes in the tree is in the range [1, 105].
	0 <= Node.val <= 106
	At most 105 calls will be made to hasNext, and next.

Follow up:

	Could you implement next() and hasNext() to run in average O(1) time and use O(h) memory, where h is the height of the tree?","                        

class BSTIterator {
 public:
  BSTIterator(TreeNode* root) {
    inorder(root);
  }

  /** @return the next smallest number */
  int next() {
    return vals[i++];
  }

  /** @return whether we have a next smallest number */
  bool hasNext() {
    return i < vals.size();
  }

 private:
  int i = 0;
  vector<int> vals;

  void inorder(TreeNode* root) {
    if (root == nullptr)
      return;

    inorder(root->left);
    vals.push_back(root->val);
    inorder(root->right);
  }
};",https://leetcode.com/problems/binary-search-tree-iterator,"class BSTIterator {
 public:
  BSTIterator(TreeNode* root) {
    inorder(root);
  }

  /** @return the next largest number */
  int next() {
    return vals[i++];
  }

  /** @return whether we have a next smallest number */
  bool hasNext() {
    return i < vals.size();
  }

 private:
  int i = 0;
  vector<int> vals;

  void inorder(TreeNode* root) {
    if (root == nullptr)
      return;

    inorder(root->left);
    vals.push_back(root->val);
    inorder(root->right);
  }
};",[Logic – Misleading comment] Changed the comment for next() to incorrectly state that it returns the next largest number instead of the next smallest number.,Accepted,,,,,qwen3.7-max,zero-shot,Accepted,"""""","""""","""""",
Tree,Medium,137,"Given the root of a binary tree, imagine yourself standing on the right side of it, return the values of the nodes you can see ordered from top to bottom.

Example 1:

Input: root = [1,2,3,null,5,null,4]

Output: [1,3,4]

Explanation:

Example 2:

Input: root = [1,2,3,4,null,null,null,5]

Output: [1,3,4,5]

Explanation:

Example 3:

Input: root = [1,null,3]

Output: [1,3]

Example 4:

Input: root = []

Output: []

Constraints:

	The number of nodes in the tree is in the range [0, 100].
	-100 <= Node.val <= 100","			

class Solution {
 public:
  vector<int> rightSideView(TreeNode* root) {
    if (root == nullptr)
      return {};

    vector<int> ans;
    queue<TreeNode*> q{{root}};

    while (!q.empty()) {
      const int size = q.size();
      for (int i = 0; i < size; ++i) {
        TreeNode* node = q.front();
        q.pop();
        if (i == size - 1)
          ans.push_back(node->val);
        if (node->left)
          q.push(node->left);
        if (node->right)
          q.push(node->right);
      }
    }

    return ans;
  }
};",https://leetcode.com/problems/binary-tree-right-side-view,"class Solution {
 public:
  vector<int> rightSideView(TreeNode* root) {
    vector<int> ans;
    queue<TreeNode*> q{{root}};

    while (!q.empty()) {
      const int size = q.size();
      for (int i = 0; i < size; ++i) {
        TreeNode* node = q.front();
        q.pop();
        if (i == size - 1)
          ans.push_back(node->val);
        if (node->left)
          q.push(node->left);
        if (node->right)
          q.push(node->right);
      }
    }

    return ans;
  }
};","[Logic – Missing edge case handling] Removed the null-root guard, causing the code to enqueue and dereference a null pointer for an empty tree.",Runtime Error,"root =
[]",,,"Line 13: Char 31: runtime error: member access within null pointer of type 'TreeNode' (solution.cpp)
SUMMARY: UndefinedBehaviorSanitizer: undefined-behavior prog_joined.cpp:22:31",qwen3.7-max,zero-shot,Runtime Error,"""root = []""",null,"""[]""","The code does not handle the case where the input tree is empty (root is nullptr). It initializes the queue with the nullptr, and in the first iteration of the while loop, it attempts to dereference the nullptr to access node->val, which causes a segmentation fault (Runtime Error)."
Tree,Medium,138,"Given the root of a binary search tree, and an integer k, return the kth smallest value (1-indexed) of all the values of the nodes in the tree.

Example 1:

Input: root = [3,1,4,null,2], k = 1
Output: 1

Example 2:

Input: root = [5,3,6,2,4,null,null,1], k = 3
Output: 3

Constraints:

	The number of nodes in the tree is n.
	1 <= k <= n <= 104
	0 <= Node.val <= 104

Follow up: If the BST is modified often (i.e., we can do insert and delete operations) and you need to find the kth smallest frequently, how would you optimize?","                        

class Solution {
 public:
  int kthSmallest(TreeNode* root, int k) {
    const int leftCount = countNodes(root->left);

    if (leftCount == k - 1)
      return root->val;
    if (leftCount >= k)
      return kthSmallest(root->left, k);
    return kthSmallest(root->right, k - 1 - leftCount);  // LeftCount < k
  }

 private:
  int countNodes(TreeNode* root) {
    if (root == nullptr)
      return 0;
    return 1 + countNodes(root->left) + countNodes(root->right);
  }
};",https://leetcode.com/problems/kth-smallest-element-in-a-bst,"class Solution {
 public:
  int kthSmallest(TreeNode* root, int k) {
    const int leftCount = countNodes(root->left);

    if (leftCount == k - 1)
      return root->val;
    if (leftCount >= k)
      return kthSmallest(root->left, k);
    return kthSmallest(root->right, k - 1 - leftCount);  // LeftCount >= k
  }

 private:
  int countNodes(TreeNode* root) {
    if (root == nullptr)
      return 0;
    return 1 + countNodes(root->left) + countNodes(root->right);
  }
};",[Logic – Misleading comment] Changed the final recursive call comment to incorrectly state that leftCount is greater than or equal to k.,Accepted,,,,,qwen3.7-max,zero-shot,Accepted,"""""","""""","""""",
Tree,Medium,139,"Given a binary search tree (BST), find the lowest common ancestor (LCA) node of two given nodes in the BST.

According to the definition of LCA on Wikipedia: “The lowest common ancestor is defined between two nodes p and q as the lowest node in T that has both p and q as descendants (where we allow a node to be a descendant of itself).”

Example 1:

Input: root = [6,2,8,0,4,7,9,null,null,3,5], p = 2, q = 8
Output: 6
Explanation: The LCA of nodes 2 and 8 is 6.

Example 2:

Input: root = [6,2,8,0,4,7,9,null,null,3,5], p = 2, q = 4
Output: 2
Explanation: The LCA of nodes 2 and 4 is 2, since a node can be a descendant of itself according to the LCA definition.

Example 3:

Input: root = [2,1], p = 2, q = 1
Output: 2

Constraints:

	The number of nodes in the tree is in the range [2, 105].
	-109 <= Node.val <= 109
	All Node.val are unique.
	p != q
	p and q will exist in the BST.","			

class Solution {
 public:
  TreeNode* lowestCommonAncestor(TreeNode* root, TreeNode* p, TreeNode* q) {
    if (root->val > max(p->val, q->val))
      return lowestCommonAncestor(root->left, p, q);
    if (root->val < min(p->val, q->val))
      return lowestCommonAncestor(root->right, p, q);
    return root;
  }
};",https://leetcode.com/problems/lowest-common-ancestor-of-a-binary-search-tree,"class Solution {
 public:
  TreeNode* lowestCommonAncestor(TreeNode* root, TreeNode* p, TreeNode* q) {
    if (root->val > max(p->val, p->val))
      return lowestCommonAncestor(root->left, p, q);
    if (root->val < min(p->val, q->val))
      return lowestCommonAncestor(root->right, p, q);
    return root;
  }
};",[Logic – Wrong variable name] Changed the upper bound comparison to use `p->val` twice instead of comparing both `p->val` and `q->val`.,Wrong Answer,"root =
[6,2,8,0,4,7,9,null,null,3,5]
p =
2
q =
8",2,6,,qwen3.7-max,zero-shot,Wrong Answer,"""root = [6,2,8,0,4,7,9,null,null,3,5], p = 2, q = 8""","""2""","""6""",
Tree,Medium,140,"Given a binary tree, find the lowest common ancestor (LCA) of two given nodes in the tree.

According to the definition of LCA on Wikipedia: “The lowest common ancestor is defined between two nodes p and q as the lowest node in T that has both p and q as descendants (where we allow a node to be a descendant of itself).”

Example 1:

Input: root = [3,5,1,6,2,0,8,null,null,7,4], p = 5, q = 1
Output: 3
Explanation: The LCA of nodes 5 and 1 is 3.

Example 2:

Input: root = [3,5,1,6,2,0,8,null,null,7,4], p = 5, q = 4
Output: 5
Explanation: The LCA of nodes 5 and 4 is 5, since a node can be a descendant of itself according to the LCA definition.

Example 3:

Input: root = [1,2], p = 1, q = 2
Output: 1

Constraints:

	The number of nodes in the tree is in the range [2, 105].
	-109 <= Node.val <= 109
	All Node.val are unique.
	p != q
	p and q will exist in the tree.","                        

class Solution {
 public:
  TreeNode* lowestCommonAncestor(TreeNode* root, TreeNode* p, TreeNode* q) {
    if (root == nullptr || root == p || root == q)
      return root;

    TreeNode* l = lowestCommonAncestor(root->left, p, q);
    TreeNode* r = lowestCommonAncestor(root->right, p, q);

    if (l && r)
      return root;
    return l ? l : r;
  }
};",https://leetcode.com/problems/lowest-common-ancestor-of-a-binary-tree,"class Solution {
 public:
  TreeNode* lowestCommonAncestor(TreeNode* root, TreeNode* p, TreeNode* q) {
    if (root == nullptr || root == p)
      return root;

    TreeNode* l = lowestCommonAncestor(root->left, p, q);
    TreeNode* r = lowestCommonAncestor(root->right, p, q);

    if (l && r)
      return root;
    return l ? l : r;
  }
};","[Logic – Missing edge case handling] Removed the base case that immediately returns when the current node is q, causing incorrect results when q is an ancestor of p.",Wrong Answer,"root =
[3,5,1,6,2,0,8,null,null,7,4]
p =
5
q =
1",5,3,,qwen3.7-max,zero-shot,Wrong Answer,"""root = [3,5,1,6,2,0,8,null,null,7,4], p = 4, q = 5""","""4""","""5""",
Tree,Hard,141,"A path in a binary tree is a sequence of nodes where each pair of adjacent nodes in the sequence has an edge connecting them. A node can only appear in the sequence at most once. Note that the path does not need to pass through the root.
 
 The path sum of a path is the sum of the node's values in the path.
 
 Given the root of a binary tree, return the maximum path sum of any non-empty path.
 
 Example 1:
 
 Input: root = [1,2,3]
 Output: 6
 Explanation: The optimal path is 2 -> 1 -> 3 with a path sum of 2 + 1 + 3 = 6.
 
 Example 2:
 
 Input: root = [-10,9,20,null,null,15,7]
 Output: 42
 Explanation: The optimal path is 15 -> 20 -> 7 with a path sum of 15 + 20 + 7 = 42.
 
 Constraints:
 
 The number of nodes in the tree is in the range [1, 3 * 104].
 -1000 <= Node.val <= 1000","static const bool __boost = [] ()
{
    std::cin.tie (nullptr);
    std::cout.tie (nullptr);
    return std::ios_base::sync_with_stdio (false);
}();

const size_t BUFFER_SIZE = 0x30000000;
alignas (std::max_align_t) char buffer[BUFFER_SIZE];
size_t buffer_pos = 0;

void *
operator new (size_t size)
{
    constexpr std::size_t alignment = alignof (std::max_align_t);
    size_t padding = (alignment - (buffer_pos % alignment)) % alignment;
    size_t total_size = size + padding;
    char *aligned_ptr = &buffer[buffer_pos + padding];
    buffer_pos += total_size;
    return aligned_ptr;
}

void
operator delete (void * /*unused*/, unsigned long /*unused*/) noexcept
{
}
void
operator delete (void * /*unused*/) noexcept
{
}
void
operator delete[] (void * /*unused*/) noexcept
{
}
void
operator delete[] (void * /*unused*/, size_t /*unused*/) noexcept
{
}

class Solution {
public:
    int pathSum(TreeNode* root,int &sum){
        if(root==NULL)return 0;
        int ls=max(0,pathSum(root->left,sum));
        int rs=max(0,pathSum(root->right,sum));
        sum=max(ls+rs+root->val,sum);
        return max(ls,rs)+root->val;
    }
    int maxPathSum(TreeNode* root) {
        int sum=INT_MIN;
        pathSum(root,sum);
        return sum;
    }
};",https://leetcode.com/problems/binary-tree-maximum-path-sum,"static const bool __boost = [] ()
{
    std::cin.tie (nullptr);
    std::cout.tie (nullptr);
    return std::ios_base::sync_with_stdio (false);
}();

const size_t BUFFER_SIZE = 0x30000000;
alignas (std::max_align_t) char buffer[BUFFER_SIZE];
size_t buffer_pos = 0;

void *
operator new (size_t size)
{
    constexpr std::size_t alignment = alignof (std::max_align_t);
    size_t padding = (alignment - (buffer_pos % alignment)) % alignment;
    size_t total_size = size + padding;
    char *aligned_ptr = &buffer[buffer_pos + padding];
    buffer_pos += total_size;
    return aligned_ptr;
}

void
operator delete (void * /*unused*/, unsigned long /*unused*/) noexcept
{
}
void
operator delete (void * /*unused*/) noexcept
{
}
void
operator delete[] (void * /*unused*/) noexcept
{
}
void
operator delete[] (void * /*unused*/, size_t /*unused*/) noexcept
{
}

class Solution {
public:
    int pathSum(TreeNode* root,int &sum){
        if(root==NULL)return 0;
        int ls=pathSum(root->left,sum);
        int rs=max(0,pathSum(root->right,sum));
        sum=max(ls+rs+root->val,sum);
        return max(ls,rs)+root->val;
    }
    int maxPathSum(TreeNode* root) {
        int sum=INT_MIN;
        pathSum(root,sum);
        return sum;
    }
};","[Logic – Missing edge case handling] Removed the clamping of the left subtree contribution to zero, causing negative left paths to be included in the maximum path calculation.",Wrong Answer,"root =
[1,-2,3]",3,4,,qwen3.7-max,zero-shot,Wrong Answer,"""[2,-1]""","""1""","""2""",
Tree,Hard,142,"A city's skyline is the outer contour of the silhouette formed by all the buildings in that city when viewed from a distance. Given the locations and heights of all the buildings, return the skyline formed by these buildings collectively.
 
 The geometric information of each building is given in the array buildings where buildings[i] = [lefti, righti, heighti]:
 
 lefti is the x coordinate of the left edge of the ith building.
 righti is the x coordinate of the right edge of the ith building.
 heighti is the height of the ith building.
 
 You may assume all buildings are perfect rectangles grounded on an absolutely flat surface at height 0.
 
 The skyline should be represented as a list of ""key points"" sorted by their x-coordinate in the form [[x1,y1],[x2,y2],...]. Each key point is the left endpoint of some horizontal segment in the skyline except the last point in the list, which always has a y-coordinate 0 and is used to mark the skyline's termination where the rightmost building ends. Any ground between the leftmost and rightmost buildings should be part of the skyline's contour.
 
 Note: There must be no consecutive horizontal lines of equal height in the output skyline. For instance, [...,[2 3],[4 5],[7 5],[11 5],[12 7],...] is not acceptable; the three lines of height 5 should be merged into one in the final output as such: [...,[2 3],[4 5],[12 7],...]
 
 Example 1:
 
 Input: buildings = [[2,9,10],[3,7,15],[5,12,12],[15,20,10],[19,24,8]]
 Output: [[2,10],[3,15],[7,12],[12,0],[15,10],[20,8],[24,0]]
 Explanation:
 Figure A shows the buildings of the input.
 Figure B shows the skyline formed by those buildings. The red points in figure B represent the key points in the output list.
 
 Example 2:
 
 Input: buildings = [[0,2,3],[2,5,3]]
 Output: [[0,3],[5,0]]
 
 Constraints:
 
 1 <= buildings.length <= 104
 0 <= lefti < righti <= 231 - 1
 1 <= heighti <= 231 - 1
 buildings is sorted by lefti inÂ non-decreasing order.","class Solution {
public:
    vector<vector<int>> getSkyline(vector<vector<int>>& buildings) {
        vector<vector<int>> res;
        priority_queue<pair<int,int>> pq;
        int curr_h = 0, curr_x = INT_MIN;

        sort(buildings.begin(), buildings.end());

        for (int i = 0; i <= buildings.size(); ++i) {
            while (!pq.empty() && (i == buildings.size() || buildings[i][0] >= pq.top().second)) {
                while (!pq.empty() && pq.top().second <= curr_x) pq.pop();
                
                int end_x = INT_MIN;
                int end_h = pq.top().first;
                if (end_h < curr_h) {
                    pq.pop();
                } else if (end_h == curr_h) {
                    do {
                        end_x = max(end_x, pq.top().second);
                        pq.pop();
                    } while (!pq.empty() && pq.top().first == curr_h);
                    
                    while (!pq.empty() && pq.top().second <= end_x) pq.pop();
                    curr_h = pq.empty() ? 0 : pq.top().first;
                    if (curr_x < end_x) {
                        curr_x = end_x;
                        res.push_back({curr_x, curr_h});
                    }
                } else {
                    ++end_x;
                }
            }
            if (i < buildings.size()) {
                const auto& b = buildings[i];
                pq.emplace(b[2], b[1]);
                if (curr_h < b[2] || curr_x == b[0]) {
                    if (curr_x < b[0])
                        res.push_back({b[0], b[2]});
                    else if (b[2] > curr_h) {
                        if (res.back()[0] == curr_x)
                            res.pop_back();
                        if (res.empty() || res.back()[1] != b[2])
                            res.push_back({b[0], b[2]});
                    }
                    curr_h = res.back()[1];
                }
                curr_x = b[0];
            }
        }
        return res;
    }
};",https://leetcode.com/problems/the-skyline-problem,"class Solution {
public:
    vector<vector<int>> getSkyline(vector<vector<int>>& buildings) {
        vector<vector<int>> res;
        priority_queue<pair<int,int>> pq;
        int curr_h = 0, curr_x = INT_MIN;

        sort(buildings.begin(), buildings.end());

        for (int i = 0; i <= buildings.size(); ++i) {
            while (!pq.empty() && (i == buildings.size() | buildings[i][0] >= pq.top().second)) {
                while (!pq.empty() && pq.top().second <= curr_x) pq.pop();
                
                int end_x = INT_MIN;
                int end_h = pq.top().first;
                if (end_h < curr_h) {
                    pq.pop();
                } else if (end_h == curr_h) {
                    do {
                        end_x = max(end_x, pq.top().second);
                        pq.pop();
                    } while (!pq.empty() && pq.top().first == curr_h);
                    
                    while (!pq.empty() && pq.top().second <= end_x) pq.pop();
                    curr_h = pq.empty() ? 0 : pq.top().first;
                    if (curr_x < end_x) {
                        curr_x = end_x;
                        res.push_back({curr_x, curr_h});
                    }
                } else {
                    ++end_x;
                }
            }
            if (i < buildings.size()) {
                const auto& b = buildings[i];
                pq.emplace(b[2], b[1]);
                if (curr_h < b[2] || curr_x == b[0]) {
                    if (curr_x < b[0])
                        res.push_back({b[0], b[2]});
                    else if (b[2] > curr_h) {
                        if (res.back()[0] == curr_x)
                            res.pop_back();
                        if (res.empty() || res.back()[1] != b[2])
                            res.push_back({b[0], b[2]});
                    }
                    curr_h = res.back()[1];
                }
                curr_x = b[0];
            }
        }
        return res;
    }
};","[Logic – Logical/bitwise operator confusion] Replaced the short-circuit logical OR with bitwise OR in the priority queue draining condition, causing both operands to be evaluated.",Runtime Error,"buildings =
[[2,9,10],[3,7,15],[5,12,12],[15,20,10],[19,24,8]]",,,"Line 1122: Char 9: runtime error: reference binding to misaligned address 0xbebebebebebebebe for type 'int', which requires 4 byte alignment (stl_vector.h)
0xbebebebebebebebe: note: pointer points here
<memory cannot be printed>
SUMMARY: UndefinedBehaviorSanitizer: undefined-behavior /usr/lib/gcc/x86_64-linux-gnu/14/../../../../include/c++/14/bits/stl_vector.h:1131:9",qwen3.7-max,zero-shot,Wrong Answer,"""[[0,10,10],[2,5,15],[8,12,8]]""","""[[0,10],[2,15]]""","""[[0,10],[2,15],[5,10],[10,8],[12,0]]""","The code fails to correctly update the skyline and curr_h when a taller building ends and reveals a shorter ongoing building (the `end_h < curr_h` branch). It simply pops the building from the priority queue without adding the new key point to the result or updating the current height, leading to missing key points in the output."
Tree,Hard,143,"Given an integer array nums, return an integer array counts where counts[i] is the number of smaller elements to the right of nums[i].
 
 Example 1:
 
 Input: nums = [5,2,6,1]
 Output: [2,1,1,0]
 Explanation:
 To the right of 5 there are 2 smaller elements (2 and 1).
 To the right of 2 there is only 1 smaller element (1).
 To the right of 6 there is 1 smaller element (1).
 To the right of 1 there is 0 smaller element.
 
 Example 2:
 
 Input: nums = [-1]
 Output: [0]
 
 Example 3:
 
 Input: nums = [-1,-1]
 Output: [0,0]
 
 Constraints:
 
 1 <= nums.length <= 105
 -104 <= nums[i] <= 104","class Solution {
public:
    vector<int> countSmaller(vector<int>& nums) {
        BinaryIndexedTree tree{};
        vector<int> ans(nums.size());
        for (auto i{nums.size() - 1}; ~i; --i) {
            const auto num{nums[i]};
            ans[i] = tree.Query(num);
            tree.Update(num);
        }

        return ans;
    }

private:
    class BinaryIndexedTree {
    public:

        BinaryIndexedTree() { }

        void Update(int val) {
            auto i{val + 10001};
            while (i < n_) {
                ++data_[i];
                i += i & -i;
            }
        }

        int Query(int val) {
            int result{0};
            auto i{val + 10000};
            while (i > 0) {
                result += data_[i];
                i -= i & -i;
            }
            return result;
        }

    private:
        static constexpr size_t n_{20001};
        array<int, n_> data_{};
    };
};",https://leetcode.com/problems/count-of-smaller-numbers-after-self,"class Solution {
public:
    vector<int> countSmaller(vector<int>& nums) {
        BinaryIndexedTree tree{};
        vector<int> ans(nums.size());
        for (auto i{nums.size() - 1}; ~i; --i) {
            const auto num{nums[i]};
            ans[i] = tree.Query(num);
            tree.Update(num);
        }

        return ans;
    }

private:
    class BinaryIndexedTree {
    public:

        BinaryIndexedTree() { }

        void Update(int val) {
            auto i{val + 10001};
            while (i < n_) {
                ++data_[i];
                i += i & -i;
            }
        }

        int Query(int val) {
            int result{0};
            auto i{val + 10001};
            while (i > 0) {
                result += data_[i];
                i -= i & -i;
            }
            return result;
        }

    private:
        static constexpr size_t n_{20001};
        array<int, n_> data_{};
    };
};","[Logic – Missing edge case handling] Changed the query offset so equal values are included in the count, causing duplicates to be treated as smaller elements.",Wrong Answer,"nums =
[-1,-1]","[1,0]","[0,0]",,qwen3.7-max,zero-shot,Runtime Error,"""[10000]""","""Runtime Error""","""[0]""","The Binary Indexed Tree array size is defined as 20001, which allows valid indices from 0 to 20000. However, for the maximum possible value in the input (10000), the calculated index is 10000 + 10001 = 20001. Accessing data_[20001] in the Query function causes an out-of-bounds memory access, which triggers a Runtime Error (stack-buffer-overflow) under AddressSanitizer."
Tree,Hard,144,"Given an integer array nums and two integers lower and upper, return the number of range sums that lie in [lower, upper] inclusive.
 
 Range sum S(i, j) is defined as the sum of the elements in nums between indices i and j inclusive, where i <= j.
 
 Example 1:
 
 Input: nums = [-2,5,-1], lower = -2, upper = 2
 Output: 3
 Explanation: The three ranges are: [0,0], [2,2], and [0,2] and their respective sums are: -2, -1, 2.
 
 Example 2:
 
 Input: nums = [0], lower = 0, upper = 0
 Output: 1
 
 Constraints:
 
 1 <= nums.length <= 105
 -231 <= nums[i] <= 231 - 1
 -105 <= lower <= upper <= 105
 The answer is guaranteed to fit in a 32-bit integer.","using ll = long long;
int upper, lower;
const int MAXN = 1e5 + 1;

ll s[MAXN];
ll aux[MAXN];
int dnc(int l, int r)
{
    if (l == r) return 0;

    int m = (l + r) / 2;
    int ans = dnc(l, m) + dnc(m+1, r);
    
    int wl = l, wr = l;
    for (int i = m+1; i <= r; ++i)
    {
        ll a = s[i] - upper;
        ll b = s[i] - lower;
        while (wl <= m and s[wl] < a) wl++;
        while (wr <= m and s[wr] <= b) wr++;
        ans += wr - wl;
    }

    int i = l, j = m+1, k = 0;
    while (i <= m and j <= r)
        if (s[i] <= s[j])
            aux[k++] = s[i++];
        else
            aux[k++] = s[j++];
    while (i <= m) aux[k++] = s[i++];
    while (j <= r) aux[k++] = s[j++];
    for (int i = l, k = 0; i <= r; ++i, ++k) s[i] = aux[k];

    return ans;
}


class Solution {
public:
    int countRangeSum(vector<int>& nums, int lo, int up) {
        lower = lo; upper = up;
        s[0] = 0;
        for (int i = 1; i <= nums.size(); ++i)
            s[i] = s[i - 1] + nums[i - 1];
        return dnc(0, nums.size());
    }
};",https://leetcode.com/problems/count-of-range-sum,"using ll = long long;
int upper, lower;
const int MAXN = 1e5 + 1;

ll s[MAXN];
ll aux[MAXN];
int dnc(int l, int r)
{
    if (l == r) return 0;

    int m = l + r / 2;
    int ans = dnc(l, m) + dnc(m+1, r);
    
    int wl = l, wr = l;
    for (int i = m+1; i <= r; ++i)
    {
        ll a = s[i] - upper;
        ll b = s[i] - lower;
        while (wl <= m and s[wl] < a) wl++;
        while (wr <= m and s[wr] <= b) wr++;
        ans += wr - wl;
    }

    int i = l, j = m+1, k = 0;
    while (i <= m and j <= r)
        if (s[i] <= s[j])
            aux[k++] = s[i++];
        else
            aux[k++] = s[j++];
    while (i <= m) aux[k++] = s[i++];
    while (j <= r) aux[k++] = s[j++];
    for (int i = l, k = 0; i <= r; ++i, ++k) s[i] = aux[k];

    return ans;
}


class Solution {
public:
    int countRangeSum(vector<int>& nums, int lo, int up) {
        lower = lo; upper = up;
        s[0] = 0;
        for (int i = 1; i <= nums.size(); ++i)
            s[i] = s[i - 1] + nums[i - 1];
        return dnc(0, nums.size());
    }
};","[Logic – Operator precedence error] Changed the midpoint calculation from `(l + r) / 2` to `l + r / 2`, causing incorrect divide-and-conquer ranges.",Runtime Error,"nums =
[-2,5,-1]
lower =
-2
upper =
2",,,"Line 12: Char 15:
AddressSanitizer:DEADLYSIGNAL
=================================================================
==22==ERROR: AddressSanitizer: stack-overflow on address 0x7ffc1e45fff8 (pc 0x55993ae9e86d bp 0x7ffc1e460030 sp 0x7ffc1e460000 T0)
    #0 0x55993ae9e86d in dnc(int, int) solution.cpp:12:15
    #1 0x55993ae9e871 in dnc(int, int) solution.cpp:12:15
    #2 0x55993ae9e871 in dnc(int, int) solution.cpp:12:15
    #3 0x55993ae9e871 in dnc(int, int) solution.cpp:12:15
    #4 0x55993ae9e871 in dnc(int, int) solution.cpp:12:15
    #5 0x55993ae9e871 in dnc(int, int) solution.cpp:12:15
    #6 0x55993ae9e871 in dnc(int, int) solution.cpp:12:15
    #7 0x55993ae9e871 in dnc(int, int) solution.cpp:12:15
    #8 0x55993ae9e871 in dnc(int, int) solution.cpp:12:15
    #9 0x55993ae9e871 in dnc(int, int) solution.cpp:12:15
    #10 0x55993ae9e871 in dnc(int, int) solution.cpp:12:15
    #11 0x55993ae9e871 in dnc(int, int) solution.cpp:12:15
    #12 0x55993ae9e871 in dnc(int, int) solution.cpp:12:15
    #13 0x55993ae9e871 in dnc(int, int) solution.cpp:12:15
    #14 0x55993ae9e871 in dnc(int, int) solution.cpp:12:15
    #15 0x55993ae9e871 in dnc(int, int) solution.cpp:12:15
    #16 0x55993ae9e871 in dnc(int, int) solution.cpp:12:15
    #17 0x55993ae9e871 in dnc(int, int) solution.cpp:12:15
    #18 0x55993ae9e871 in dnc(int, int) solution.cpp:12:15
    #19 0x55993ae9e871 in dnc(int, int) solution.cpp:12:15
    #20 0x55993ae9e871 in dnc(int, int) solution.cpp:12:15
    #21 0x55993ae9e871 in dnc(int, int) solution.cpp:12:15
    #22 0x55993ae9e871 in dnc(int, int) solution.cpp:12:15
    #23 0x55993ae9e871 in dnc(int, int) solution.cpp:12:15
    #24 0x55993ae9e871 in dnc(int, int) solution.cpp:12:15
    #25 0x55993ae9e871 in dnc(int, int) solution.cpp:12:15
    #26 0x55993ae9e871 in dnc(int, int) solution.cpp:12:15
    #27 0x55993ae9e871 in dnc(int, int) solution.cpp:12:15
    #28 0x55993ae9e871 in dnc(int, int) solution.cpp:12:15
    #29 0x55993ae9e871 in dnc(int, int) solution.cpp:12:15
    #30 0x55993ae9e871 in dnc(int, int) solution.cpp:12:15
    #31 0x55993ae9e871 in dnc(int, int) solution.cpp:12:15
    #32 0x55993ae9e871 in dnc(int, int) solution.cpp:12:15
    #33 0x55993ae9e871 in dnc(int, int) solution.cpp:12:15
    #34 0x55993ae9e871 in dnc(int, int) solution.cpp:12:15
    #35 0x55993ae9e871 in dnc(int, int) solution.cpp:12:15
    #36 0x55993ae9e871 in dnc(int, int) solution.cpp:12:15
    #37 0x55993ae9e871 in dnc(int, int) solution.cpp:12:15
    #38 0x55993ae9e871 in dnc(int, int) solution.cpp:12:15
    #39 0x55993ae9e871 in dnc(int, int) solution.cpp:12:15
    #40 0x55993ae9e871 in dnc(int, int) solution.cpp:12:15
    #41 0x55993ae9e871 in dnc(int, int) solution.cpp:12:15
    #42 0x55993ae9e871 in dnc(int, int) solution.cpp:12:15
    #43 0x55993ae9e871 in dnc(int, int) solution.cpp:12:15
    #44 0x55993ae9e871 in dnc(int, int) solution.cpp:12:15
    #45 0x55993ae9e871 in dnc(int, int) solution.cpp:12:15
    #46 0x55993ae9e871 in dnc(int, int) solution.cpp:12:15
    #47 0x55993ae9e871 in dnc(int, int) solution.cpp:12:15
    #48 0x55993ae9e871 in dnc(int, int) solution.cpp:12:15
    #49 0x55993ae9e871 in dnc(int, int) solution.cpp:12:15
    #50 0x55993ae9e871 in dnc(int, int) solution.cpp:12:15
    #51 0x55993ae9e871 in dnc(int, int) solution.cpp:12:15
    #52 0x55993ae9e871 in dnc(int, int) solution.cpp:12:15
    #53 0x55993ae9e871 in dnc(int, int) solution.cpp:12:15
    #54 0x55993ae9e871 in dnc(int, int) solution.cpp:12:15
    #55 0x55993ae9e871 in dnc(int, int) solution.cpp:12:15
    #56 0x55993ae9e871 in dnc(int, int) solution.cpp:12:15
    #57 0x55993ae9e871 in dnc(int, int) solution.cpp:12:15
    #58 0x55993ae9e871 in dnc(int, int) solution.cpp:12:15
    #59 0x55993ae9e871 in dnc(int, int) solution.cpp:12:15
    #60 0x55993ae9e871 in dnc(int, int) solution.cpp:12:15
    #61 0x55993ae9e871 in dnc(int, int) solution.cpp:12:15
    #62 0x55993ae9e871 in dnc(int, int) solution.cpp:12:15
    #63 0x55993ae9e871 in dnc(int, int) solution.cpp:12:15
    #64 0x55993ae9e871 in dnc(int, int) solution.cpp:12:15
    #65 0x55993ae9e871 in dnc(int, int) solution.cpp:12:15
    #66 0x55993ae9e871 in dnc(int, int) solution.cpp:12:15
    #67 0x55993ae9e871 in dnc(int, int) solution.cpp:12:15
    #68 0x55993ae9e871 in dnc(int, int) solution.cpp:12:15
    #69 0x55993ae9e871 in dnc(int, int) solution.cpp:12:15
    #70 0x55993ae9e871 in dnc(int, int) solution.cpp:12:15
    #71 0x55993ae9e871 in dnc(int, int) solution.cpp:12:15
    #72 0x55993ae9e871 in dnc(int, int) solution.cpp:12:15
    #73 0x55993ae9e871 in dnc(int, int) solution.cpp:12:15
    #74 0x55993ae9e871 in dnc(int, int) solution.cpp:12:15
    #75 0x55993ae9e871 in dnc(int, int) solution.cpp:12:15
    #76 0x55993ae9e871 in dnc(int, int) solution.cpp:12:15
    #77 0x55993ae9e871 in dnc(int, int) solution.cpp:12:15
    #78 0x55993ae9e871 in dnc(int, int) solution.cpp:12:15
    #79 0x55993ae9e871 in dnc(int, int) solution.cpp:12:15
    #80 0x55993ae9e871 in dnc(int, int) solution.cpp:12:15
    #81 0x55993ae9e871 in dnc(int, int) solution.cpp:12:15
    #82 0x55993ae9e871 in dnc(int, int) solution.cpp:12:15
    #83 0x55993ae9e871 in dnc(int, int) solution.cpp:12:15
    #84 0x55993ae9e871 in dnc(int, int) solution.cpp:12:15
    #85 0x55993ae9e871 in dnc(int, int) solution.cpp:12:15
    #86 0x55993ae9e871 in dnc(int, int) solution.cpp:12:15
    #87 0x55993ae9e871 in dnc(int, int) solution.cpp:12:15
    #88 0x55993ae9e871 in dnc(int, int) solution.cpp:12:15
    #89 0x55993ae9e871 in dnc(int, int) solution.cpp:12:15
    #90 0x55993ae9e871 in dnc(int, int) solution.cpp:12:15
    #91 0x55993ae9e871 in dnc(int, int) solution.cpp:12:15
    #92 0x55993ae9e871 in dnc(int, int) solution.cpp:12:15
    #93 0x55993ae9e871 in dnc(int, int) solution.cpp:12:15
    #94 0x55993ae9e871 in dnc(int, int) solution.cpp:12:15
    #95 0x55993ae9e871 in dnc(int, int) solution.cpp:12:15
    #96 0x55993ae9e871 in dnc(int, int) solution.cpp:12:15
    #97 0x55993ae9e871 in dnc(int, int) solution.cpp:12:15
    #98 0x55993ae9e871 in dnc(int, int) solution.cpp:12:15
    #99 0x55993ae9e871 in dnc(int, int) solution.cpp:12:15
    #100 0x55993ae9e871 in dnc(int, int) solution.cpp:12:15
    #101 0x55993ae9e871 in dnc(int, int) solution.cpp:12:15
    #102 0x55993ae9e871 in dnc(int, int) solution.cpp:12:15
    #103 0x55993ae9e871 in dnc(int, int) solution.cpp:12:15
    #104 0x55993ae9e871 in dnc(int, int) solution.cpp:12:15
    #105 0x55993ae9e871 in dnc(int, int) solution.cpp:12:15
    #106 0x55993ae9e871 in dnc(int, int) solution.cpp:12:15
    #107 0x55993ae9e871 in dnc(int, int) solution.cpp:12:15
    #108 0x55993ae9e871 in dnc(int, int) solution.cpp:12:15
    #109 0x55993ae9e871 in dnc(int, int) solution.cpp:12:15
    #110 0x55993ae9e871 in dnc(int, int) solution.cpp:12:15
    #111 0x55993ae9e871 in dnc(int, int) solution.cpp:12:15
    #112 0x55993ae9e871 in dnc(int, int) solution.cpp:12:15
    #113 0x55993ae9e871 in dnc(int, int) solution.cpp:12:15
    #114 0x55993ae9e871 in dnc(int, int) solution.cpp:12:15
    #115 0x55993ae9e871 in dnc(int, int) solution.cpp:12:15
    #116 0x55993ae9e871 in dnc(int, int) solution.cpp:12:15
    #117 0x55993ae9e871 in dnc(int, int) solution.cpp:12:15
    #118 0x55993ae9e871 in dnc(int, int) solution.cpp:12:15
    #119 0x55993ae9e871 in dnc(int, int) solution.cpp:12:15
    #120 0x55993ae9e871 in dnc(int, int) solution.cpp:12:15
    #121 0x55993ae9e871 in dnc(int, int) solution.cpp:12:15
    #122 0x55993ae9e871 in dnc(int, int) solution.cpp:12:15
    #123 0x55993ae9e871 in dnc(int, int) solution.cpp:12:15
    #124 0x55993ae9e871 in dnc(int, int) solution.cpp:12:15
    #125 0x55993ae9e871 in dnc(int, int) solution.cpp:12:15
    #126 0x55993ae9e871 in dnc(int, int) solution.cpp:12:15
    #127 0x55993ae9e871 in dnc(int, int) solution.cpp:12:15
    #128 0x55993ae9e871 in dnc(int, int) solution.cpp:12:15
    #129 0x55993ae9e871 in dnc(int, int) solution.cpp:12:15
    #130 0x55993ae9e871 in dnc(int, int) solution.cpp:12:15
    #131 0x55993ae9e871 in dnc(int, int) solution.cpp:12:15
    #132 0x55993ae9e871 in dnc(int, int) solution.cpp:12:15
    #133 0x55993ae9e871 in dnc(int, int) solution.cpp:12:15
    #134 0x55993ae9e871 in dnc(int, int) solution.cpp:12:15
    #135 0x55993ae9e871 in dnc(int, int) solution.cpp:12:15
    #136 0x55993ae9e871 in dnc(int, int) solution.cpp:12:15
    #137 0x55993ae9e871 in dnc(int, int) solution.cpp:12:15
    #138 0x55993ae9e871 in dnc(int, int) solution.cpp:12:15
    #139 0x55993ae9e871 in dnc(int, int) solution.cpp:12:15
    #140 0x55993ae9e871 in dnc(int, int) solution.cpp:12:15
    #141 0x55993ae9e871 in dnc(int, int) solution.cpp:12:15
    #142 0x55993ae9e871 in dnc(int, int) solution.cpp:12:15
    #143 0x55993ae9e871 in dnc(int, int) solution.cpp:12:15
    #144 0x55993ae9e871 in dnc(int, int) solution.cpp:12:15
    #145 0x55993ae9e871 in dnc(int, int) solution.cpp:12:15
    #146 0x55993ae9e871 in dnc(int, int) solution.cpp:12:15
    #147 0x55993ae9e871 in dnc(int, int) solution.cpp:12:15
    #148 0x55993ae9e871 in dnc(int, int) solution.cpp:12:15
    #149 0x55993ae9e871 in dnc(int, int) solution.cpp:12:15
    #150 0x55993ae9e871 in dnc(int, int) solution.cpp:12:15
    #151 0x55993ae9e871 in dnc(int, int) solution.cpp:12:15
    #152 0x55993ae9e871 in dnc(int, int) solution.cpp:12:15
    #153 0x55993ae9e871 in dnc(int, int) solution.cpp:12:15
    #154 0x55993ae9e871 in dnc(int, int) solution.cpp:12:15
    #155 0x55993ae9e871 in dnc(int, int) solution.cpp:12:15
    #156 0x55993ae9e871 in dnc(int, int) solution.cpp:12:15
    #157 0x55993ae9e871 in dnc(int, int) solution.cpp:12:15
    #158 0x55993ae9e871 in dnc(int, int) solution.cpp:12:15
    #159 0x55993ae9e871 in dnc(int, int) solution.cpp:12:15
    #160 0x55993ae9e871 in dnc(int, int) solution.cpp:12:15
    #161 0x55993ae9e871 in dnc(int, int) solution.cpp:12:15
    #162 0x55993ae9e871 in dnc(int, int) solution.cpp:12:15
    #163 0x55993ae9e871 in dnc(int, int) solution.cpp:12:15
    #164 0x55993ae9e871 in dnc(int, int) solution.cpp:12:15
    #165 0x55993ae9e871 in dnc(int, int) solution.cpp:12:15
    #166 0x55993ae9e871 in dnc(int, int) solution.cpp:12:15
    #167 0x55993ae9e871 in dnc(int, int) solution.cpp:12:15
    #168 0x55993ae9e871 in dnc(int, int) solution.cpp:12:15
    #169 0x55993ae9e871 in dnc(int, int) solution.cpp:12:15
    #170 0x55993ae9e871 in dnc(int, int) solution.cpp:12:15
    #171 0x55993ae9e871 in dnc(int, int) solution.cpp:12:15
    #172 0x55993ae9e871 in dnc(int, int) solution.cpp:12:15
    #173 0x55993ae9e871 in dnc(int, int) solution.cpp:12:15
    #174 0x55993ae9e871 in dnc(int, int) solution.cpp:12:15
    #175 0x55993ae9e871 in dnc(int, int) solution.cpp:12:15
    #176 0x55993ae9e871 in dnc(int, int) solution.cpp:12:15
    #177 0x55993ae9e871 in dnc(int, int) solution.cpp:12:15
    #178 0x55993ae9e871 in dnc(int, int) solution.cpp:12:15
    #179 0x55993ae9e871 in dnc(int, int) solution.cpp:12:15
    #180 0x55993ae9e871 in dnc(int, int) solution.cpp:12:15
    #181 0x55993ae9e871 in dnc(int, int) solution.cpp:12:15
    #182 0x55993ae9e871 in dnc(int, int) solution.cpp:12:15
    #183 0x55993ae9e871 in dnc(int, int) solution.cpp:12:15
    #184 0x55993ae9e871 in dnc(int, int) solution.cpp:12:15
    #185 0x55993ae9e871 in dnc(int, int) solution.cpp:12:15
    #186 0x55993ae9e871 in dnc(int, int) solution.cpp:12:15
    #187 0x55993ae9e871 in dnc(int, int) solution.cpp:12:15
    #188 0x55993ae9e871 in dnc(int, int) solution.cpp:12:15
    #189 0x55993ae9e871 in dnc(int, int) solution.cpp:12:15
    #190 0x55993ae9e871 in dnc(int, int) solution.cpp:12:15
    #191 0x55993ae9e871 in dnc(int, int) solution.cpp:12:15
    #192 0x55993ae9e871 in dnc(int, int) solution.cpp:12:15
    #193 0x55993ae9e871 in dnc(int, int) solution.cpp:12:15
    #194 0x55993ae9e871 in dnc(int, int) solution.cpp:12:15
    #195 0x55993ae9e871 in dnc(int, int) solution.cpp:12:15
    #196 0x55993ae9e871 in dnc(int, int) solution.cpp:12:15
    #197 0x55993ae9e871 in dnc(int, int) solution.cpp:12:15
    #198 0x55993ae9e871 in dnc(int, int) solution.cpp:12:15
    #199 0x55993ae9e871 in dnc(int, int) solution.cpp:12:15
    #200 0x55993ae9e871 in dnc(int, int) solution.cpp:12:15
    #201 0x55993ae9e871 in dnc(int, int) solution.cpp:12:15
    #202 0x55993ae9e871 in dnc(int, int) solution.cpp:12:15
    #203 0x55993ae9e871 in dnc(int, int) solution.cpp:12:15
    #204 0x55993ae9e871 in dnc(int, int) solution.cpp:12:15
    #205 0x55993ae9e871 in dnc(int, int) solution.cpp:12:15
    #206 0x55993ae9e871 in dnc(int, int) solution.cpp:12:15
    #207 0x55993ae9e871 in dnc(int, int) solution.cpp:12:15
    #208 0x55993ae9e871 in dnc(int, int) solution.cpp:12:15
    #209 0x55993ae9e871 in dnc(int, int) solution.cpp:12:15
    #210 0x55993ae9e871 in dnc(int, int) solution.cpp:12:15
    #211 0x55993ae9e871 in dnc(int, int) solution.cpp:12:15
    #212 0x55993ae9e871 in dnc(int, int) solution.cpp:12:15
    #213 0x55993ae9e871 in dnc(int, int) solution.cpp:12:15
    #214 0x55993ae9e871 in dnc(int, int) solution.cpp:12:15
    #215 0x55993ae9e871 in dnc(int, int) solution.cpp:12:15
    #216 0x55993ae9e871 in dnc(int, int) solution.cpp:12:15
    #217 0x55993ae9e871 in dnc(int, int) solution.cpp:12:15
    #218 0x55993ae9e871 in dnc(int, int) solution.cpp:12:15
    #219 0x55993ae9e871 in dnc(int, int) solution.cpp:12:15
    #220 0x55993ae9e871 in dnc(int, int) solution.cpp:12:15
    #221 0x55993ae9e871 in dnc(int, int) solution.cpp:12:15
    #222 0x55993ae9e871 in dnc(int, int) solution.cpp:12:15
    #223 0x55993ae9e871 in dnc(int, int) solution.cpp:12:15
    #224 0x55993ae9e871 in dnc(int, int) solution.cpp:12:15
    #225 0x55993ae9e871 in dnc(int, int) solution.cpp:12:15
    #226 0x55993ae9e871 in dnc(int, int) solution.cpp:12:15
    #227 0x55993ae9e871 in dnc(int, int) solution.cpp:12:15
    #228 0x55993ae9e871 in dnc(int, int) solution.cpp:12:15
    #229 0x55993ae9e871 in dnc(int, int) solution.cpp:12:15
    #230 0x55993ae9e871 in dnc(int, int) solution.cpp:12:15
    #231 0x55993ae9e871 in dnc(int, int) solution.cpp:12:15
    #232 0x55993ae9e871 in dnc(int, int) solution.cpp:12:15
    #233 0x55993ae9e871 in dnc(int, int) solution.cpp:12:15
    #234 0x55993ae9e871 in dnc(int, int) solution.cpp:12:15
    #235 0x55993ae9e871 in dnc(int, int) solution.cpp:12:15
    #236 0x55993ae9e871 in dnc(int, int) solution.cpp:12:15
    #237 0x55993ae9e871 in dnc(int, int) solution.cpp:12:15
    #238 0x55993ae9e871 in dnc(int, int) solution.cpp:12:15
    #239 0x55993ae9e871 in dnc(int, int) solution.cpp:12:15
    #240 0x55993ae9e871 in dnc(int, int) solution.cpp:12:15
    #241 0x55993ae9e871 in dnc(int, int) solution.cpp:12:15
    #242 0x55993ae9e871 in dnc(int, int) solution.cpp:12:15
    #243 0x55993ae9e871 in dnc(int, int) solution.cpp:12:15
    #244 0x55993ae9e871 in dnc(int, int) solution.cpp:12:15
    #245 0x55993ae9e871 in dnc(int, int) solution.cpp:12:15
    #246 0x55993ae9e871 in dnc(int, int) solution.cpp:12:15
SUMMARY: AddressSanitizer: stack-overflow solution.cpp:12:15 in dnc(int, int)
==22==ABORTING",qwen3.7-max,zero-shot,Runtime Error,"""nums = [-2,5,-1], lower = -2, upper = 2""",null,"""3""","The calculation of the midpoint `int m = l + r / 2;` is incorrect due to operator precedence. It evaluates as `l + (r / 2)`. For example, when the recursive call reaches `l = 2` and `r = 3`, `m` evaluates to `2 + (3 / 2) = 3`. This causes `dnc(2, 3)` to call `dnc(2, 3)` infinitely, resulting in a stack overflow and a Runtime Error. The correct formula should be `int m = l + (r - l) / 2;` or `int m = (l + r) / 2;`."
Tree,Hard,145,"Given an integer array nums, return the number of reverse pairs in the array.
 
 A reverse pair is a pair (i, j) where:
 
 0 <= i < j < nums.length and
 nums[i] > 2 * nums[j].
 
 Example 1:
 
 Input: nums = [1,3,2,3,1]
 Output: 2
 Explanation: The reverse pairs are:
 (1, 4) --> nums[1] = 3, nums[4] = 1, 3 > 2 * 1
 (3, 4) --> nums[3] = 3, nums[4] = 1, 3 > 2 * 1
 
 Example 2:
 
 Input: nums = [2,4,3,5,1]
 Output: 3
 Explanation: The reverse pairs are:
 (1, 4) --> nums[1] = 4, nums[4] = 1, 4 > 2 * 1
 (2, 4) --> nums[2] = 3, nums[4] = 1, 3 > 2 * 1
 (3, 4) --> nums[3] = 5, nums[4] = 1, 5 > 2 * 1
 
 Constraints:
 
 1 <= nums.length <= 5 * 104
 -231 <= nums[i] <= 231 - 1","class Solution {
public:
    int helper(vector<int>& nums, int low, int high) {
        if (low >= high) {
            return 0;
        }
        int mid = low + (high - low) / 2;
        int leftCount = helper(nums, low, mid);
        int rightCount = helper(nums, mid + 1, high);

        int left = low;
        int right = mid + 1;
        int currCount = 0;
        while (left <= mid) {
            while (right <= high && (long)nums[left] > (long)2 * nums[right]) {
                right++;
            }
            currCount += right - (mid + 1);
            left++;
        }
        sort(nums.begin() + low, nums.begin() + high + 1);
        return leftCount + currCount + rightCount;
    }
    int reversePairs(vector<int>& nums) {
        int ans = helper(nums, 0, nums.size() - 1);
        return ans;
    }
};",https://leetcode.com/problems/reverse-pairs,"class Solution {
public:
    int helper(vector<int>& nums, int low, int high) {
        if (low >= high) {
            return 0;
        }
        int mid = low + (high - low) / 2;
        int leftCount = helper(nums, low, mid);
        int rightCount = helper(nums, mid + 1, high);

        int left = low;
        int right = mid + 1;
        int currCount = 0;
        while (left <= mid) {
            while (right <= high & (long)nums[left] > (long)2 * nums[right]) {
                right++;
            }
            currCount += right - (mid + 1);
            left++;
        }
        sort(nums.begin() + low, nums.begin() + high + 1);
        return leftCount + currCount + rightCount;
    }
    int reversePairs(vector<int>& nums) {
        int ans = helper(nums, 0, nums.size() - 1);
        return ans;
    }
};","[Logic – Logical/bitwise operator confusion] Replaced the short-circuiting logical AND in the merge counting loop with bitwise AND, causing the right-hand condition to be evaluated even when the index is out of bounds.",Runtime Error,"nums =
[3,1]",,,"Line 15: Char 65:
=================================================================
==22==ERROR: AddressSanitizer: heap-buffer-overflow on address 0x5020000001b8 at pc 0x56350b2b850b bp 0x7ffc2035c7c0 sp 0x7ffc2035c7b8
READ of size 4 at 0x5020000001b8 thread T0
    #0 0x56350b2b850a in Solution::helper(std::vector<int, std::allocator<int>>&, int, int) solution.cpp:15:65
    #1 0x56350b2b7a7d in reversePairs solution.cpp:15:19
    #2 0x56350b2b7a7d in __helper__ solution.cpp:15:28
    #3 0x56350b2b7a7d in main solution.cpp:15:40
    #4 0x7fd6176a21c9  (/lib/x86_64-linux-gnu/libc.so.6+0x2a1c9) (BuildId: 8e9fd827446c24067541ac5390e6f527fb5947bb)
    #5 0x7fd6176a228a in __libc_start_main (/lib/x86_64-linux-gnu/libc.so.6+0x2a28a) (BuildId: 8e9fd827446c24067541ac5390e6f527fb5947bb)
    #6 0x56350b1e15f4 in _start (solution+0xb35f4)
0x5020000001b8 is located 0 bytes after 8-byte region [0x5020000001b0,0x5020000001b8)
allocated by thread T0 here:
    #0 0x56350b2b521d in operator new(unsigned long) /root/llvm-project/compiler-rt/lib/asan/asan_new_delete.cpp:86:3
    #1 0x56350b2d482e in void std::vector<int, std::allocator<int>>::_M_realloc_append<int>(int&&) (solution+0x1a682e)
    #2 0x56350b2d46d6 in int& std::vector<int, std::allocator<int>>::emplace_back<int>(int&&) (solution+0x1a66d6)
    #3 0x56350b2d3a01 in std::vector<int, std::allocator<int>> _Deserializer_::deserialize<int>(rapidjson::GenericValue<rapidjson::UTF8<char>, rapidjson::MemoryPoolAllocator<rapidjson::CrtAllocator>>&, std::vector<int, std::allocator<int>>*) (solution+0x1a5a01)
    #4 0x56350b2d37bd in std::vector<int, std::allocator<int>> _Deserializer_::deserialize<std::vector<int, std::allocator<int>>>(std::__cxx11::basic_string<char, std::char_traits<char>, std::allocator<char>> const&) (solution+0x1a57bd)
    #5 0x56350b2b7a2c in main solution.cpp:15:37
    #6 0x7fd6176a21c9  (/lib/x86_64-linux-gnu/libc.so.6+0x2a1c9) (BuildId: 8e9fd827446c24067541ac5390e6f527fb5947bb)
    #7 0x7fd6176a228a in __libc_start_main (/lib/x86_64-linux-gnu/libc.so.6+0x2a28a) (BuildId: 8e9fd827446c24067541ac5390e6f527fb5947bb)
    #8 0x56350b1e15f4 in _start (solution+0xb35f4)
SUMMARY: AddressSanitizer: heap-buffer-overflow solution.cpp:15:65 in Solution::helper(std::vector<int, std::allocator<int>>&, int, int)
Shadow bytes around the buggy address:
  0x501fffffff00: 00 00 00 00 00 00 00 00 00 00 00 00 00 00 00 00
  0x501fffffff80: 00 00 00 00 00 00 00 00 00 00 00 00 00 00 00 00
  0x502000000000: fa fa fd fa fa fa fd fa fa fa fd fa fa fa fd fa
  0x502000000080: fa fa fd fd fa fa fd fa fa fa fd fa fa fa fd fa
  0x502000000100: fa fa fd fa fa fa fd fd fa fa fd fa fa fa fd fa
=>0x502000000180: fa fa fd fa fa fa 00[fa]fa fa fa fa fa fa fa fa
  0x502000000200: fa fa fa fa fa fa fa fa fa fa fa fa fa fa fa fa
  0x502000000280: fa fa fa fa fa fa fa fa fa fa fa fa fa fa fa fa
  0x502000000300: fa fa fa fa fa fa fa fa fa fa fa fa fa fa fa fa
  0x502000000380: fa fa fa fa fa fa fa fa fa fa fa fa fa fa fa fa
  0x502000000400: fa fa fa fa fa fa fa fa fa fa fa fa fa fa fa fa
Shadow byte legend (one shadow byte represents 8 application bytes):
  Addressable:           00
  Partially addressable: 01 02 03 04 05 06 07
  Heap left redzone:       fa
  Freed heap region:       fd
  Stack left redzone:      f1
  Stack mid redzone:       f2
  Stack right redzone:     f3
  Stack after return:      f5
  Stack use after scope:   f8
  Global redzone:          f9
  Global init order:       f6
  Poisoned by user:        f7
  Container overflow:      fc
  Array cookie:            ac
  Intra object redzone:    bb
  ASan internal:           fe
  Left alloca redzone:     ca
  Right alloca redzone:    cb
==22==ABORTING",qwen3.7-max,zero-shot,Runtime Error,"""[1,3,2,3,1]""",null,"""2""","The code uses the bitwise AND operator '&' instead of the logical AND operator '&&' in the inner while loop condition (`right <= high & ...`). This prevents short-circuit evaluation, causing an out-of-bounds array access on `nums[right]` when `right` exceeds `high`, which leads to a Runtime Error."
Tree,Hard,146,"Serialization is the process of converting a data structure or object into a sequence of bits so that it can be stored in a file or memory buffer, or transmitted across a network connection link to be reconstructed later in the same or another computer environment.

Design an algorithm to serialize and deserialize a binary tree. There is no restriction on how your serialization/deserialization algorithm should work. You just need to ensure that a binary tree can be serialized to a string and this string can be deserialized to the original tree structure.

Clarification: The input/output format is the same as how LeetCode serializes a binary tree. You do not necessarily need to follow this format, so please be creative and come up with different approaches yourself.

Example 1:

Input: root = [1,2,3,null,null,4,5]
Output: [1,2,3,null,null,4,5]

Example 2:

Input: root = []
Output: []

Constraints:

	The number of nodes in the tree is in the range [0, 104].
	-1000 <= Node.val <= 1000","			

class Codec {
 public:
  // Encodes a tree to a single string.
  string serialize(TreeNode* root) {
    if (root == nullptr)
      return """";

    string s;
    queue<TreeNode*> q{{root}};

    while (!q.empty()) {
      TreeNode* node = q.front();
      q.pop();
      if (node != nullptr) {
        s += to_string(node->val) + "" "";
        q.push(node->left);
        q.push(node->right);
      } else {
        s += ""n "";
      }
    }

    return s;
  }

  // Decodes your encoded data to tree.
  TreeNode* deserialize(string data) {
    if (data.empty())
      return nullptr;

    istringstream iss(data);
    string word;
    iss >> word;
    TreeNode* root = new TreeNode(stoi(word));
    queue<TreeNode*> q{{root}};

    while (iss >> word) {
      TreeNode* node = q.front();
      q.pop();
      if (word != ""n"") {
        node->left = new TreeNode(stoi(word));
        q.push(node->left);
      }
      iss >> word;
      if (word != ""n"") {
        node->right = new TreeNode(stoi(word));
        q.push(node->right);
      }
    }

    return root;
  }
};",https://leetcode.com/problems/serialize-and-deserialize-binary-tree,"class Codec {
 public:
  // Encodes a tree to a single string.
  string serialize(TreeNode* root) {
    if (root == nullptr)
      return """";

    string s;
    queue<TreeNode*> q{{root}};

    while (!q.empty()) {
      TreeNode* node = q.front();
      q.pop();
      if (node != nullptr) {
        s += to_string(node->val) + "" "";
        q.push(node->left);
        q.push(node->right);
      } else {
        s += ""n "";
      }
    }

    return s;
  }

  // Decodes your encoded data to tree.
  TreeNode* deserialize(string data) {
    istringstream iss(data);
    string word;
    iss >> word;
    TreeNode* root = new TreeNode(stoi(word));
    queue<TreeNode*> q{{root}};

    while (iss >> word) {
      TreeNode* node = q.front();
      q.pop();
      if (word != ""n"") {
        node->left = new TreeNode(stoi(word));
        q.push(node->left);
      }
      iss >> word;
      if (word != ""n"") {
        node->right = new TreeNode(stoi(word));
        q.push(node->right);
      }
    }

    return root;
  }
};","[Logic – Missing edge case handling] Removed the empty-input handling in deserialize, so deserializing an empty tree attempts to parse a missing root value.",Runtime Error,"root =
[]",,,"terminate called after throwing an instance of 'std::invalid_argument'
  what():  stoi",qwen3.7-max,zero-shot,Runtime Error,"""root = []""",null,"""[]""","When the input tree is empty, the serialize function returns an empty string. In the deserialize function, attempting to read from an empty string using 'iss >> word' fails, leaving 'word' as an empty string. Subsequently, calling stoi("""") throws a std::invalid_argument exception, resulting in a Runtime Error."
Tree,Hard,147,"There is an undirected connected tree with n nodes labeled from 0 to n - 1 and n - 1 edges.

You are given the integer n and the array edges where edges[i] = [ai, bi] indicates that there is an edge between nodes ai and bi in the tree.

Return an array answer of length n where answer[i] is the sum of the distances between the ith node in the tree and all other nodes.

Example 1:

Input: n = 6, edges = [[0,1],[0,2],[2,3],[2,4],[2,5]]
Output: [8,12,6,10,10,10]
Explanation: The tree is shown above.
We can see that dist(0,1) + dist(0,2) + dist(0,3) + dist(0,4) + dist(0,5)
equals 1 + 1 + 2 + 2 + 2 = 8.
Hence, answer[0] = 8, and so on.

Example 2:

Input: n = 1, edges = []
Output: [0]

Example 3:

Input: n = 2, edges = [[1,0]]
Output: [1,1]

Constraints:

	1 <= n <= 3 * 104
	edges.length == n - 1
	edges[i].length == 2
	0 <= ai, bi < n
	ai != bi
	The given input represents a valid tree.","			

class Solution {
 public:
  vector<int> sumOfDistancesInTree(int N, vector<vector<int>>& edges) {
    vector<int> ans(N);
    vector<int> count(N, 1);
    vector<unordered_set<int>> tree(N);

    for (const vector<int>& e : edges) {
      const int u = e[0];
      const int v = e[1];
      tree[u].insert(v);
      tree[v].insert(u);
    }

    postorder(tree, 0, -1, count, ans);
    preorder(tree, 0, -1, count, ans);
    return ans;
  }

 private:
  void postorder(const vector<unordered_set<int>>& tree, int node, int parent,
                 vector<int>& count, vector<int>& ans) {
    for (const int child : tree[node]) {
      if (child == parent)
        continue;
      postorder(tree, child, node, count, ans);
      count[node] += count[child];
      ans[node] += ans[child] + count[child];
    }
  }

  void preorder(const vector<unordered_set<int>>& tree, int node, int parent,
                vector<int>& count, vector<int>& ans) {
    for (const int child : tree[node]) {
      if (child == parent)
        continue;
      // count[child] nodes are 1 step closer from child than parent
      // (N - count[child]) nodes are 1 step farther from child than parent
      ans[child] = ans[node] - count[child] + (tree.size() - count[child]);
      preorder(tree, child, node, count, ans);
    }
  }
};",https://leetcode.com/problems/sum-of-distances-in-tree,"class Solution {
 public:
  vector<int> sumOfDistancesInTree(int N, vector<vector<int>>& edges) {
    vector<int> ans(N);
    vector<int> count(N, 1);
    vector<unordered_set<int>> tree(N);

    for (const vector<int>& e : edges) {
      const int u = e[0];
      const int v = e[1];
      tree[u].insert(v);
      tree[v].insert(u);
    }

    postorder(tree, 0, -1, count, ans);
    preorder(tree, 0, -1, count, ans);
    return ans;
  }

 private:
  void postorder(const vector<unordered_set<int>>& tree, int node, int parent,
                 vector<int>& count, vector<int>& ans) {
    for (const int child : tree[node]) {
      if (child == parent)
        continue;
      postorder(tree, child, node, count, ans);
      count[node] += count[child];
      ans[node] += ans[child] + count[child];
    }
  }

  void preorder(const vector<unordered_set<int>>& tree, int node, int parent,
                vector<int>& count, vector<int>& ans) {
    for (const int child : tree[node]) {
      if (child == parent)
        continue;
      // count[child] nodes are 1 step farther from child than parent
      // (N - count[child]) nodes are 1 step closer from child than parent
      ans[child] = ans[node] - count[child] + (tree.size() - count[child]);
      preorder(tree, child, node, count, ans);
    }
  }
};","[Logic – Misleading comment] Changed the preorder comments to incorrectly state that subtree nodes are farther and non-subtree nodes are closer from the child, while leaving the logic unchanged.",Accepted,,,,,qwen3.7-max,zero-shot,Accepted,"""""","""""","""""",
Tree,Hard,148,"You are given the root of a binary tree. We install cameras on the tree nodes where each camera at a node can monitor its parent, itself, and its immediate children.

Return the minimum number of cameras needed to monitor all nodes of the tree.

Example 1:

Input: root = [0,0,null,0,0]
Output: 1
Explanation: One camera is enough to monitor all nodes if placed as shown.

Example 2:

Input: root = [0,0,null,0,null,0,null,null,0]
Output: 2
Explanation: At least two cameras are needed to monitor all nodes of the tree. The above image shows one of the valid configurations of camera placement.

Constraints:

	The number of nodes in the tree is in the range [1, 1000].
	Node.val == 0","			

class Solution {
 public:
  int minCameraCover(TreeNode* root) {
    vector<int> ans = dfs(root);
    return min(ans[1], ans[2]);
  }

 private:
  // 0 := all nodes below root are covered except root
  // 1 := all nodes below and including root are covered w/o camera here
  // 2 := all nodes below and including root are covered w/ camera here
  vector<int> dfs(TreeNode* root) {
    if (root == nullptr)
      return {0, 0, 1000};

    vector<int> l = dfs(root->left);
    vector<int> r = dfs(root->right);

    const int s0 = l[1] + r[1];
    const int s1 = min(l[2] + min(r[1], r[2]),  //
                       r[2] + min(l[1], l[2]));
    const int s2 = min({l[0], l[1], l[2]}) +  //
                   min({r[0], r[1], r[2]}) + 1;
    return {s0, s1, s2};
  }
};",https://leetcode.com/problems/binary-tree-cameras,"class Solution {
 public:
  int minCameraCover(TreeNode* root) {
    vector<int> ans = dfs(root);
    return min(ans[1], ans[2]);
  }

 private:
  // 0 := all nodes below root are covered except root
  // 1 := all nodes below and including root are covered w/o camera here
  // 2 := all nodes below and including root are covered w/o camera here
  vector<int> dfs(TreeNode* root) {
    if (root == nullptr)
      return {0, 0, 1000};

    vector<int> l = dfs(root->left);
    vector<int> r = dfs(root->right);

    const int s0 = l[1] + r[1];
    const int s1 = min(l[2] + min(r[1], r[2]),  //
                       r[2] + min(l[1], l[2]));
    const int s2 = min({l[0], l[1], l[2]}) +  //
                   min({r[0], r[1], r[2]}) + 1;
    return {s0, s1, s2};
  }
};",[Logic – Misleading comment] Changed the comment for state 2 to incorrectly say the node is covered without a camera even though the code represents placing a camera there.,Accepted,,,,,qwen3.7-max,zero-shot,Accepted,"""""","""""","""""",
Tree,Hard,149,"Given the root of a binary tree, calculate the vertical order traversal of the binary tree.

For each node at position (row, col), its left and right children will be at positions (row + 1, col - 1) and (row + 1, col + 1) respectively. The root of the tree is at (0, 0).

The vertical order traversal of a binary tree is a list of top-to-bottom orderings for each column index starting from the leftmost column and ending on the rightmost column. There may be multiple nodes in the same row and same column. In such a case, sort these nodes by their values.

Return the vertical order traversal of the binary tree.

Example 1:

Input: root = [3,9,20,null,null,15,7]
Output: [[9],[3,15],[20],[7]]
Explanation:
Column -1: Only node 9 is in this column.
Column 0: Nodes 3 and 15 are in this column in that order from top to bottom.
Column 1: Only node 20 is in this column.
Column 2: Only node 7 is in this column.

Example 2:

Input: root = [1,2,3,4,5,6,7]
Output: [[4],[2],[1,5,6],[3],[7]]
Explanation:
Column -2: Only node 4 is in this column.
Column -1: Only node 2 is in this column.
Column 0: Nodes 1, 5, and 6 are in this column.
          1 is at the top, so it comes first.
          5 and 6 are at the same position (2, 0), so we order them by their value, 5 before 6.
Column 1: Only node 3 is in this column.
Column 2: Only node 7 is in this column.

Example 3:

Input: root = [1,2,3,4,6,5,7]
Output: [[4],[2],[1,5,6],[3],[7]]
Explanation:
This case is the exact same as example 2, but with nodes 5 and 6 swapped.
Note that the solution remains the same since 5 and 6 are in the same location and should be ordered by their values.

Constraints:

	The number of nodes in the tree is in the range [1, 1000].
	0 <= Node.val <= 1000","			

class Solution {
 public:
  vector<vector<int>> verticalTraversal(TreeNode* root) {
    vector<vector<int>> ans;
    map<int, multiset<pair<int, int>>> xToSortedPairs;  // {x: {(-y, val)}}

    dfs(root, 0, 0, xToSortedPairs);

    for (const auto& [_, pairs] : xToSortedPairs) {
      vector<int> vals;
      for (const pair<int, int>& pair : pairs)
        vals.push_back(pair.second);
      ans.push_back(vals);
    }

    return ans;
  }

 private:
  void dfs(TreeNode* root, int x, int y,
           map<int, multiset<pair<int, int>>>& xToSortedPairs) {
    if (root == nullptr)
      return;

    xToSortedPairs[x].emplace(y, root->val);
    dfs(root->left, x - 1, y + 1, xToSortedPairs);
    dfs(root->right, x + 1, y + 1, xToSortedPairs);
  }
};",https://leetcode.com/problems/vertical-order-traversal-of-a-binary-tree,"class Solution {
 public:
  vector<vector<int>> verticalTraversal(TreeNode* root) {
    vector<vector<int>> ans;
    map<int, set<pair<int, int>>> xToSortedPairs;  // {x: {(-y, val)}}

    dfs(root, 0, 0, xToSortedPairs);

    for (const auto& [_, pairs] : xToSortedPairs) {
      vector<int> vals;
      for (const pair<int, int>& pair : pairs)
        vals.push_back(pair.second);
      ans.push_back(vals);
    }

    return ans;
  }

 private:
  void dfs(TreeNode* root, int x, int y,
           map<int, set<pair<int, int>>>& xToSortedPairs) {
    if (root == nullptr)
      return;

    xToSortedPairs[x].emplace(y, root->val);
    dfs(root->left, x - 1, y + 1, xToSortedPairs);
    dfs(root->right, x + 1, y + 1, xToSortedPairs);
  }
};","[Logic – Wrong data structure] Replaced the multiset used for storing coordinate/value pairs with a set, which incorrectly drops duplicate nodes that share the same column, row, and value.",Wrong Answer,"root =
[1,2,2,null,3,3,null]","[[2],[1,3],[2]]","[[2],[1,3,3],[2]]",,qwen3.7-max,zero-shot,Wrong Answer,"""[1,2,3,null,9,9,null]""","""[[2],[1,9],[3]]""","""[[2],[1,9,9],[3]]""","The code uses a std::set to store pairs of (y, val). If two distinct nodes happen to have the same column (x), same row (y), and same value (val), the set will treat them as duplicates and only store one of them. This leads to missing nodes in the final output. A std::multiset or a std::vector with manual sorting should be used instead to preserve duplicate values at the same position."
Tree,Hard,150,"We run a preorder depth-first search (DFS) on the root of a binary tree.

At each node in this traversal, we output D dashes (where D is the depth of this node), then we output the value of this node.  If the depth of a node is D, the depth of its immediate child is D + 1.  The depth of the root node is 0.

If a node has only one child, that child is guaranteed to be the left child.

Given the output traversal of this traversal, recover the tree and return its root.

Example 1:

Input: traversal = ""1-2--3--4-5--6--7""
Output: [1,2,5,3,4,6,7]

Example 2:

Input: traversal = ""1-2--3---4-5--6---7""
Output: [1,2,5,3,null,6,null,4,null,7]

Example 3:

Input: traversal = ""1-401--349---90--88""
Output: [1,401,null,349,88,90]

Constraints:

	The number of nodes in the original tree is in the range [1, 1000].
	1 <= Node.val <= 109","			

class Solution {
 public:
  TreeNode* recoverFromPreorder(string S) {
    int i = 0;
    return recoverFromPreorder(S, 0, i);
  }

 private:
  TreeNode* recoverFromPreorder(const string& S, int depth, int& i) {
    int nDashes = 0;
    while (i + nDashes < S.length() && S[i + nDashes] == '-')
      ++nDashes;
    if (nDashes != depth)
      return nullptr;

    i += depth;
    const int start = i;
    while (i < S.length() && isdigit(S[i]))
      ++i;

    const int val = stoi(S.substr(start, i - start));
    TreeNode* root = new TreeNode(val);

    root->left = recoverFromPreorder(S, depth + 1, i);
    root->right = recoverFromPreorder(S, depth + 1, i);

    return root;
  }
};",https://leetcode.com/problems/recover-a-tree-from-preorder-traversal,"class Solution {
 public:
  TreeNode* recoverFromPreorder(string S) {
    int i = 0;
    return recoverFromPreorder(S, 0, i);
  }

 private:
  TreeNode* recoverFromPreorder(const string& S, int depth, int& i) {
    int nDashes = 0;
    while (i + nDashes < S.length() & S[i + nDashes] == '-')
      ++nDashes;
    if (nDashes != depth)
      return nullptr;

    i += depth;
    const int start = i;
    while (i < S.length() && isdigit(S[i]))
      ++i;

    const int val = stoi(S.substr(start, i - start));
    TreeNode* root = new TreeNode(val);

    root->left = recoverFromPreorder(S, depth + 1, i);
    root->right = recoverFromPreorder(S, depth + 1, i);

    return root;
  }
};","[Logic – Logical/bitwise operator confusion] Changed the dash-scanning loop condition from short-circuit logical AND to bitwise AND, causing the string access to be evaluated even when the index is out of bounds.",Accepted,,,,,qwen3.7-max,zero-shot,Accepted,"""""","""""","""""",
Graph,Easy,151,"In a town, there are n people labeled from 1 to n. There is a rumor that one of these people is secretly the town judge.

If the town judge exists, then:

	The town judge trusts nobody.
	Everybody (except for the town judge) trusts the town judge.
	There is exactly one person that satisfies properties 1 and 2.

You are given an array trust where trust[i] = [ai, bi] representing that the person labeled ai trusts the person labeled bi. If a trust relationship does not exist in trust array, then such a trust relationship does not exist.

Return the label of the town judge if the town judge exists and can be identified, or return -1 otherwise.

Example 1:

Input: n = 2, trust = [[1,2]]
Output: 2

Example 2:

Input: n = 3, trust = [[1,3],[2,3]]
Output: 3

Example 3:

Input: n = 3, trust = [[1,3],[2,3],[3,1]]
Output: -1

Constraints:

	1 <= n <= 1000
	0 <= trust.length <= 104
	trust[i].length == 2
	All the pairs of trust are unique.
	ai != bi
	1 <= ai, bi <= n","			

class Solution {
 public:
  int findJudge(int n, vector<vector<int>>& trust) {
    vector<int> count(n + 1);

    for (vector<int>& t : trust) {
      --count[t[0]];
      ++count[t[1]];
    }

    for (int i = 1; i < n + 1; ++i)
      if (count[i] == n - 1)
        return i;

    return -1;
  }
};",https://leetcode.com/problems/find-the-town-judge,"class Solution {
 public:
  int findJudge(int n, vector<vector<int>>& trust) {
    // count tracks how many people each person trusts.
    vector<int> count(n + 1);

    for (vector<int>& t : trust) {
      --count[t[0]];
      ++count[t[1]];
    }

    for (int i = 1; i < n + 1; ++i)
      if (count[i] == n - 1)
        return i;

    return -1;
  }
};","[Logic – Misleading comment] Added a comment claiming the count array tracks outgoing trust, while the code actually tracks net trust received minus given.",Accepted,,,,,qwen3.7-max,zero-shot,Accepted,"""""","""""","""""",
Graph,Medium,152,"Given a reference of a node in a connected undirected graph.
 
 Return a deep copy (clone) of the graph.
 
 Each node in the graph contains a value (int) and a list (List[Node]) of its neighbors.
 
 class Node {
  public int val;
  public List<Node> neighbors;
 }
 
 Test case format:
 
 For simplicity, each node's value is the same as the node's index (1-indexed). For example, the first node with val == 1, the second node with val == 2, and so on. The graph is represented in the test case using an adjacency list.
 
 An adjacency list is a collection of unordered lists used to represent a finite graph. Each list describes the set of neighbors of a node in the graph.
 
 The given node will always be the first node with val = 1. You must return the copy of the given node as a reference to the cloned graph.
 
 Example 1:
 
 Input: adjList = [[2,4],[1,3],[2,4],[1,3]]
 Output: [[2,4],[1,3],[2,4],[1,3]]
 Explanation: There are 4 nodes in the graph.
 1st node (val = 1)'s neighbors are 2nd node (val = 2) and 4th node (val = 4).
 2nd node (val = 2)'s neighbors are 1st node (val = 1) and 3rd node (val = 3).
 3rd node (val = 3)'s neighbors are 2nd node (val = 2) and 4th node (val = 4).
 4th node (val = 4)'s neighbors are 1st node (val = 1) and 3rd node (val = 3).
 
 Example 2:
 
 Input: adjList = [[]]
 Output: [[]]
 Explanation: Note that the input contains one empty list. The graph consists of only one node with val = 1 and it does not have any neighbors.
 
 Example 3:
 
 Input: adjList = []
 Output: []
 Explanation: This an empty graph, it does not have any nodes.
 
 Constraints:
 
 The number of nodes in the graph is in the range [0, 100].
 1 <= Node.val <= 100
 Node.val is unique for each node.
 There are no repeated edges and no self-loops in the graph.
 The Graph is connected and all nodes can be visited starting from the given node.","class Solution {
public:
    unordered_map<Node*, Node*> cloneMap;

    Node* cloneGraph(Node* node) {
        if (node == nullptr) {
            return nullptr; // base case: empty graph
        }

        // If node is already cloned, return the clone
        if (cloneMap.find(node) != cloneMap.end()) {
            return cloneMap[node];
        }

        // Clone the current node
        Node* clone = new Node(node->val);
        cloneMap[node] = clone;

        // Recursively clone all neighbors
        for (Node* neighbor : node->neighbors) {
            clone->neighbors.push_back(cloneGraph(neighbor));
        }

        return clone;
    }
};",https://leetcode.com/problems/clone-graph,"class Solution {
public:
    unordered_map<Node*, Node*> cloneMap;

    Node* cloneGraph(Node* node) {
        if (node == nullptr) {
            return nullptr; // base case: empty graph
        }

        // If node is already cloned, return the clone
        if (cloneMap.find(node) != cloneMap.end()) {
            return cloneMap[node];
        }

        // Clone the current node
        Node* clone = new Node(node->val);

        // Recursively clone all neighbors
        for (Node* neighbor : node->neighbors) {
            clone->neighbors.push_back(cloneGraph(neighbor));
        }

        cloneMap[node] = clone;
        return clone;
    }
};","[Logic – Insufficient recursion base case] Delayed storing the cloned node in the map until after recursively cloning neighbors, causing cyclic graphs to recurse indefinitely.",Runtime Error,"edges =
[[2,4],[1,3],[2,4],[1,3]]",,,"Line 16: Char 23:
AddressSanitizer:DEADLYSIGNAL
=================================================================
==22==ERROR: AddressSanitizer: stack-overflow on address 0x7ffc26968ff8 (pc 0x558f337d28f1 bp 0xfffffffffffffff8 sp 0x7ffc26969000 T0)
    #0 0x558f337d28f1 in __asan::GetCurrentThread() /root/llvm-project/compiler-rt/lib/asan/asan_thread.cpp:428:45
    #1 0x558f33729569 in __asan::Allocator::Allocate(unsigned long, unsigned long, __sanitizer::BufferedStackTrace*, __asan::AllocType, bool) /root/llvm-project/compiler-rt/lib/asan/asan_allocator.cpp:578:21
    #2 0x558f3372a063 in __asan::asan_memalign(unsigned long, unsigned long, __sanitizer::BufferedStackTrace*, __asan::AllocType) /root/llvm-project/compiler-rt/lib/asan/asan_allocator.cpp:1068:16
    #3 0x558f337fbf44 in operator new(unsigned long) /root/llvm-project/compiler-rt/lib/asan/asan_new_delete.cpp:86:3
    #4 0x558f33802333 in Solution::cloneGraph(Node*) solution.cpp:16:23
    #5 0x558f33802446 in Solution::cloneGraph(Node*) solution.cpp:16:40
    #6 0x558f33802446 in Solution::cloneGraph(Node*) solution.cpp:16:40
    #7 0x558f33802446 in Solution::cloneGraph(Node*) solution.cpp:16:40
    #8 0x558f33802446 in Solution::cloneGraph(Node*) solution.cpp:16:40
    #9 0x558f33802446 in Solution::cloneGraph(Node*) solution.cpp:16:40
    #10 0x558f33802446 in Solution::cloneGraph(Node*) solution.cpp:16:40
    #11 0x558f33802446 in Solution::cloneGraph(Node*) solution.cpp:16:40
    #12 0x558f33802446 in Solution::cloneGraph(Node*) solution.cpp:16:40
    #13 0x558f33802446 in Solution::cloneGraph(Node*) solution.cpp:16:40
    #14 0x558f33802446 in Solution::cloneGraph(Node*) solution.cpp:16:40
    #15 0x558f33802446 in Solution::cloneGraph(Node*) solution.cpp:16:40
    #16 0x558f33802446 in Solution::cloneGraph(Node*) solution.cpp:16:40
    #17 0x558f33802446 in Solution::cloneGraph(Node*) solution.cpp:16:40
    #18 0x558f33802446 in Solution::cloneGraph(Node*) solution.cpp:16:40
    #19 0x558f33802446 in Solution::cloneGraph(Node*) solution.cpp:16:40
    #20 0x558f33802446 in Solution::cloneGraph(Node*) solution.cpp:16:40
    #21 0x558f33802446 in Solution::cloneGraph(Node*) solution.cpp:16:40
    #22 0x558f33802446 in Solution::cloneGraph(Node*) solution.cpp:16:40
    #23 0x558f33802446 in Solution::cloneGraph(Node*) solution.cpp:16:40
    #24 0x558f33802446 in Solution::cloneGraph(Node*) solution.cpp:16:40
    #25 0x558f33802446 in Solution::cloneGraph(Node*) solution.cpp:16:40
    #26 0x558f33802446 in Solution::cloneGraph(Node*) solution.cpp:16:40
    #27 0x558f33802446 in Solution::cloneGraph(Node*) solution.cpp:16:40
    #28 0x558f33802446 in Solution::cloneGraph(Node*) solution.cpp:16:40
    #29 0x558f33802446 in Solution::cloneGraph(Node*) solution.cpp:16:40
    #30 0x558f33802446 in Solution::cloneGraph(Node*) solution.cpp:16:40
    #31 0x558f33802446 in Solution::cloneGraph(Node*) solution.cpp:16:40
    #32 0x558f33802446 in Solution::cloneGraph(Node*) solution.cpp:16:40
    #33 0x558f33802446 in Solution::cloneGraph(Node*) solution.cpp:16:40
    #34 0x558f33802446 in Solution::cloneGraph(Node*) solution.cpp:16:40
    #35 0x558f33802446 in Solution::cloneGraph(Node*) solution.cpp:16:40
    #36 0x558f33802446 in Solution::cloneGraph(Node*) solution.cpp:16:40
    #37 0x558f33802446 in Solution::cloneGraph(Node*) solution.cpp:16:40
    #38 0x558f33802446 in Solution::cloneGraph(Node*) solution.cpp:16:40
    #39 0x558f33802446 in Solution::cloneGraph(Node*) solution.cpp:16:40
    #40 0x558f33802446 in Solution::cloneGraph(Node*) solution.cpp:16:40
    #41 0x558f33802446 in Solution::cloneGraph(Node*) solution.cpp:16:40
    #42 0x558f33802446 in Solution::cloneGraph(Node*) solution.cpp:16:40
    #43 0x558f33802446 in Solution::cloneGraph(Node*) solution.cpp:16:40
    #44 0x558f33802446 in Solution::cloneGraph(Node*) solution.cpp:16:40
    #45 0x558f33802446 in Solution::cloneGraph(Node*) solution.cpp:16:40
    #46 0x558f33802446 in Solution::cloneGraph(Node*) solution.cpp:16:40
    #47 0x558f33802446 in Solution::cloneGraph(Node*) solution.cpp:16:40
    #48 0x558f33802446 in Solution::cloneGraph(Node*) solution.cpp:16:40
    #49 0x558f33802446 in Solution::cloneGraph(Node*) solution.cpp:16:40
    #50 0x558f33802446 in Solution::cloneGraph(Node*) solution.cpp:16:40
    #51 0x558f33802446 in Solution::cloneGraph(Node*) solution.cpp:16:40
    #52 0x558f33802446 in Solution::cloneGraph(Node*) solution.cpp:16:40
    #53 0x558f33802446 in Solution::cloneGraph(Node*) solution.cpp:16:40
    #54 0x558f33802446 in Solution::cloneGraph(Node*) solution.cpp:16:40
    #55 0x558f33802446 in Solution::cloneGraph(Node*) solution.cpp:16:40
    #56 0x558f33802446 in Solution::cloneGraph(Node*) solution.cpp:16:40
    #57 0x558f33802446 in Solution::cloneGraph(Node*) solution.cpp:16:40
    #58 0x558f33802446 in Solution::cloneGraph(Node*) solution.cpp:16:40
    #59 0x558f33802446 in Solution::cloneGraph(Node*) solution.cpp:16:40
    #60 0x558f33802446 in Solution::cloneGraph(Node*) solution.cpp:16:40
    #61 0x558f33802446 in Solution::cloneGraph(Node*) solution.cpp:16:40
    #62 0x558f33802446 in Solution::cloneGraph(Node*) solution.cpp:16:40
    #63 0x558f33802446 in Solution::cloneGraph(Node*) solution.cpp:16:40
    #64 0x558f33802446 in Solution::cloneGraph(Node*) solution.cpp:16:40
    #65 0x558f33802446 in Solution::cloneGraph(Node*) solution.cpp:16:40
    #66 0x558f33802446 in Solution::cloneGraph(Node*) solution.cpp:16:40
    #67 0x558f33802446 in Solution::cloneGraph(Node*) solution.cpp:16:40
    #68 0x558f33802446 in Solution::cloneGraph(Node*) solution.cpp:16:40
    #69 0x558f33802446 in Solution::cloneGraph(Node*) solution.cpp:16:40
    #70 0x558f33802446 in Solution::cloneGraph(Node*) solution.cpp:16:40
    #71 0x558f33802446 in Solution::cloneGraph(Node*) solution.cpp:16:40
    #72 0x558f33802446 in Solution::cloneGraph(Node*) solution.cpp:16:40
    #73 0x558f33802446 in Solution::cloneGraph(Node*) solution.cpp:16:40
    #74 0x558f33802446 in Solution::cloneGraph(Node*) solution.cpp:16:40
    #75 0x558f33802446 in Solution::cloneGraph(Node*) solution.cpp:16:40
    #76 0x558f33802446 in Solution::cloneGraph(Node*) solution.cpp:16:40
    #77 0x558f33802446 in Solution::cloneGraph(Node*) solution.cpp:16:40
    #78 0x558f33802446 in Solution::cloneGraph(Node*) solution.cpp:16:40
    #79 0x558f33802446 in Solution::cloneGraph(Node*) solution.cpp:16:40
    #80 0x558f33802446 in Solution::cloneGraph(Node*) solution.cpp:16:40
    #81 0x558f33802446 in Solution::cloneGraph(Node*) solution.cpp:16:40
    #82 0x558f33802446 in Solution::cloneGraph(Node*) solution.cpp:16:40
    #83 0x558f33802446 in Solution::cloneGraph(Node*) solution.cpp:16:40
    #84 0x558f33802446 in Solution::cloneGraph(Node*) solution.cpp:16:40
    #85 0x558f33802446 in Solution::cloneGraph(Node*) solution.cpp:16:40
    #86 0x558f33802446 in Solution::cloneGraph(Node*) solution.cpp:16:40
    #87 0x558f33802446 in Solution::cloneGraph(Node*) solution.cpp:16:40
    #88 0x558f33802446 in Solution::cloneGraph(Node*) solution.cpp:16:40
    #89 0x558f33802446 in Solution::cloneGraph(Node*) solution.cpp:16:40
    #90 0x558f33802446 in Solution::cloneGraph(Node*) solution.cpp:16:40
    #91 0x558f33802446 in Solution::cloneGraph(Node*) solution.cpp:16:40
    #92 0x558f33802446 in Solution::cloneGraph(Node*) solution.cpp:16:40
    #93 0x558f33802446 in Solution::cloneGraph(Node*) solution.cpp:16:40
    #94 0x558f33802446 in Solution::cloneGraph(Node*) solution.cpp:16:40
    #95 0x558f33802446 in Solution::cloneGraph(Node*) solution.cpp:16:40
    #96 0x558f33802446 in Solution::cloneGraph(Node*) solution.cpp:16:40
    #97 0x558f33802446 in Solution::cloneGraph(Node*) solution.cpp:16:40
    #98 0x558f33802446 in Solution::cloneGraph(Node*) solution.cpp:16:40
    #99 0x558f33802446 in Solution::cloneGraph(Node*) solution.cpp:16:40
    #100 0x558f33802446 in Solution::cloneGraph(Node*) solution.cpp:16:40
    #101 0x558f33802446 in Solution::cloneGraph(Node*) solution.cpp:16:40
    #102 0x558f33802446 in Solution::cloneGraph(Node*) solution.cpp:16:40
    #103 0x558f33802446 in Solution::cloneGraph(Node*) solution.cpp:16:40
    #104 0x558f33802446 in Solution::cloneGraph(Node*) solution.cpp:16:40
    #105 0x558f33802446 in Solution::cloneGraph(Node*) solution.cpp:16:40
    #106 0x558f33802446 in Solution::cloneGraph(Node*) solution.cpp:16:40
    #107 0x558f33802446 in Solution::cloneGraph(Node*) solution.cpp:16:40
    #108 0x558f33802446 in Solution::cloneGraph(Node*) solution.cpp:16:40
    #109 0x558f33802446 in Solution::cloneGraph(Node*) solution.cpp:16:40
    #110 0x558f33802446 in Solution::cloneGraph(Node*) solution.cpp:16:40
    #111 0x558f33802446 in Solution::cloneGraph(Node*) solution.cpp:16:40
    #112 0x558f33802446 in Solution::cloneGraph(Node*) solution.cpp:16:40
    #113 0x558f33802446 in Solution::cloneGraph(Node*) solution.cpp:16:40
    #114 0x558f33802446 in Solution::cloneGraph(Node*) solution.cpp:16:40
    #115 0x558f33802446 in Solution::cloneGraph(Node*) solution.cpp:16:40
    #116 0x558f33802446 in Solution::cloneGraph(Node*) solution.cpp:16:40
    #117 0x558f33802446 in Solution::cloneGraph(Node*) solution.cpp:16:40
    #118 0x558f33802446 in Solution::cloneGraph(Node*) solution.cpp:16:40
    #119 0x558f33802446 in Solution::cloneGraph(Node*) solution.cpp:16:40
    #120 0x558f33802446 in Solution::cloneGraph(Node*) solution.cpp:16:40
    #121 0x558f33802446 in Solution::cloneGraph(Node*) solution.cpp:16:40
    #122 0x558f33802446 in Solution::cloneGraph(Node*) solution.cpp:16:40
    #123 0x558f33802446 in Solution::cloneGraph(Node*) solution.cpp:16:40
    #124 0x558f33802446 in Solution::cloneGraph(Node*) solution.cpp:16:40
    #125 0x558f33802446 in Solution::cloneGraph(Node*) solution.cpp:16:40
    #126 0x558f33802446 in Solution::cloneGraph(Node*) solution.cpp:16:40
    #127 0x558f33802446 in Solution::cloneGraph(Node*) solution.cpp:16:40
    #128 0x558f33802446 in Solution::cloneGraph(Node*) solution.cpp:16:40
    #129 0x558f33802446 in Solution::cloneGraph(Node*) solution.cpp:16:40
    #130 0x558f33802446 in Solution::cloneGraph(Node*) solution.cpp:16:40
    #131 0x558f33802446 in Solution::cloneGraph(Node*) solution.cpp:16:40
    #132 0x558f33802446 in Solution::cloneGraph(Node*) solution.cpp:16:40
    #133 0x558f33802446 in Solution::cloneGraph(Node*) solution.cpp:16:40
    #134 0x558f33802446 in Solution::cloneGraph(Node*) solution.cpp:16:40
    #135 0x558f33802446 in Solution::cloneGraph(Node*) solution.cpp:16:40
    #136 0x558f33802446 in Solution::cloneGraph(Node*) solution.cpp:16:40
    #137 0x558f33802446 in Solution::cloneGraph(Node*) solution.cpp:16:40
    #138 0x558f33802446 in Solution::cloneGraph(Node*) solution.cpp:16:40
    #139 0x558f33802446 in Solution::cloneGraph(Node*) solution.cpp:16:40
    #140 0x558f33802446 in Solution::cloneGraph(Node*) solution.cpp:16:40
    #141 0x558f33802446 in Solution::cloneGraph(Node*) solution.cpp:16:40
    #142 0x558f33802446 in Solution::cloneGraph(Node*) solution.cpp:16:40
    #143 0x558f33802446 in Solution::cloneGraph(Node*) solution.cpp:16:40
    #144 0x558f33802446 in Solution::cloneGraph(Node*) solution.cpp:16:40
    #145 0x558f33802446 in Solution::cloneGraph(Node*) solution.cpp:16:40
    #146 0x558f33802446 in Solution::cloneGraph(Node*) solution.cpp:16:40
    #147 0x558f33802446 in Solution::cloneGraph(Node*) solution.cpp:16:40
    #148 0x558f33802446 in Solution::cloneGraph(Node*) solution.cpp:16:40
    #149 0x558f33802446 in Solution::cloneGraph(Node*) solution.cpp:16:40
    #150 0x558f33802446 in Solution::cloneGraph(Node*) solution.cpp:16:40
    #151 0x558f33802446 in Solution::cloneGraph(Node*) solution.cpp:16:40
    #152 0x558f33802446 in Solution::cloneGraph(Node*) solution.cpp:16:40
    #153 0x558f33802446 in Solution::cloneGraph(Node*) solution.cpp:16:40
    #154 0x558f33802446 in Solution::cloneGraph(Node*) solution.cpp:16:40
    #155 0x558f33802446 in Solution::cloneGraph(Node*) solution.cpp:16:40
    #156 0x558f33802446 in Solution::cloneGraph(Node*) solution.cpp:16:40
    #157 0x558f33802446 in Solution::cloneGraph(Node*) solution.cpp:16:40
    #158 0x558f33802446 in Solution::cloneGraph(Node*) solution.cpp:16:40
    #159 0x558f33802446 in Solution::cloneGraph(Node*) solution.cpp:16:40
    #160 0x558f33802446 in Solution::cloneGraph(Node*) solution.cpp:16:40
    #161 0x558f33802446 in Solution::cloneGraph(Node*) solution.cpp:16:40
    #162 0x558f33802446 in Solution::cloneGraph(Node*) solution.cpp:16:40
    #163 0x558f33802446 in Solution::cloneGraph(Node*) solution.cpp:16:40
    #164 0x558f33802446 in Solution::cloneGraph(Node*) solution.cpp:16:40
    #165 0x558f33802446 in Solution::cloneGraph(Node*) solution.cpp:16:40
    #166 0x558f33802446 in Solution::cloneGraph(Node*) solution.cpp:16:40
    #167 0x558f33802446 in Solution::cloneGraph(Node*) solution.cpp:16:40
    #168 0x558f33802446 in Solution::cloneGraph(Node*) solution.cpp:16:40
    #169 0x558f33802446 in Solution::cloneGraph(Node*) solution.cpp:16:40
    #170 0x558f33802446 in Solution::cloneGraph(Node*) solution.cpp:16:40
    #171 0x558f33802446 in Solution::cloneGraph(Node*) solution.cpp:16:40
    #172 0x558f33802446 in Solution::cloneGraph(Node*) solution.cpp:16:40
    #173 0x558f33802446 in Solution::cloneGraph(Node*) solution.cpp:16:40
    #174 0x558f33802446 in Solution::cloneGraph(Node*) solution.cpp:16:40
    #175 0x558f33802446 in Solution::cloneGraph(Node*) solution.cpp:16:40
    #176 0x558f33802446 in Solution::cloneGraph(Node*) solution.cpp:16:40
    #177 0x558f33802446 in Solution::cloneGraph(Node*) solution.cpp:16:40
    #178 0x558f33802446 in Solution::cloneGraph(Node*) solution.cpp:16:40
    #179 0x558f33802446 in Solution::cloneGraph(Node*) solution.cpp:16:40
    #180 0x558f33802446 in Solution::cloneGraph(Node*) solution.cpp:16:40
    #181 0x558f33802446 in Solution::cloneGraph(Node*) solution.cpp:16:40
    #182 0x558f33802446 in Solution::cloneGraph(Node*) solution.cpp:16:40
    #183 0x558f33802446 in Solution::cloneGraph(Node*) solution.cpp:16:40
    #184 0x558f33802446 in Solution::cloneGraph(Node*) solution.cpp:16:40
    #185 0x558f33802446 in Solution::cloneGraph(Node*) solution.cpp:16:40
    #186 0x558f33802446 in Solution::cloneGraph(Node*) solution.cpp:16:40
    #187 0x558f33802446 in Solution::cloneGraph(Node*) solution.cpp:16:40
    #188 0x558f33802446 in Solution::cloneGraph(Node*) solution.cpp:16:40
    #189 0x558f33802446 in Solution::cloneGraph(Node*) solution.cpp:16:40
    #190 0x558f33802446 in Solution::cloneGraph(Node*) solution.cpp:16:40
    #191 0x558f33802446 in Solution::cloneGraph(Node*) solution.cpp:16:40
    #192 0x558f33802446 in Solution::cloneGraph(Node*) solution.cpp:16:40
    #193 0x558f33802446 in Solution::cloneGraph(Node*) solution.cpp:16:40
    #194 0x558f33802446 in Solution::cloneGraph(Node*) solution.cpp:16:40
    #195 0x558f33802446 in Solution::cloneGraph(Node*) solution.cpp:16:40
    #196 0x558f33802446 in Solution::cloneGraph(Node*) solution.cpp:16:40
    #197 0x558f33802446 in Solution::cloneGraph(Node*) solution.cpp:16:40
    #198 0x558f33802446 in Solution::cloneGraph(Node*) solution.cpp:16:40
    #199 0x558f33802446 in Solution::cloneGraph(Node*) solution.cpp:16:40
    #200 0x558f33802446 in Solution::cloneGraph(Node*) solution.cpp:16:40
    #201 0x558f33802446 in Solution::cloneGraph(Node*) solution.cpp:16:40
    #202 0x558f33802446 in Solution::cloneGraph(Node*) solution.cpp:16:40
    #203 0x558f33802446 in Solution::cloneGraph(Node*) solution.cpp:16:40
    #204 0x558f33802446 in Solution::cloneGraph(Node*) solution.cpp:16:40
    #205 0x558f33802446 in Solution::cloneGraph(Node*) solution.cpp:16:40
    #206 0x558f33802446 in Solution::cloneGraph(Node*) solution.cpp:16:40
    #207 0x558f33802446 in Solution::cloneGraph(Node*) solution.cpp:16:40
    #208 0x558f33802446 in Solution::cloneGraph(Node*) solution.cpp:16:40
    #209 0x558f33802446 in Solution::cloneGraph(Node*) solution.cpp:16:40
    #210 0x558f33802446 in Solution::cloneGraph(Node*) solution.cpp:16:40
    #211 0x558f33802446 in Solution::cloneGraph(Node*) solution.cpp:16:40
    #212 0x558f33802446 in Solution::cloneGraph(Node*) solution.cpp:16:40
    #213 0x558f33802446 in Solution::cloneGraph(Node*) solution.cpp:16:40
    #214 0x558f33802446 in Solution::cloneGraph(Node*) solution.cpp:16:40
    #215 0x558f33802446 in Solution::cloneGraph(Node*) solution.cpp:16:40
    #216 0x558f33802446 in Solution::cloneGraph(Node*) solution.cpp:16:40
    #217 0x558f33802446 in Solution::cloneGraph(Node*) solution.cpp:16:40
    #218 0x558f33802446 in Solution::cloneGraph(Node*) solution.cpp:16:40
    #219 0x558f33802446 in Solution::cloneGraph(Node*) solution.cpp:16:40
    #220 0x558f33802446 in Solution::cloneGraph(Node*) solution.cpp:16:40
    #221 0x558f33802446 in Solution::cloneGraph(Node*) solution.cpp:16:40
    #222 0x558f33802446 in Solution::cloneGraph(Node*) solution.cpp:16:40
    #223 0x558f33802446 in Solution::cloneGraph(Node*) solution.cpp:16:40
    #224 0x558f33802446 in Solution::cloneGraph(Node*) solution.cpp:16:40
    #225 0x558f33802446 in Solution::cloneGraph(Node*) solution.cpp:16:40
    #226 0x558f33802446 in Solution::cloneGraph(Node*) solution.cpp:16:40
    #227 0x558f33802446 in Solution::cloneGraph(Node*) solution.cpp:16:40
    #228 0x558f33802446 in Solution::cloneGraph(Node*) solution.cpp:16:40
    #229 0x558f33802446 in Solution::cloneGraph(Node*) solution.cpp:16:40
    #230 0x558f33802446 in Solution::cloneGraph(Node*) solution.cpp:16:40
    #231 0x558f33802446 in Solution::cloneGraph(Node*) solution.cpp:16:40
    #232 0x558f33802446 in Solution::cloneGraph(Node*) solution.cpp:16:40
    #233 0x558f33802446 in Solution::cloneGraph(Node*) solution.cpp:16:40
    #234 0x558f33802446 in Solution::cloneGraph(Node*) solution.cpp:16:40
    #235 0x558f33802446 in Solution::cloneGraph(Node*) solution.cpp:16:40
    #236 0x558f33802446 in Solution::cloneGraph(Node*) solution.cpp:16:40
    #237 0x558f33802446 in Solution::cloneGraph(Node*) solution.cpp:16:40
    #238 0x558f33802446 in Solution::cloneGraph(Node*) solution.cpp:16:40
    #239 0x558f33802446 in Solution::cloneGraph(Node*) solution.cpp:16:40
    #240 0x558f33802446 in Solution::cloneGraph(Node*) solution.cpp:16:40
    #241 0x558f33802446 in Solution::cloneGraph(Node*) solution.cpp:16:40
    #242 0x558f33802446 in Solution::cloneGraph(Node*) solution.cpp:16:40
    #243 0x558f33802446 in Solution::cloneGraph(Node*) solution.cpp:16:40
    #244 0x558f33802446 in Solution::cloneGraph(Node*) solution.cpp:16:40
    #245 0x558f33802446 in Solution::cloneGraph(Node*) solution.cpp:16:40
    #246 0x558f33802446 in Solution::cloneGraph(Node*) solution.cpp:16:40
SUMMARY: AddressSanitizer: stack-overflow solution.cpp:16:23 in Solution::cloneGraph(Node*)
==22==ABORTING",qwen3.7-max,zero-shot,Runtime Error,"""[[2,4],[1,3],[2,4],[1,3]]""",null,"""[[2,4],[1,3],[2,4],[1,3]]""","The code inserts the cloned node into the hash map (cloneMap) after recursively cloning its neighbors. In an undirected graph, any edge forms a cycle of length 2 (A->B and B->A). Because the current node is not registered in the map before exploring its neighbors, the recursive calls will infinitely revisit the same nodes, leading to a stack overflow (Runtime Error)."
Graph,Medium,153,"There are a total of numCourses courses you have to take, labeled from 0 to numCourses - 1. You are given an array prerequisites where prerequisites[i] = [ai, bi] indicates that you must take course bi first if you want to take course ai.
 
 For example, the pair [0, 1], indicates that to take course 0 you have to first take course 1.
 
 Return true if you can finish all courses. Otherwise, return false.
 
 Example 1:
 
 Input: numCourses = 2, prerequisites = [[1,0]]
 Output: true
 Explanation: There are a total of 2 courses to take. 
 To take course 1 you should have finished course 0. So it is possible.
 
 Example 2:
 
 Input: numCourses = 2, prerequisites = [[1,0],[0,1]]
 Output: false
 Explanation: There are a total of 2 courses to take. 
 To take course 1 you should have finished course 0, and to take course 0 you should also have finished course 1. So it is impossible.
 
 Constraints:
 
 1 <= numCourses <= 2000
 0 <= prerequisites.length <= 5000
 prerequisites[i].length == 2
 0 <= ai, bi < numCourses
 All the pairs prerequisites[i] are unique.","#include <vector>

using namespace std;

class Solution {
public:
    int head[2005];
    int to[5005];
    int nxt[5005];
    int degree[2005];
    int q[2005];
    int edge_cnt;

    int add_edge(int u, int v) {
        to[edge_cnt] = v;
        nxt[edge_cnt] = head[u];
        head[u] = edge_cnt++;
        return 0;
    }

    bool canFinish(int n, vector<vector<int>>& pre) {
        edge_cnt = 0;
        for (int i = 0; i < n; i++) {
            head[i] = -1;
            degree[i] = 0;
        }

        for (auto& p : pre) {
            add_edge(p[1], p[0]);
            degree[p[0]]++;
        }

        int h = 0, t = 0;
        for (int i = 0; i < n; i++) {
            if (degree[i] == 0) {
                q[t++] = i;
            }
        }

        int visited_count = 0;
        while (h < t) {
            int curr = q[h++];
            visited_count++;

            for (int i = head[curr]; i != -1; i = nxt[i]) {
                int neighbor = to[i];

                if (--degree[neighbor] == 0) {
                    q[t++] = neighbor;
                }
            }
        }

        return visited_count == n;
    }
};",https://leetcode.com/problems/course-schedule,"#include <vector>

using namespace std;

class Solution {
public:
    int head[2005];
    int to[5005];
    int nxt[5005];
    int degree[2005];
    int q[2005];
    int edge_cnt;

    int add_edge(int u, int v) {
        to[edge_cnt] = v;
        nxt[edge_cnt] = head[u];
        head[u] = edge_cnt++;
        return 0;
    }

    bool canFinish(int n, vector<vector<int>>& pre) {
        for (int i = 0; i < n; i++) {
            head[i] = -1;
            degree[i] = 0;
        }

        for (auto& p : pre) {
            add_edge(p[1], p[0]);
            degree[p[0]]++;
        }

        int h = 0, t = 0;
        for (int i = 0; i < n; i++) {
            if (degree[i] == 0) {
                q[t++] = i;
            }
        }

        int visited_count = 0;
        while (h < t) {
            int curr = q[h++];
            visited_count++;

            for (int i = head[curr]; i != -1; i = nxt[i]) {
                int neighbor = to[i];

                if (--degree[neighbor] == 0) {
                    q[t++] = neighbor;
                }
            }
        }

        return visited_count == n;
    }
};","[Logic – Forgetting to reset global/static state] Removed the reset of edge_cnt at the start of canFinish, causing adjacency data to accumulate across calls.",Accepted,,,,,qwen3.7-max,zero-shot,Runtime Error,"""numCourses = 2, prerequisites = [[1,0]]""","""Runtime Error""","""true""","The class member variable `edge_cnt` is never initialized to 0. In C++, uninitialized primitive member variables have indeterminate (garbage) values. Using `edge_cnt` as an index for the `to` and `nxt` arrays without initialization will likely result in an out-of-bounds memory access, causing a segmentation fault (Runtime Error). Furthermore, if the testing environment reuses the same `Solution` instance across multiple test cases, `edge_cnt` will continuously accumulate and eventually exceed the array bounds (5005), guaranteeing a Runtime Error on subsequent test cases."
Graph,Medium,154,"A tree is an undirected graph in which any two vertices are connected byÂ exactlyÂ one path. In other words, any connected graph without simple cycles is a tree.
 
 Given a tree of n nodesÂ labelled from 0 to n - 1, and an array ofÂ n - 1Â edges where edges[i] = [ai, bi] indicates that there is an undirected edge between the two nodesÂ ai andÂ bi in the tree,Â you can choose any node of the tree as the root. When you select a node x as the root, the result tree has height h. Among all possible rooted trees, those with minimum height (i.e. min(h))Â are called minimum height trees (MHTs).
 
 Return a list of all MHTs' root labels.Â You can return the answer in any order.
 
 The height of a rooted tree is the number of edges on the longest downward path between the root and a leaf.
 
 Example 1:
 
 Input: n = 4, edges = [[1,0],[1,2],[1,3]]
 Output: [1]
 Explanation: As shown, the height of the tree is 1 when the root is the node with label 1 which is the only MHT.
 
 Example 2:
 
 Input: n = 6, edges = [[3,0],[3,1],[3,2],[3,4],[5,4]]
 Output: [3,4]
 
 Constraints:
 
 1 <= n <= 2 * 104
 edges.length == n - 1
 0 <= ai, bi < n
 ai != bi
 All the pairs (ai, bi) are distinct.
 The given input is guaranteed to be a tree and there will be no repeated edges.","static const int fast_io = []() {
    ios_base::sync_with_stdio(false);
    cin.tie(NULL);
    return 0;
}();

class Solution {
public:
    vector<int> findMinHeightTrees(int n, vector<vector<int>>& edges) {
        if (n == 1) return {0};
        if (n == 2) return {0, 1};

        // Используем статические массивы вместо векторов векторов
        // Это экономит кучу времени на выделении памяти
        vector<int> degree(n, 0);
        vector<int> head(n, -1);
        vector<int> next(edges.size() * 2);
        vector<int> to(edges.size() * 2);
        
        int edge_idx = 0;
        for (auto& e : edges) {
            int u = e[0], v = e[1];
            degree[u]++; degree[v]++;
            
            to[edge_idx] = v; next[edge_idx] = head[u]; head[u] = edge_idx++;
            to[edge_idx] = u; next[edge_idx] = head[v]; head[v] = edge_idx++;
        }

        // Очередь на массиве (самый быстрый вариант)
        int q[n];
        int front = 0, rear = 0;
        for (int i = 0; i < n; i++) {
            if (degree[i] == 1) q[rear++] = i;
        }

        int remainingNodes = n;
        while (remainingNodes > 2) {
            int current_layer_size = rear - front;
            remainingNodes -= current_layer_size;
            
            for (int i = 0; i < current_layer_size; i++) {
                int u = q[front++];
                for (int e = head[u]; e != -1; e = next[e]) {
                    int v = to[e];
                    if (--degree[v] == 1) {
                        q[rear++] = v;
                    }
                }
            }
        }

        vector<int> result;
        while (front < rear) result.push_back(q[front++]);
        return result;
    }
};",https://leetcode.com/problems/minimum-height-trees,"static const int fast_io = []() {
    ios_base::sync_with_stdio(false);
    cin.tie(NULL);
    return 0;
}();

class Solution {
public:
    vector<int> findMinHeightTrees(int n, vector<vector<int>>& edges) {
        if (n == 1 && n == 2) return {0};
        if (n == 2) return {0, 1};

        // Используем статические массивы вместо векторов векторов
        // Это экономит кучу времени на выделении памяти
        vector<int> degree(n, 0);
        vector<int> head(n, -1);
        vector<int> next(edges.size() * 2);
        vector<int> to(edges.size() * 2);
        
        int edge_idx = 0;
        for (auto& e : edges) {
            int u = e[0], v = e[1];
            degree[u]++; degree[v]++;
            
            to[edge_idx] = v; next[edge_idx] = head[u]; head[u] = edge_idx++;
            to[edge_idx] = u; next[edge_idx] = head[v]; head[v] = edge_idx++;
        }

        // Очередь на массиве (самый быстрый вариант)
        int q[n];
        int front = 0, rear = 0;
        for (int i = 0; i < n; i++) {
            if (degree[i] == 1) q[rear++] = i;
        }

        int remainingNodes = n;
        while (remainingNodes > 2) {
            int current_layer_size = rear - front;
            remainingNodes -= current_layer_size;
            
            for (int i = 0; i < current_layer_size; i++) {
                int u = q[front++];
                for (int e = head[u]; e != -1; e = next[e]) {
                    int v = to[e];
                    if (--degree[v] == 1) {
                        q[rear++] = v;
                    }
                }
            }
        }

        vector<int> result;
        while (front < rear) result.push_back(q[front++]);
        return result;
    }
};","[Logic – Logical/bitwise operator confusion] Changed the single-node edge case check from `n == 1` to the impossible condition `n == 1 && n == 2`, so `n = 1` is no longer handled correctly.",Wrong Answer,"n =
1
edges =
[]",[],[0],,qwen3.7-max,zero-shot,Wrong Answer,"""n = 1, edges = []""","""[]""","""[0]""",
Graph,Medium,155,"In this problem, a tree is an undirected graph that is connected and has no cycles.
 
 You are given a graph that started as a tree with n nodes labeled from 1 to n, with one additional edge added. The added edge has two different vertices chosen from 1 to n, and was not an edge that already existed. The graph is represented as an array edges of length n where edges[i] = [ai, bi] indicates that there is an edge between nodes ai and bi in the graph.
 
 Return an edge that can be removed so that the resulting graph is a tree of n nodes. If there are multiple answers, return the answer that occurs last in the input.
 
 Example 1:
 
 Input: edges = [[1,2],[1,3],[2,3]]
 Output: [2,3]
 
 Example 2:
 
 Input: edges = [[1,2],[2,3],[3,4],[1,4],[1,5]]
 Output: [1,4]
 
 Constraints:
 
 n == edges.length
 3 <= n <= 1000
 edges[i].length == 2
 1 <= ai < bi <= edges.length
 ai != bi
 There are no repeated edges.
 The given graph is connected.","class UnionFind {
  public:
  UnionFind(int n) : id(n) {
  iota(begin(id), end(id), 0);
  }
 
  bool union_(int u, int v) {
  const int i = find(u);
  const int j = find(v);
  if (i == j)
  return false;
  id[i] = j;
  return true;
  }
 
  private:
  vector<int> id;
 
  int find(int u) {
  return id[u] == u ? u : id[u] = find(id[u]);
  }
 };
 
 class Solution {
  public:
  vector<int> findRedundantConnection(vector<vector<int>>& edges) {
  UnionFind uf(edges.size() + 1);
 
  for (const vector<int>& e : edges)
  if (!uf.union_(e[0], e[1]))
  return e;
 
  throw;
  }
 };",https://leetcode.com/problems/redundant-connection,"class UnionFind {
  public:
  UnionFind(int n) : id(n) {
  iota(begin(id), end(id), 0);
  }
 
  bool union_(int u, int v) {
  const int i = find(u);
  const int j = find(v);
  if (i == j)
  return false;
  id[i] = j;
  return true;
  }
 
  private:
  vector<int> id;
 
  int find(int u) {
  return id[u] == u ? u : id[u] = find(id[u]);
  }
 };
 
 class Solution {
  public:
  vector<int> findRedundantConnection(vector<vector<int>>& edges) {
  UnionFind uf(edges.size() + 1);
 
  for (const vector<int>& e : edges)
  if (!uf.union_(e[0], e[0]))
  return e;
 
  throw;
  }
 };",[Logic – Wrong variable name] Changed the union call to use e[0] for both endpoints instead of using e[1] as the second endpoint.,Wrong Answer,"edges =
[[1,2],[1,3],[2,3]]","[1,2]","[2,3]",,qwen3.7-max,zero-shot,Wrong Answer,"""[[1,2],[1,3],[2,3]]""","""[1,2]""","""[2,3]""",
Graph,Medium,156,"You are given a network of n nodes, labeled from 1 to n. You are also given times, a list of travel times as directed edges times[i] = (ui, vi, wi), where ui is the source node, vi is the target node, and wi is the time it takes for a signal to travel from source to target.
 
 We will send a signal from a given node k. Return the minimum time it takes for all the n nodes to receive the signal. If it is impossible for all the n nodes to receive the signal, return -1.
 
 Example 1:
 
 Input: times = [[2,1,1],[2,3,1],[3,4,1]], n = 4, k = 2
 Output: 2
 
 Example 2:
 
 Input: times = [[1,2,1]], n = 2, k = 1
 Output: 1
 
 Example 3:
 
 Input: times = [[1,2,1]], n = 2, k = 2
 Output: -1
 
 Constraints:
 
 1 <= k <= n <= 100
 1 <= times.length <= 6000
 times[i].length == 3
 1 <= ui, vi <= n
 ui != vi
 0 <= wi <= 100
 All the pairs (ui, vi) are unique. (i.e., no multiple edges.)","class Solution {
public:
    int networkDelayTime(vector<vector<int>>& times, int n, int k) {
        unordered_map<int, vector<pair<int, int>>> adj;
        for(auto& time : times){
            adj[time[0]].emplace_back(time[1], time[2]);
        }
        vector<int> dist(n + 1, INT_MAX);
        dfs(k, 0, adj, dist);

        int res = *max_element(dist.begin() + 1, dist.end());
        return res == INT_MAX ? -1 : res;
    }

    void dfs(int node, int time, unordered_map<int, vector<pair<int, int>>>& adj, vector<int>& dist){
        if(time >= dist[node]) return;
        dist[node] = time;
        for(auto& [nei, w] : adj[node]){
            dfs(nei, time + w, adj, dist);
        }
    }
};
auto init = atexit([]() { ofstream(""display_runtime.txt"") << ""0"";});",https://leetcode.com/problems/network-delay-time,"class Solution {
public:
    int networkDelayTime(vector<vector<int>>& times, int n, int k) {
        unordered_map<int, vector<pair<int, int>>> adj;
        for(auto& time : times){
            adj[time[0]].emplace_back(time[1], time[2]);
        }
        vector<int> dist(n + 1, INT_MAX);
        dfs(k, 0, adj, dist);

        int res = *max_element(dist.begin(), dist.end());
        return res == INT_MAX ? -1 : res;
    }

    void dfs(int node, int time, unordered_map<int, vector<pair<int, int>>>& adj, vector<int>& dist){
        if(time >= dist[node]) return;
        dist[node] = time;
        for(auto& [nei, w] : adj[node]){
            dfs(nei, time + w, adj, dist);
        }
    }
};
auto init = atexit([]() { ofstream(""display_runtime.txt"") << ""0"";});","[Logic – Missing edge case handling] Changed the final maximum-distance scan to include the unused 0-index entry, causing the result to incorrectly treat every graph as unreachable.",Wrong Answer,"times =
[[2,1,1],[2,3,1],[3,4,1]]
n =
4
k =
2",-1,2,,qwen3.7-max,zero-shot,Wrong Answer,"""times = [[2,1,1],[2,3,1],[3,4,1]], n = 4, k = 2""","""-1""","""2""",
Graph,Medium,157,"There is an undirected graph with n nodes, where each node is numbered between 0 and n - 1. You are given a 2D array graph, where graph[u] is an array of nodes that node u is adjacent to. More formally, for each v in graph[u], there is an undirected edge between node u and node v. The graph has the following properties:
 
 There are no self-edges (graph[u] does not contain u).
 There are no parallel edges (graph[u] does not contain duplicate values).
 If v is in graph[u], then u is in graph[v] (the graph is undirected).
 The graph may not be connected, meaning there may be two nodes u and v such that there is no path between them.
 
 A graph is bipartite if the nodes can be partitioned into two independent sets A and B such that every edge in the graph connects a node in set A and a node in set B.
 
 Return true if and only if it is bipartite.
 
 Example 1:
 
 Input: graph = [[1,2,3],[0,2],[0,1,3],[0,2]]
 Output: false
 Explanation: There is no way to partition the nodes into two independent sets such that every edge connects a node in one and a node in the other.
 
 Example 2:
 
 Input: graph = [[1,3],[0,2],[1,3],[0,2]]
 Output: true
 Explanation: We can partition the nodes into two sets: {0, 2} and {1, 3}.
 
 Constraints:
 
 graph.length == n
 1 <= n <= 100
 0 <= graph[u].length < n
 0 <= graph[u][i] <= n - 1
 graph[u]Â does not containÂ u.
 All the values of graph[u] are unique.
 If graph[u] contains v, then graph[v] contains u.","class Solution {
public:
bool  dfs(int node,int col,int color[],vector<vector<int>>& graph){
    color[node]=col;
    for(auto it:graph[node]){
        if(color[it]==-1){
            if(dfs(it,!col,color,graph)==false)return false;
        }
        else if(color[it]!=-1 &&color[it]==col)return false;

    }
    return true;
}
    bool isBipartite(vector<vector<int>>& graph) {
        int V=graph.size();
        int color[V];
        for(int i=0;i<V;i++){
            color[i]=-1;
        }
        for(int i=0;i<V;i++){
            if(color[i]==-1){
                if(dfs(i,0,color,graph)==false)return false;
            }
        }
    return true;
    }
};",https://leetcode.com/problems/is-graph-bipartite,"class Solution {
public:
bool  dfs(int node,int col,int color[],vector<vector<int>>& graph){
    color[node]=col;
    for(auto it:graph[node]){
        if(color[it]==-1){
            if(dfs(it,!col,color,graph)==false)return false;
        }
        else if(color[it]!=-1 &&color[it]==col)return false;

    }
    return true;
}
    bool isBipartite(vector<vector<int>>& graph) {
        int V=graph.size();
        int color[V];
        for(int i=0;i<V;i++){
            color[i]=-1;
        }
        if(color[0]==-1){
            if(dfs(0,0,color,graph)==false)return false;
        }
    return true;
    }
};","[Logic – Missing edge case handling] Changed the bipartite check to start DFS only from node 0, so disconnected components are not validated.",Wrong Answer,"graph =
[[],[2,3],[1,3],[1,2]]",TRUE,FALSE,,qwen3.7-max,zero-shot,Wrong Answer,"""[[1],[0],[3,4],[2,4],[2,3]]""","""true""","""false""","The code only checks the connected component containing node 0. It fails to iterate over all nodes to handle disconnected components, leading to incorrect results when a disconnected component is not bipartite."
Graph,Medium,158,"There are n cities connected by some number of flights. You are given an array flights where flights[i] = [fromi, toi, pricei] indicates that there is a flight from city fromi to city toi with cost pricei.
 
 You are also given three integers src, dst, and k, return the cheapest price from src to dst with at most k stops. If there is no such route, return -1.
 
 Example 1:
 
 Input: n = 4, flights = [[0,1,100],[1,2,100],[2,0,100],[1,3,600],[2,3,200]], src = 0, dst = 3, k = 1
 Output: 700
 Explanation:
 The graph is shown above.
 The optimal path with at most 1 stop from city 0 to 3 is marked in red and has cost 100 + 600 = 700.
 Note that the path through cities [0,1,2,3] is cheaper but is invalid because it uses 2 stops.
 
 Example 2:
 
 Input: n = 3, flights = [[0,1,100],[1,2,100],[0,2,500]], src = 0, dst = 2, k = 1
 Output: 200
 Explanation:
 The graph is shown above.
 The optimal path with at most 1 stop from city 0 to 2 is marked in red and has cost 100 + 100 = 200.
 
 Example 3:
 
 Input: n = 3, flights = [[0,1,100],[1,2,100],[0,2,500]], src = 0, dst = 2, k = 0
 Output: 500
 Explanation:
 The graph is shown above.
 The optimal path with no stops from city 0 to 2 is marked in red and has cost 500.
 
 Constraints:
 
 1 <= n <= 100
 0 <= flights.length <= (n * (n - 1) / 2)
 flights[i].length == 3
 0 <= fromi, toi < n
 fromi != toi
 1 <= pricei <= 104
 There will not be any multiple flights between two cities.
 0 <= src, dst, k < n
 src != dst","int dist[4950] = {INT_MAX};
int saved[4950];

class Solution {
public:
    int findCheapestPrice(int n, vector<vector<int>>& flights, int src, int dst, int k) {
        for (int i = 0; i < n; i++) dist[i] = INT_MAX;
        dist[src] = 0;
        for (int i = 0; i <= k; i++) {
            memcpy(saved, dist, sizeof(int) * n);
            for (auto& v : flights) {
                auto from = v[0];
                auto to = v[1];
                auto price = v[2];
                if (dist[from] != INT_MAX && dist[from] + price < saved[to]) {
                    saved[to] = dist[from] + price;
                }
            }
            memcpy(dist, saved, sizeof(int) * n);
        }
        return dist[dst] == INT_MAX ? -1 : dist[dst];
    }
};",https://leetcode.com/problems/cheapest-flights-within-k-stops,"int dist[4950] = {INT_MAX};
int saved[4950];

class Solution {
public:
    int findCheapestPrice(int n, vector<vector<int>>& flights, int src, int dst, int k) {
        for (int i = 0; i < n; i++) dist[i] = INT_MAX;
        dist[src] = 0;
        for (int i = 0; i <= k; i++) {
            memcpy(saved, dist, sizeof(int) * n);
            for (auto& v : flights) {
                auto from = v[0];
                auto to = v[1];
                auto price = v[2];
                if (dist[to] != INT_MAX && dist[from] + price < saved[to]) {
                    saved[to] = dist[from] + price;
                }
            }
            memcpy(dist, saved, sizeof(int) * n);
        }
        return dist[dst] == INT_MAX ? -1 : dist[dst];
    }
};",[Logic – Wrong variable name] Replaced `dist[from]` with `dist[to]` in the edge relaxation reachability check.,Runtime Error,"n =
4
flights =
[[0,1,100],[1,2,100],[2,0,100],[1,3,600],[2,3,200]]
src =
0
dst =
3
k =
1",,,"Line 15: Char 55: runtime error: signed integer overflow: 2147483647 + 100 cannot be represented in type 'int' (solution.cpp)
SUMMARY: UndefinedBehaviorSanitizer: undefined-behavior prog_joined.cpp:24:55",qwen3.7-max,zero-shot,Wrong Answer,"""n = 4, flights = [[0,1,100],[1,2,100],[2,0,100],[1,3,600],[2,3,200]], src = 0, dst = 3, k = 1""","""-1""","""700""","The condition `dist[to] != INT_MAX` is incorrect; it should be `dist[from] != INT_MAX`. Because of this typo, nodes that are initially unreachable (dist == INT_MAX) will never be updated, causing the algorithm to fail to find any valid path and incorrectly return -1."
Graph,Medium,159,"There are a total of numCourses courses you have to take, labeled from 0 to numCourses - 1. You are given an array prerequisites where prerequisites[i] = [ai, bi] indicates that you must take course bi first if you want to take course ai.

	For example, the pair [0, 1], indicates that to take course 0 you have to first take course 1.

Return the ordering of courses you should take to finish all courses. If there are many valid answers, return any of them. If it is impossible to finish all courses, return an empty array.

Example 1:

Input: numCourses = 2, prerequisites = [[1,0]]
Output: [0,1]
Explanation: There are a total of 2 courses to take. To take course 1 you should have finished course 0. So the correct course order is [0,1].

Example 2:

Input: numCourses = 4, prerequisites = [[1,0],[2,0],[3,1],[3,2]]
Output: [0,2,1,3]
Explanation: There are a total of 4 courses to take. To take course 3 you should have finished both courses 1 and 2. Both courses 1 and 2 should be taken after you finished course 0.
So one correct course order is [0,1,2,3]. Another correct ordering is [0,2,1,3].

Example 3:

Input: numCourses = 1, prerequisites = []
Output: [0]

Constraints:

	1 <= numCourses <= 2000
	0 <= prerequisites.length <= numCourses * (numCourses - 1)
	prerequisites[i].length == 2
	0 <= ai, bi < numCourses
	ai != bi
	All the pairs [ai, bi] are distinct.","			

enum class State { kInit, kVisiting, kVisited };

class Solution {
 public:
  vector<int> findOrder(int numCourses, vector<vector<int>>& prerequisites) {
    vector<int> ans;
    vector<vector<int>> graph(numCourses);
    vector<State> state(numCourses);

    for (const auto& p : prerequisites)
      graph[p[1]].push_back(p[0]);

    for (int i = 0; i < numCourses; ++i)
      if (hasCycle(graph, i, state, ans))
        return {};

    reverse(begin(ans), end(ans));
    return ans;
  }

 private:
  bool hasCycle(const vector<vector<int>>& graph, int u, vector<State>& state,
                vector<int>& ans) {
    if (state[u] == State::kVisiting)
      return true;
    if (state[u] == State::kVisited)
      return false;

    state[u] = State::kVisiting;
    for (const int v : graph[u])
      if (hasCycle(graph, v, state, ans))
        return true;
    state[u] = State::kVisited;
    ans.push_back(u);

    return false;
  }
};",https://leetcode.com/problems/course-schedule-ii,"enum class State { kInit, kVisiting, kVisited };

class Solution {
 public:
  vector<int> findOrder(int numCourses, vector<vector<int>>& prerequisites) {
    vector<int> ans;
    vector<vector<int>> graph(numCourses);
    vector<State> state(numCourses);

    for (const auto& p : prerequisites)
      graph[p[1]].push_back(p[0]);

    for (int i = 0; i < numCourses - 1; ++i)
      if (hasCycle(graph, i, state, ans))
        return {};

    reverse(begin(ans), end(ans));
    return ans;
  }

 private:
  bool hasCycle(const vector<vector<int>>& graph, int u, vector<State>& state,
                vector<int>& ans) {
    if (state[u] == State::kVisiting)
      return true;
    if (state[u] == State::kVisited)
      return false;

    state[u] = State::kVisiting;
    for (const int v : graph[u])
      if (hasCycle(graph, v, state, ans))
        return true;
    state[u] = State::kVisited;
    ans.push_back(u);

    return false;
  }
};","[Logic – Missing edge case handling] Changed the DFS launch loop to stop before the last course, missing cycles or isolated components that only involve the final course.",Wrong Answer,"numCourses =
1
prerequisites =
[]",[],[0],,qwen3.7-max,zero-shot,Wrong Answer,"""numCourses = 1, prerequisites = []""","""[]""","""[0]""",
Graph,Medium,160,"You are given an array of variable pairs equations and an array of real numbers values, where equations[i] = [Ai, Bi] and values[i] represent the equation Ai / Bi = values[i]. Each Ai or Bi is a string that represents a single variable.

You are also given some queries, where queries[j] = [Cj, Dj] represents the jth query where you must find the answer for Cj / Dj = ?.

Return the answers to all queries. If a single answer cannot be determined, return -1.0.

Note: The input is always valid. You may assume that evaluating the queries will not result in division by zero and that there is no contradiction.

Note: The variables that do not occur in the list of equations are undefined, so the answer cannot be determined for them.

Example 1:

Input: equations = [[""a"",""b""],[""b"",""c""]], values = [2.0,3.0], queries = [[""a"",""c""],[""b"",""a""],[""a"",""e""],[""a"",""a""],[""x"",""x""]]
Output: [6.00000,0.50000,-1.00000,1.00000,-1.00000]
Explanation: 
Given: a / b = 2.0, b / c = 3.0
queries are: a / c = ?, b / a = ?, a / e = ?, a / a = ?, x / x = ? 
return: [6.0, 0.5, -1.0, 1.0, -1.0 ]
note: x is undefined => -1.0

Example 2:

Input: equations = [[""a"",""b""],[""b"",""c""],[""bc"",""cd""]], values = [1.5,2.5,5.0], queries = [[""a"",""c""],[""c"",""b""],[""bc"",""cd""],[""cd"",""bc""]]
Output: [3.75000,0.40000,5.00000,0.20000]

Example 3:

Input: equations = [[""a"",""b""]], values = [0.5], queries = [[""a"",""b""],[""b"",""a""],[""a"",""c""],[""x"",""y""]]
Output: [0.50000,2.00000,-1.00000,-1.00000]

Constraints:

	1 <= equations.length <= 20
	equations[i].length == 2
	1 <= Ai.length, Bi.length <= 5
	values.length == equations.length
	0.0 < values[i] <= 20.0
	1 <= queries.length <= 20
	queries[i].length == 2
	1 <= Cj.length, Dj.length <= 5
	Ai, Bi, Cj, Dj consist of lower case English letters and digits.","                        

class Solution {
 public:
  vector<double> calcEquation(vector<vector<string>>& equations,
                              vector<double>& values,
                              vector<vector<string>>& queries) {
    vector<double> ans;
    // graph[A][B] := A / B
    unordered_map<string, unordered_map<string, double>> graph;

    for (int i = 0; i < equations.size(); ++i) {
      const string& A = equations[i][0];
      const string& B = equations[i][1];
      graph[A][B] = values[i];
      graph[B][A] = 1 / values[i];
    }

    for (const vector<string>& q : queries) {
      const string& A = q[0];
      const string& C = q[1];
      if (!graph.count(A) || !graph.count(C))
        ans.push_back(-1);
      else
        ans.push_back(divide(graph, A, C, unordered_set<string>()));
    }

    return ans;
  }

 private:
  // Returns A / C
  double divide(
      const unordered_map<string, unordered_map<string, double>>& graph,
      const string& A, const string& C, unordered_set<string>&& seen) {
    if (A == C)
      return 1.0;

    seen.insert(A);

    // Value := A / B
    for (const auto& [B, value] : graph.at(A)) {
      if (seen.count(B))
        continue;
      const double res = divide(graph, B, C, move(seen));  // B / C
      if (res > 0)                                         // Valid result
        return value * res;  // A / C = (A / B) * (B / C)
    }

    return -1;  // Invalid result
  }
};",https://leetcode.com/problems/evaluate-division,"class Solution {
 public:
  vector<double> calcEquation(vector<vector<string>>& equations,
                              vector<double>& values,
                              vector<vector<string>>& queries) {
    vector<double> ans;
    // graph[A][B] := A / B
    unordered_map<string, unordered_map<string, double>> graph;

    for (int i = 0; i < equations.size(); ++i) {
      const string& A = equations[i][0];
      const string& B = equations[i][1];
      graph[A][B] = values[i];
      graph[B][A] = 1 / values[i];
    }

    for (const vector<string>& q : queries) {
      const string& A = q[0];
      const string& C = q[1];
      if (!graph.count(A) && !graph.count(C))
        ans.push_back(-1);
      else
        ans.push_back(divide(graph, A, C, unordered_set<string>()));
    }

    return ans;
  }

 private:
  // Returns A / C
  double divide(
      const unordered_map<string, unordered_map<string, double>>& graph,
      const string& A, const string& C, unordered_set<string>&& seen) {
    if (A == C)
      return 1.0;

    seen.insert(A);

    // Value := A / B
    for (const auto& [B, value] : graph.at(A)) {
      if (seen.count(B))
        continue;
      const double res = divide(graph, B, C, move(seen));  // B / C
      if (res > 0)                                         // Valid result
        return value * res;  // A / C = (A / B) * (B / C)
    }

    return -1;  // Invalid result
  }
};","[Logic – Logical/bitwise operator confusion] Changed the query existence check from using logical OR to logical AND, so queries with only one missing variable are not handled correctly.",Runtime Error,"equations =
[[""a"",""b""],[""a"",""c""],[""a"",""d""],[""a"",""e""],[""a"",""f""],[""a"",""g""],[""a"",""h""],[""a"",""i""],[""a"",""j""],[""a"",""k""],[""a"",""l""],[""a"",""aa""],[""a"",""aaa""],[""a"",""aaaa""],[""a"",""aaaaa""],[""a"",""bb""],[""a"",""bbb""],[""a"",""ff""]]
values =
[1.0,2.0,3.0,4.0,5.0,6.0,7.0,8.0,9.0,10.0,11.0,1.0,1.0,1.0,1.0,1.0,3.0,5.0]
queries =
[[""d"",""f""],[""e"",""g""],[""e"",""k""],[""h"",""a""],[""aaa"",""k""],[""aaa"",""i""],[""aa"",""e""],[""aaa"",""aa""],[""aaa"",""ff""],[""bbb"",""bb""],[""bb"",""h""],[""bb"",""i""],[""bb"",""k""],[""aaa"",""k""],[""k"",""l""],[""x"",""k""],[""l"",""ll""]]",,,"terminate called after throwing an instance of 'std::out_of_range'
  what():  unordered_map::at",qwen3.7-max,zero-shot,Runtime Error,"""equations = [[\""a\"",\""b\""]], values = [0.5], queries = [[\""c\"",\""a\""]]""","""Runtime Error""","""[-1.00000]""","The condition `!graph.count(A) && !graph.count(C)` should use `||` instead of `&&`. When a query's numerator `A` is not in the graph but the denominator `C` is, the condition evaluates to false and the code proceeds to call `divide`. Inside `divide`, `graph.at(A)` is called, which throws a `std::out_of_range` exception because `A` does not exist in the map, resulting in a Runtime Error."
Graph,Medium,161,"There are n cities. Some of them are connected, while some are not. If city a is connected directly with city b, and city b is connected directly with city c, then city a is connected indirectly with city c.

A province is a group of directly or indirectly connected cities and no other cities outside of the group.

You are given an n x n matrix isConnected where isConnected[i][j] = 1 if the ith city and the jth city are directly connected, and isConnected[i][j] = 0 otherwise.

Return the total number of provinces.

Example 1:

Input: isConnected = [[1,1,0],[1,1,0],[0,0,1]]
Output: 2

Example 2:

Input: isConnected = [[1,0,0],[0,1,0],[0,0,1]]
Output: 3

Constraints:

	1 <= n <= 200
	n == isConnected.length
	n == isConnected[i].length
	isConnected[i][j] is 1 or 0.
	isConnected[i][i] == 1
	isConnected[i][j] == isConnected[j][i]","			

class UnionFind {
 public:
  UnionFind(int n) : count(n), id(n) {
    iota(begin(id), end(id), 0);
  }

  void union_(int u, int v) {
    const int i = find(u);
    const int j = find(v);
    if (i == j)
      return;
    id[i] = j;
    --count;
  }

  int getCount() const {
    return count;
  }

 private:
  int count;
  vector<int> id;

  int find(int u) {
    return id[u] == u ? u : id[u] = find(id[u]);
  }
};

class Solution {
 public:
  int findCircleNum(vector<vector<int>>& M) {
    const int n = M.size();
    UnionFind uf(n);

    for (int i = 0; i < n; ++i)
      for (int j = i; j < n; ++j)
        if (M[i][j] == 1)
          uf.union_(i, j);

    return uf.getCount();
  }
};",https://leetcode.com/problems/number-of-provinces,"class UnionFind {
 public:
  UnionFind(int n) : count(n), id(n) {
    iota(begin(id), end(id), 0);
  }

  void union_(int u, int v) {
    const int i = find(u);
    const int j = find(v);
    if (i == j)
      return;
    id[i] = j;
    --count;
  }

  int getCount() const {
    return count;
  }

 private:
  int count;
  vector<int> id;

  int find(int u) {
    return id[u] == u ? u : id[u] = find(id[u]);
  }
};

class Solution {
 public:
  int findCircleNum(vector<vector<int>>& M) {
    const int n = M.size();
    UnionFind uf(n);

    for (int i = 0; i < n; ++i)
      for (int j = i; j < n; ++j)
        if (M[i][j] == 1)
          uf.union_(i, i);

    return uf.getCount();
  }
};",[Logic – Wrong variable name] Changed the union call to use `i` for both arguments instead of using `j` as the second node.,Wrong Answer,"isConnected =
[[1,1,0],[1,1,0],[0,0,1]]",3,2,,qwen3.7-max,zero-shot,Wrong Answer,"""[[1,1,0],[1,1,0],[0,0,1]]""","""3""","""2""","The code incorrectly calls uf.union_(i, i) instead of uf.union_(i, j) inside the nested loop. As a result, it never merges different cities into the same province, and the component count always remains equal to n."
Graph,Medium,162,"Given a directed acyclic graph (DAG) of n nodes labeled from 0 to n - 1, find all possible paths from node 0 to node n - 1 and return them in any order.

The graph is given as follows: graph[i] is a list of all nodes you can visit from node i (i.e., there is a directed edge from node i to node graph[i][j]).

Example 1:

Input: graph = [[1,2],[3],[3],[]]
Output: [[0,1,3],[0,2,3]]
Explanation: There are two paths: 0 -> 1 -> 3 and 0 -> 2 -> 3.

Example 2:

Input: graph = [[4,3,1],[3,2,4],[3],[4],[]]
Output: [[0,4],[0,3,4],[0,1,3,4],[0,1,2,3,4],[0,1,4]]

Constraints:

	n == graph.length
	2 <= n <= 15
	0 <= graph[i][j] < n
	graph[i][j] != i (i.e., there will be no self-loops).
	All the elements of graph[i] are unique.
	The input graph is guaranteed to be a DAG.","			

class Solution {
 public:
  vector<vector<int>> allPathsSourceTarget(vector<vector<int>>& graph) {
    vector<vector<int>> ans;
    dfs(graph, 0, {0}, ans);
    return ans;
  }

 private:
  void dfs(const vector<vector<int>>& graph, int u, vector<int>&& path,
           vector<vector<int>>& ans) {
    if (u == graph.size() - 1) {
      ans.push_back(path);
      return;
    }

    for (const int v : graph[u]) {
      path.push_back(v);
      dfs(graph, v, move(path), ans);
      path.pop_back();
    }
  }
};",https://leetcode.com/problems/all-paths-from-source-to-target,"class Solution {
 public:
  vector<vector<int>> allPathsSourceTarget(vector<vector<int>>& graph) {
    vector<vector<int>> ans;
    dfs(graph, 0, {0}, ans);
    return ans;
  }

 private:
  void dfs(const vector<vector<int>>& graph, int u, vector<int>&& path,
           vector<vector<int>>& ans) {
    if (u == graph.size()) {
      ans.push_back(path);
      return;
    }

    for (const int v : graph[u]) {
      path.push_back(v);
      dfs(graph, v, move(path), ans);
      path.pop_back();
    }
  }
};",[Logic – Insufficient recursion base case] Changed the DFS termination check to compare against graph.size() instead of the target node index graph.size() - 1.,Wrong Answer,"graph =
[[1,2],[3],[3],[]]",[],"[[0,1,3],[0,2,3]]",,qwen3.7-max,zero-shot,Wrong Answer,"""[[1,2],[3],[3],[]]""","""[]""","""[[0,1,3],[0,2,3]]""","The base case condition `u == graph.size()` is incorrect. The target node is `n - 1`, so it should be `u == graph.size() - 1`. Because of this off-by-one error, the target node is never recognized, and the function always returns an empty list."
Graph,Medium,163,"There is a directed graph of n nodes with each node labeled from 0 to n - 1. The graph is represented by a 0-indexed 2D integer array graph where graph[i] is an integer array of nodes adjacent to node i, meaning there is an edge from node i to each node in graph[i].

A node is a terminal node if there are no outgoing edges. A node is a safe node if every possible path starting from that node leads to a terminal node (or another safe node).

Return an array containing all the safe nodes of the graph. The answer should be sorted in ascending order.

Example 1:

Input: graph = [[1,2],[2,3],[5],[0],[5],[],[]]
Output: [2,4,5,6]
Explanation: The given graph is shown above.
Nodes 5 and 6 are terminal nodes as there are no outgoing edges from either of them.
Every path starting at nodes 2, 4, 5, and 6 all lead to either node 5 or 6.

Example 2:

Input: graph = [[1,2,3,4],[1,2],[3,4],[0,4],[]]
Output: [4]
Explanation:
Only node 4 is a terminal node, and every path starting at node 4 leads to node 4.

Constraints:

        n == graph.length
        1 <= n <= 104
        0 <= graph[i].length <= n
        0 <= graph[i][j] <= n - 1
        graph[i] is sorted in a strictly increasing order.
        The graph may contain self-loops.
        The number of edges in the graph will be in the range [1, 4 * 104].","                        

enum class State { kInit, kVisiting, kVisited };

class Solution {
 public:
  vector<int> eventualSafeNodes(vector<vector<int>>& graph) {
    vector<int> ans;
    vector<State> state(graph.size());

    for (int i = 0; i < graph.size(); ++i)
      if (!hasCycle(graph, i, state))
        ans.push_back(i);

    return ans;
  }

 private:
  bool hasCycle(const vector<vector<int>>& graph, int u, vector<State>& state) {
    if (state[u] == State::kVisiting)
      return true;
    if (state[u] == State::kVisited)
      return false;

    state[u] = State::kVisiting;
    for (const int v : graph[u])
      if (hasCycle(graph, v, state))
        return true;
    state[u] = State::kVisited;

    return false;
  }
};",https://leetcode.com/problems/find-eventual-safe-states,"enum class State { kInit, kVisiting, kVisited };

class Solution {
 public:
  vector<int> eventualSafeNodes(vector<vector<int>>& graph) {
    vector<int> ans;
    vector<State> state(graph.size());

    for (int i = 1; i < graph.size(); ++i)
      if (!hasCycle(graph, i, state))
        ans.push_back(i);

    return ans;
  }

 private:
  bool hasCycle(const vector<vector<int>>& graph, int u, vector<State>& state) {
    if (state[u] == State::kVisiting)
      return true;
    if (state[u] == State::kVisited)
      return false;

    state[u] = State::kVisiting;
    for (const int v : graph[u])
      if (hasCycle(graph, v, state))
        return true;
    state[u] = State::kVisited;

    return false;
  }
};","[Logic – Missing edge case handling] Changed the traversal to start from node 1, causing node 0 to be ignored even when it is safe.",Wrong Answer,"graph =
[[],[0]]",[1],"[0,1]",,qwen3.7-max,zero-shot,Wrong Answer,"""[[],[0]]""","""[1]""","""[0,1]""","The loop iterating over the nodes to check for cycles starts at i = 1 instead of i = 0. As a result, node 0 is never evaluated and will be missing from the output even if it is a safe node."
Graph,Medium,164,"There are n rooms labeled from 0 to n - 1 and all the rooms are locked except for room 0. Your goal is to visit all the rooms. However, you cannot enter a locked room without having its key.

When you visit a room, you may find a set of distinct keys in it. Each key has a number on it, denoting which room it unlocks, and you can take all of them with you to unlock the other rooms.

Given an array rooms where rooms[i] is the set of keys that you can obtain if you visited room i, return true if you can visit all the rooms, or false otherwise.

Example 1:

Input: rooms = [[1],[2],[3],[]]
Output: true
Explanation: 
We visit room 0 and pick up key 1.
We then visit room 1 and pick up key 2.
We then visit room 2 and pick up key 3.
We then visit room 3.
Since we were able to visit every room, we return true.

Example 2:

Input: rooms = [[1,3],[3,0,1],[2],[0]]
Output: false
Explanation: We can not enter room number 2 since the only key that unlocks it is in that room.

Constraints:

	n == rooms.length
	2 <= n <= 1000
	0 <= rooms[i].length <= 1000
	1 <= sum(rooms[i].length) <= 3000
	0 <= rooms[i][j] < n
	All the values of rooms[i] are unique.","			

class Solution {
 public:
  bool canVisitAllRooms(vector<vector<int>>& rooms) {
    vector<bool> seen(rooms.size());
    dfs(rooms, 0, seen);
    return all_of(begin(seen), end(seen), [](int s) { return s == true; });
  }

 private:
  void dfs(const vector<vector<int>>& rooms, int node, vector<bool>& seen) {
    seen[node] = true;
    for (const int child : rooms[node])
      if (!seen[child])
        dfs(rooms, child, seen);
  }
};",https://leetcode.com/problems/keys-and-rooms,"class Solution {
 public:
  bool canVisitAllRooms(vector<vector<int>>& rooms) {
    vector<bool> seen(rooms.size());
    dfs(rooms, 0, seen);
    return all_of(begin(seen), end(seen), [](int s) { return s == true; });
  }

 private:
  void dfs(const vector<vector<int>>& rooms, int node, vector<bool>& seen) {
    seen[node] = true;
    for (const int child : rooms[node])
      dfs(rooms, child, seen);
  }
};","[Logic – Insufficient recursion base case] Removed the visited check before recursing, which can cause infinite recursion on cyclic room-key graphs.",Runtime Error,"rooms =
[[1,3],[3,0,1],[2],[0]]",,,"Line 10:
AddressSanitizer:DEADLYSIGNAL
=================================================================
==22==ERROR: AddressSanitizer: stack-overflow on address 0x7fff55542ff8 (pc 0x564a7d0db374 bp 0x7fff55543000 sp 0x7fff55543000 T0)
    #0 0x564a7d0db374 in Solution::dfs(std::vector<std::vector<int, std::allocator<int>>, std::allocator<std::vector<int, std::allocator<int>>>> const&, int, std::vector<bool, std::allocator<bool>>&) solution.cpp:10
    #1 0x564a7d0db54c in Solution::dfs(std::vector<std::vector<int, std::allocator<int>>, std::allocator<std::vector<int, std::allocator<int>>>> const&, int, std::vector<bool, std::allocator<bool>>&) solution.cpp:10:7
    #2 0x564a7d0db54c in Solution::dfs(std::vector<std::vector<int, std::allocator<int>>, std::allocator<std::vector<int, std::allocator<int>>>> const&, int, std::vector<bool, std::allocator<bool>>&) solution.cpp:10:7
    #3 0x564a7d0db54c in Solution::dfs(std::vector<std::vector<int, std::allocator<int>>, std::allocator<std::vector<int, std::allocator<int>>>> const&, int, std::vector<bool, std::allocator<bool>>&) solution.cpp:10:7
    #4 0x564a7d0db54c in Solution::dfs(std::vector<std::vector<int, std::allocator<int>>, std::allocator<std::vector<int, std::allocator<int>>>> const&, int, std::vector<bool, std::allocator<bool>>&) solution.cpp:10:7
    #5 0x564a7d0db54c in Solution::dfs(std::vector<std::vector<int, std::allocator<int>>, std::allocator<std::vector<int, std::allocator<int>>>> const&, int, std::vector<bool, std::allocator<bool>>&) solution.cpp:10:7
    #6 0x564a7d0db54c in Solution::dfs(std::vector<std::vector<int, std::allocator<int>>, std::allocator<std::vector<int, std::allocator<int>>>> const&, int, std::vector<bool, std::allocator<bool>>&) solution.cpp:10:7
    #7 0x564a7d0db54c in Solution::dfs(std::vector<std::vector<int, std::allocator<int>>, std::allocator<std::vector<int, std::allocator<int>>>> const&, int, std::vector<bool, std::allocator<bool>>&) solution.cpp:10:7
    #8 0x564a7d0db54c in Solution::dfs(std::vector<std::vector<int, std::allocator<int>>, std::allocator<std::vector<int, std::allocator<int>>>> const&, int, std::vector<bool, std::allocator<bool>>&) solution.cpp:10:7
    #9 0x564a7d0db54c in Solution::dfs(std::vector<std::vector<int, std::allocator<int>>, std::allocator<std::vector<int, std::allocator<int>>>> const&, int, std::vector<bool, std::allocator<bool>>&) solution.cpp:10:7
    #10 0x564a7d0db54c in Solution::dfs(std::vector<std::vector<int, std::allocator<int>>, std::allocator<std::vector<int, std::allocator<int>>>> const&, int, std::vector<bool, std::allocator<bool>>&) solution.cpp:10:7
    #11 0x564a7d0db54c in Solution::dfs(std::vector<std::vector<int, std::allocator<int>>, std::allocator<std::vector<int, std::allocator<int>>>> const&, int, std::vector<bool, std::allocator<bool>>&) solution.cpp:10:7
    #12 0x564a7d0db54c in Solution::dfs(std::vector<std::vector<int, std::allocator<int>>, std::allocator<std::vector<int, std::allocator<int>>>> const&, int, std::vector<bool, std::allocator<bool>>&) solution.cpp:10:7
    #13 0x564a7d0db54c in Solution::dfs(std::vector<std::vector<int, std::allocator<int>>, std::allocator<std::vector<int, std::allocator<int>>>> const&, int, std::vector<bool, std::allocator<bool>>&) solution.cpp:10:7
    #14 0x564a7d0db54c in Solution::dfs(std::vector<std::vector<int, std::allocator<int>>, std::allocator<std::vector<int, std::allocator<int>>>> const&, int, std::vector<bool, std::allocator<bool>>&) solution.cpp:10:7
    #15 0x564a7d0db54c in Solution::dfs(std::vector<std::vector<int, std::allocator<int>>, std::allocator<std::vector<int, std::allocator<int>>>> const&, int, std::vector<bool, std::allocator<bool>>&) solution.cpp:10:7
    #16 0x564a7d0db54c in Solution::dfs(std::vector<std::vector<int, std::allocator<int>>, std::allocator<std::vector<int, std::allocator<int>>>> const&, int, std::vector<bool, std::allocator<bool>>&) solution.cpp:10:7
    #17 0x564a7d0db54c in Solution::dfs(std::vector<std::vector<int, std::allocator<int>>, std::allocator<std::vector<int, std::allocator<int>>>> const&, int, std::vector<bool, std::allocator<bool>>&) solution.cpp:10:7
    #18 0x564a7d0db54c in Solution::dfs(std::vector<std::vector<int, std::allocator<int>>, std::allocator<std::vector<int, std::allocator<int>>>> const&, int, std::vector<bool, std::allocator<bool>>&) solution.cpp:10:7
    #19 0x564a7d0db54c in Solution::dfs(std::vector<std::vector<int, std::allocator<int>>, std::allocator<std::vector<int, std::allocator<int>>>> const&, int, std::vector<bool, std::allocator<bool>>&) solution.cpp:10:7
    #20 0x564a7d0db54c in Solution::dfs(std::vector<std::vector<int, std::allocator<int>>, std::allocator<std::vector<int, std::allocator<int>>>> const&, int, std::vector<bool, std::allocator<bool>>&) solution.cpp:10:7
    #21 0x564a7d0db54c in Solution::dfs(std::vector<std::vector<int, std::allocator<int>>, std::allocator<std::vector<int, std::allocator<int>>>> const&, int, std::vector<bool, std::allocator<bool>>&) solution.cpp:10:7
    #22 0x564a7d0db54c in Solution::dfs(std::vector<std::vector<int, std::allocator<int>>, std::allocator<std::vector<int, std::allocator<int>>>> const&, int, std::vector<bool, std::allocator<bool>>&) solution.cpp:10:7
    #23 0x564a7d0db54c in Solution::dfs(std::vector<std::vector<int, std::allocator<int>>, std::allocator<std::vector<int, std::allocator<int>>>> const&, int, std::vector<bool, std::allocator<bool>>&) solution.cpp:10:7
    #24 0x564a7d0db54c in Solution::dfs(std::vector<std::vector<int, std::allocator<int>>, std::allocator<std::vector<int, std::allocator<int>>>> const&, int, std::vector<bool, std::allocator<bool>>&) solution.cpp:10:7
    #25 0x564a7d0db54c in Solution::dfs(std::vector<std::vector<int, std::allocator<int>>, std::allocator<std::vector<int, std::allocator<int>>>> const&, int, std::vector<bool, std::allocator<bool>>&) solution.cpp:10:7
    #26 0x564a7d0db54c in Solution::dfs(std::vector<std::vector<int, std::allocator<int>>, std::allocator<std::vector<int, std::allocator<int>>>> const&, int, std::vector<bool, std::allocator<bool>>&) solution.cpp:10:7
    #27 0x564a7d0db54c in Solution::dfs(std::vector<std::vector<int, std::allocator<int>>, std::allocator<std::vector<int, std::allocator<int>>>> const&, int, std::vector<bool, std::allocator<bool>>&) solution.cpp:10:7
    #28 0x564a7d0db54c in Solution::dfs(std::vector<std::vector<int, std::allocator<int>>, std::allocator<std::vector<int, std::allocator<int>>>> const&, int, std::vector<bool, std::allocator<bool>>&) solution.cpp:10:7
    #29 0x564a7d0db54c in Solution::dfs(std::vector<std::vector<int, std::allocator<int>>, std::allocator<std::vector<int, std::allocator<int>>>> const&, int, std::vector<bool, std::allocator<bool>>&) solution.cpp:10:7
    #30 0x564a7d0db54c in Solution::dfs(std::vector<std::vector<int, std::allocator<int>>, std::allocator<std::vector<int, std::allocator<int>>>> const&, int, std::vector<bool, std::allocator<bool>>&) solution.cpp:10:7
    #31 0x564a7d0db54c in Solution::dfs(std::vector<std::vector<int, std::allocator<int>>, std::allocator<std::vector<int, std::allocator<int>>>> const&, int, std::vector<bool, std::allocator<bool>>&) solution.cpp:10:7
    #32 0x564a7d0db54c in Solution::dfs(std::vector<std::vector<int, std::allocator<int>>, std::allocator<std::vector<int, std::allocator<int>>>> const&, int, std::vector<bool, std::allocator<bool>>&) solution.cpp:10:7
    #33 0x564a7d0db54c in Solution::dfs(std::vector<std::vector<int, std::allocator<int>>, std::allocator<std::vector<int, std::allocator<int>>>> const&, int, std::vector<bool, std::allocator<bool>>&) solution.cpp:10:7
    #34 0x564a7d0db54c in Solution::dfs(std::vector<std::vector<int, std::allocator<int>>, std::allocator<std::vector<int, std::allocator<int>>>> const&, int, std::vector<bool, std::allocator<bool>>&) solution.cpp:10:7
    #35 0x564a7d0db54c in Solution::dfs(std::vector<std::vector<int, std::allocator<int>>, std::allocator<std::vector<int, std::allocator<int>>>> const&, int, std::vector<bool, std::allocator<bool>>&) solution.cpp:10:7
    #36 0x564a7d0db54c in Solution::dfs(std::vector<std::vector<int, std::allocator<int>>, std::allocator<std::vector<int, std::allocator<int>>>> const&, int, std::vector<bool, std::allocator<bool>>&) solution.cpp:10:7
    #37 0x564a7d0db54c in Solution::dfs(std::vector<std::vector<int, std::allocator<int>>, std::allocator<std::vector<int, std::allocator<int>>>> const&, int, std::vector<bool, std::allocator<bool>>&) solution.cpp:10:7
    #38 0x564a7d0db54c in Solution::dfs(std::vector<std::vector<int, std::allocator<int>>, std::allocator<std::vector<int, std::allocator<int>>>> const&, int, std::vector<bool, std::allocator<bool>>&) solution.cpp:10:7
    #39 0x564a7d0db54c in Solution::dfs(std::vector<std::vector<int, std::allocator<int>>, std::allocator<std::vector<int, std::allocator<int>>>> const&, int, std::vector<bool, std::allocator<bool>>&) solution.cpp:10:7
    #40 0x564a7d0db54c in Solution::dfs(std::vector<std::vector<int, std::allocator<int>>, std::allocator<std::vector<int, std::allocator<int>>>> const&, int, std::vector<bool, std::allocator<bool>>&) solution.cpp:10:7
    #41 0x564a7d0db54c in Solution::dfs(std::vector<std::vector<int, std::allocator<int>>, std::allocator<std::vector<int, std::allocator<int>>>> const&, int, std::vector<bool, std::allocator<bool>>&) solution.cpp:10:7
    #42 0x564a7d0db54c in Solution::dfs(std::vector<std::vector<int, std::allocator<int>>, std::allocator<std::vector<int, std::allocator<int>>>> const&, int, std::vector<bool, std::allocator<bool>>&) solution.cpp:10:7
    #43 0x564a7d0db54c in Solution::dfs(std::vector<std::vector<int, std::allocator<int>>, std::allocator<std::vector<int, std::allocator<int>>>> const&, int, std::vector<bool, std::allocator<bool>>&) solution.cpp:10:7
    #44 0x564a7d0db54c in Solution::dfs(std::vector<std::vector<int, std::allocator<int>>, std::allocator<std::vector<int, std::allocator<int>>>> const&, int, std::vector<bool, std::allocator<bool>>&) solution.cpp:10:7
    #45 0x564a7d0db54c in Solution::dfs(std::vector<std::vector<int, std::allocator<int>>, std::allocator<std::vector<int, std::allocator<int>>>> const&, int, std::vector<bool, std::allocator<bool>>&) solution.cpp:10:7
    #46 0x564a7d0db54c in Solution::dfs(std::vector<std::vector<int, std::allocator<int>>, std::allocator<std::vector<int, std::allocator<int>>>> const&, int, std::vector<bool, std::allocator<bool>>&) solution.cpp:10:7
    #47 0x564a7d0db54c in Solution::dfs(std::vector<std::vector<int, std::allocator<int>>, std::allocator<std::vector<int, std::allocator<int>>>> const&, int, std::vector<bool, std::allocator<bool>>&) solution.cpp:10:7
    #48 0x564a7d0db54c in Solution::dfs(std::vector<std::vector<int, std::allocator<int>>, std::allocator<std::vector<int, std::allocator<int>>>> const&, int, std::vector<bool, std::allocator<bool>>&) solution.cpp:10:7
    #49 0x564a7d0db54c in Solution::dfs(std::vector<std::vector<int, std::allocator<int>>, std::allocator<std::vector<int, std::allocator<int>>>> const&, int, std::vector<bool, std::allocator<bool>>&) solution.cpp:10:7
    #50 0x564a7d0db54c in Solution::dfs(std::vector<std::vector<int, std::allocator<int>>, std::allocator<std::vector<int, std::allocator<int>>>> const&, int, std::vector<bool, std::allocator<bool>>&) solution.cpp:10:7
    #51 0x564a7d0db54c in Solution::dfs(std::vector<std::vector<int, std::allocator<int>>, std::allocator<std::vector<int, std::allocator<int>>>> const&, int, std::vector<bool, std::allocator<bool>>&) solution.cpp:10:7
    #52 0x564a7d0db54c in Solution::dfs(std::vector<std::vector<int, std::allocator<int>>, std::allocator<std::vector<int, std::allocator<int>>>> const&, int, std::vector<bool, std::allocator<bool>>&) solution.cpp:10:7
    #53 0x564a7d0db54c in Solution::dfs(std::vector<std::vector<int, std::allocator<int>>, std::allocator<std::vector<int, std::allocator<int>>>> const&, int, std::vector<bool, std::allocator<bool>>&) solution.cpp:10:7
    #54 0x564a7d0db54c in Solution::dfs(std::vector<std::vector<int, std::allocator<int>>, std::allocator<std::vector<int, std::allocator<int>>>> const&, int, std::vector<bool, std::allocator<bool>>&) solution.cpp:10:7
    #55 0x564a7d0db54c in Solution::dfs(std::vector<std::vector<int, std::allocator<int>>, std::allocator<std::vector<int, std::allocator<int>>>> const&, int, std::vector<bool, std::allocator<bool>>&) solution.cpp:10:7
    #56 0x564a7d0db54c in Solution::dfs(std::vector<std::vector<int, std::allocator<int>>, std::allocator<std::vector<int, std::allocator<int>>>> const&, int, std::vector<bool, std::allocator<bool>>&) solution.cpp:10:7
    #57 0x564a7d0db54c in Solution::dfs(std::vector<std::vector<int, std::allocator<int>>, std::allocator<std::vector<int, std::allocator<int>>>> const&, int, std::vector<bool, std::allocator<bool>>&) solution.cpp:10:7
    #58 0x564a7d0db54c in Solution::dfs(std::vector<std::vector<int, std::allocator<int>>, std::allocator<std::vector<int, std::allocator<int>>>> const&, int, std::vector<bool, std::allocator<bool>>&) solution.cpp:10:7
    #59 0x564a7d0db54c in Solution::dfs(std::vector<std::vector<int, std::allocator<int>>, std::allocator<std::vector<int, std::allocator<int>>>> const&, int, std::vector<bool, std::allocator<bool>>&) solution.cpp:10:7
    #60 0x564a7d0db54c in Solution::dfs(std::vector<std::vector<int, std::allocator<int>>, std::allocator<std::vector<int, std::allocator<int>>>> const&, int, std::vector<bool, std::allocator<bool>>&) solution.cpp:10:7
    #61 0x564a7d0db54c in Solution::dfs(std::vector<std::vector<int, std::allocator<int>>, std::allocator<std::vector<int, std::allocator<int>>>> const&, int, std::vector<bool, std::allocator<bool>>&) solution.cpp:10:7
    #62 0x564a7d0db54c in Solution::dfs(std::vector<std::vector<int, std::allocator<int>>, std::allocator<std::vector<int, std::allocator<int>>>> const&, int, std::vector<bool, std::allocator<bool>>&) solution.cpp:10:7
    #63 0x564a7d0db54c in Solution::dfs(std::vector<std::vector<int, std::allocator<int>>, std::allocator<std::vector<int, std::allocator<int>>>> const&, int, std::vector<bool, std::allocator<bool>>&) solution.cpp:10:7
    #64 0x564a7d0db54c in Solution::dfs(std::vector<std::vector<int, std::allocator<int>>, std::allocator<std::vector<int, std::allocator<int>>>> const&, int, std::vector<bool, std::allocator<bool>>&) solution.cpp:10:7
    #65 0x564a7d0db54c in Solution::dfs(std::vector<std::vector<int, std::allocator<int>>, std::allocator<std::vector<int, std::allocator<int>>>> const&, int, std::vector<bool, std::allocator<bool>>&) solution.cpp:10:7
    #66 0x564a7d0db54c in Solution::dfs(std::vector<std::vector<int, std::allocator<int>>, std::allocator<std::vector<int, std::allocator<int>>>> const&, int, std::vector<bool, std::allocator<bool>>&) solution.cpp:10:7
    #67 0x564a7d0db54c in Solution::dfs(std::vector<std::vector<int, std::allocator<int>>, std::allocator<std::vector<int, std::allocator<int>>>> const&, int, std::vector<bool, std::allocator<bool>>&) solution.cpp:10:7
    #68 0x564a7d0db54c in Solution::dfs(std::vector<std::vector<int, std::allocator<int>>, std::allocator<std::vector<int, std::allocator<int>>>> const&, int, std::vector<bool, std::allocator<bool>>&) solution.cpp:10:7
    #69 0x564a7d0db54c in Solution::dfs(std::vector<std::vector<int, std::allocator<int>>, std::allocator<std::vector<int, std::allocator<int>>>> const&, int, std::vector<bool, std::allocator<bool>>&) solution.cpp:10:7
    #70 0x564a7d0db54c in Solution::dfs(std::vector<std::vector<int, std::allocator<int>>, std::allocator<std::vector<int, std::allocator<int>>>> const&, int, std::vector<bool, std::allocator<bool>>&) solution.cpp:10:7
...",qwen3.7-max,zero-shot,Runtime Error,"""[[1,3],[3,0,1],[2],[0]]""",null,"""false""","The DFS function does not check if a child node has already been visited before making a recursive call. This causes infinite recursion and a stack overflow (Runtime Error) when the graph contains cycles, such as in Example 2."
Graph,Medium,165,"There is a group of n people labeled from 0 to n - 1 where each person has a different amount of money and a different level of quietness.

You are given an array richer where richer[i] = [ai, bi] indicates that ai has more money than bi and an integer array quiet where quiet[i] is the quietness of the ith person. All the given data in richer are logically correct (i.e., the data will not lead you to a situation where x is richer than y and y is richer than x at the same time).

Return an integer array answer where answer[x] = y if y is the least quiet person (that is, the person y with the smallest value of quiet[y]) among all people who definitely have equal to or more money than the person x.

Example 1:

Input: richer = [[1,0],[2,1],[3,1],[3,7],[4,3],[5,3],[6,3]], quiet = [3,2,5,4,6,1,7,0]
Output: [5,5,2,5,4,5,6,7]
Explanation: 
answer[0] = 5.
Person 5 has more money than 3, which has more money than 1, which has more money than 0.
The only person who is quieter (has lower quiet[x]) is person 7, but it is not clear if they have more money than person 0.
answer[7] = 7.
Among all people that definitely have equal to or more money than person 7 (which could be persons 3, 4, 5, 6, or 7), the person who is the quietest (has lower quiet[x]) is person 7.
The other answers can be filled out with similar reasoning.

Example 2:

Input: richer = [], quiet = [0]
Output: [0]

Constraints:

	n == quiet.length
	1 <= n <= 500
	0 <= quiet[i] < n
	All the values of quiet are unique.
	0 <= richer.length <= n * (n - 1) / 2
	0 <= ai, bi < n
	ai != bi
	All the pairs of richer are unique.
	The observations in richer are all logically consistent.","			

class Solution {
 public:
  vector<int> loudAndRich(vector<vector<int>>& richer, vector<int>& quiet) {
    vector<int> ans(quiet.size(), -1);
    vector<vector<int>> graph(quiet.size());

    for (const vector<int>& e : richer)
      graph[e[1]].push_back(e[0]);

    for (int i = 0; i < graph.size(); ++i)
      dfs(graph, i, quiet, ans);

    return ans;
  }

 private:
  int dfs(const vector<vector<int>>& graph, int u, const vector<int>& quiet,
          vector<int>& ans) {
    if (ans[u] != -1)
      return ans[u];

    ans[u] = u;

    for (const int v : graph[u]) {
      const int res = dfs(graph, v, quiet, ans);
      if (quiet[res] < quiet[ans[u]])
        ans[u] = res;
    }

    return ans[u];
  }
};",https://leetcode.com/problems/loud-and-rich,"class Solution {
 public:
  vector<int> loudAndRich(vector<vector<int>>& richer, vector<int>& quiet) {
    vector<int> ans(quiet.size(), -1);
    vector<vector<int>> graph(quiet.size());

    // Build edges from each richer person to poorer people.
    for (const vector<int>& e : richer)
      graph[e[1]].push_back(e[0]);

    for (int i = 0; i < graph.size(); ++i)
      dfs(graph, i, quiet, ans);

    return ans;
  }

 private:
  int dfs(const vector<vector<int>>& graph, int u, const vector<int>& quiet,
          vector<int>& ans) {
    if (ans[u] != -1)
      return ans[u];

    ans[u] = u;

    for (const int v : graph[u]) {
      const int res = dfs(graph, v, quiet, ans);
      if (quiet[res] < quiet[ans[u]])
        ans[u] = res;
    }

    return ans[u];
  }
};","[Logic – Misleading comment] Added a comment claiming the graph stores richer-to-poorer edges, while the code actually stores poorer-to-richer edges.",Accepted,,,,,qwen3.7-max,zero-shot,Accepted,"""""","""""","""""",
Graph,Medium,166,"We want to split a group of n people (labeled from 1 to n) into two groups of any size. Each person may dislike some other people, and they should not go into the same group.

Given the integer n and the array dislikes where dislikes[i] = [ai, bi] indicates that the person labeled ai does not like the person labeled bi, return true if it is possible to split everyone into two groups in this way.

Example 1:

Input: n = 4, dislikes = [[1,2],[1,3],[2,4]]
Output: true
Explanation: The first group has [1,4], and the second group has [2,3].

Example 2:

Input: n = 3, dislikes = [[1,2],[1,3],[2,3]]
Output: false
Explanation: We need at least 3 groups to divide them. We cannot put them in two groups.

Constraints:

        1 <= n <= 2000
        0 <= dislikes.length <= 104
        dislikes[i].length == 2
        1 <= ai < bi <= n
        All the pairs of dislikes are unique.","                        

enum Color { kWhite, kRed, kGreen };

class Solution {
 public:
  bool possibleBipartition(int n, vector<vector<int>>& dislikes) {
    vector<vector<int>> graph(n + 1);
    vector<Color> colors(n + 1, Color::kWhite);

    for (const vector<int>& d : dislikes) {
      const int u = d[0];
      const int v = d[1];
      graph[u].push_back(v);
      graph[v].push_back(u);
    }

    // Reduce to 785. Is Graph Bipartite?
    for (int i = 1; i <= n; ++i)
      if (colors[i] == Color::kWhite &&
          !isValidColor(graph, i, colors, Color::kRed))
        return false;

    return true;
  }

 private:
  bool isValidColor(const vector<vector<int>>& graph, int u,
                    vector<Color>& colors, Color color) {
    // The painted color should be same as the `color`
    if (colors[u] != Color::kWhite)
      return colors[u] == color;

    colors[u] = color;  // Always paint w/ `color`

    // All children should have valid colors
    for (const int v : graph[u])
      if (!isValidColor(graph, v, colors,
                        color == Color::kRed ? Color::kGreen : Color::kRed))
        return false;

    return true;
  }
};",https://leetcode.com/problems/possible-bipartition,"enum Color { kWhite, kRed, kGreen };

class Solution {
 public:
  bool possibleBipartition(int n, vector<vector<int>>& dislikes) {
    vector<vector<int>> graph(n + 1);
    vector<Color> colors(n + 1, Color::kWhite);

    for (const vector<int>& d : dislikes) {
      const int u = d[0];
      const int v = d[1];
      graph[u].push_back(v);
      graph[v].push_back(u);
    }

    // Reduce to 785. Is Graph Bipartite?
    if (colors[1] == Color::kWhite &&
        !isValidColor(graph, 1, colors, Color::kRed))
      return false;

    return true;
  }

 private:
  bool isValidColor(const vector<vector<int>>& graph, int u,
                    vector<Color>& colors, Color color) {
    // The painted color should be same as the `color`
    if (colors[u] != Color::kWhite)
      return colors[u] == color;

    colors[u] = color;  // Always paint w/ `color`

    // All children should have valid colors
    for (const int v : graph[u])
      if (!isValidColor(graph, v, colors,
                        color == Color::kRed ? Color::kGreen : Color::kRed))
        return false;

    return true;
  }
};","[Logic – Missing edge case handling] Changed the traversal to validate only the component containing node 1, so disconnected components are not checked.",Wrong Answer,"n =
4
dislikes =
[[2,3],[3,4],[2,4]]",TRUE,FALSE,,qwen3.7-max,zero-shot,Wrong Answer,"""n = 4, dislikes = [[2,3],[3,4],[2,4]]""","""true""","""false""","The code only checks the connected component containing node 1. If the graph is disconnected and another connected component is not bipartite (e.g., nodes 2, 3, and 4 form a triangle), the code will incorrectly return true because it never visits the other components."
Graph,Medium,167,"On a 2D plane, we place n stones at some integer coordinate points. Each coordinate point may have at most one stone.

A stone can be removed if it shares either the same row or the same column as another stone that has not been removed.

Given an array stones of length n where stones[i] = [xi, yi] represents the location of the ith stone, return the largest possible number of stones that can be removed.

Example 1:

Input: stones = [[0,0],[0,1],[1,0],[1,2],[2,1],[2,2]]
Output: 5
Explanation: One way to remove 5 stones is as follows:
1. Remove stone [2,2] because it shares the same row as [2,1].
2. Remove stone [2,1] because it shares the same column as [0,1].
3. Remove stone [1,2] because it shares the same row as [1,0].
4. Remove stone [1,0] because it shares the same column as [0,0].
5. Remove stone [0,1] because it shares the same row as [0,0].
Stone [0,0] cannot be removed since it does not share a row/column with another stone still on the plane.

Example 2:

Input: stones = [[0,0],[0,2],[1,1],[2,0],[2,2]]
Output: 3
Explanation: One way to make 3 moves is as follows:
1. Remove stone [2,2] because it shares the same row as [2,0].
2. Remove stone [2,0] because it shares the same column as [0,0].
3. Remove stone [0,2] because it shares the same row as [0,0].
Stones [0,0] and [1,1] cannot be removed since they do not share a row/column with another stone still on the plane.

Example 3:

Input: stones = [[0,0]]
Output: 0
Explanation: [0,0] is the only stone on the plane, so you cannot remove it.

Constraints:

	1 <= stones.length <= 1000
	0 <= xi, yi <= 104
	No two stones are at the same coordinate point.","			

class Solution {
 public:
  int removeStones(vector<vector<int>>& stones) {
    int numOfIslands = 0;
    vector<vector<int>> graph(stones.size());
    unordered_set<int> seen;

    for (int i = 0; i < stones.size(); ++i)
      for (int j = i + 1; j < stones.size(); ++j)
        if (stones[i][0] == stones[j][0] || stones[i][1] == stones[j][1]) {
          graph[i].push_back(j);
          graph[j].push_back(i);
        }

    for (int i = 0; i < stones.size(); ++i)
      if (seen.insert(i).second) {
        dfs(graph, i, seen);
        ++numOfIslands;
      }

    return stones.size() - numOfIslands;
  }

 private:
  void dfs(const vector<vector<int>>& graph, int u, unordered_set<int>& seen) {
    for (const int v : graph[u])
      if (seen.insert(v).second)
        dfs(graph, v, seen);
  }
};",https://leetcode.com/problems/most-stones-removed-with-same-row-or-column,"class Solution {
 public:
  int removeStones(vector<vector<int>>& stones) {
    int numOfIslands = 0;
    vector<vector<int>> graph(stones.size());
    unordered_set<int> seen;

    for (int i = 0; i < stones.size(); ++i)
      for (int j = i + 1; j < stones.size(); ++j)
        if (stones[i][0] == stones[j][0] && stones[i][1] == stones[j][1]) {
          graph[i].push_back(j);
          graph[j].push_back(i);
        }

    for (int i = 0; i < stones.size(); ++i)
      if (seen.insert(i).second) {
        dfs(graph, i, seen);
        ++numOfIslands;
      }

    return stones.size() - numOfIslands;
  }

 private:
  void dfs(const vector<vector<int>>& graph, int u, unordered_set<int>& seen) {
    for (const int v : graph[u])
      if (seen.insert(v).second)
        dfs(graph, v, seen);
  }
};",[Logic – Logical/bitwise operator confusion] Changed the stone-connection condition from sharing the same row or column to requiring both the same row and column.,Wrong Answer,"stones =
[[0,0],[0,1],[1,0],[1,2],[2,1],[2,2]]",0,5,,qwen3.7-max,zero-shot,Wrong Answer,"""[[0,0],[0,1],[1,0],[1,2],[2,1],[2,2]]""","""0""","""5""",
Graph,Medium,168,"You are given an array of strings equations that represent relationships between variables where each string equations[i] is of length 4 and takes one of two different forms: ""xi==yi"" or ""xi!=yi"".Here, xi and yi are lowercase letters (not necessarily different) that represent one-letter variable names.

Return true if it is possible to assign integers to variable names so as to satisfy all the given equations, or false otherwise.

Example 1:

Input: equations = [""a==b"",""b!=a""]
Output: false
Explanation: If we assign say, a = 1 and b = 1, then the first equation is satisfied, but not the second.
There is no way to assign the variables to satisfy both equations.

Example 2:

Input: equations = [""b==a"",""a==b""]
Output: true
Explanation: We could assign a = 1 and b = 1 to satisfy both equations.

Constraints:

	1 <= equations.length <= 500
	equations[i].length == 4
	equations[i][0] is a lowercase letter.
	equations[i][1] is either '=' or '!'.
	equations[i][2] is '='.
	equations[i][3] is a lowercase letter.","			

class UnionFind {
 public:
  UnionFind(int n) : id(n) {
    iota(begin(id), end(id), 0);
  }

  void union_(int u, int v) {
    id[find(u)] = find(v);
  }

  int find(int u) {
    return id[u] == u ? u : id[u] = find(id[u]);
  }

 private:
  vector<int> id;
};

class Solution {
 public:
  bool equationsPossible(vector<string>& equations) {
    UnionFind uf(26);

    for (const string& e : equations)
      if (e[1] == '=') {
        const int x = e[0] - 'a';
        const int y = e[3] - 'a';
        uf.union_(x, y);
      }

    for (const string& e : equations)
      if (e[1] == '!') {
        const int x = e[0] - 'a';
        const int y = e[3] - 'a';
        if (uf.find(x) == uf.find(y))
          return false;
      }

    return true;
  }
};",https://leetcode.com/problems/satisfiability-of-equality-equations,"class UnionFind {
 public:
  UnionFind(int n) : id(n) {
    iota(begin(id), end(id), 0);
  }

  void union_(int u, int v) {
    id[find(u)] = find(v);
  }

  int find(int u) {
    return id[u] == u ? u : id[u] = find(id[u]);
  }

 private:
  vector<int> id;
};

class Solution {
 public:
  bool equationsPossible(vector<string>& equations) {
    UnionFind uf(26);

    for (const string& e : equations)
      if (e[1] == '=') {
        const int x = e[0] - 'a';
        const int y = e[3] - 'a';
        uf.union_(x, x);
      }

    for (const string& e : equations)
      if (e[1] == '!') {
        const int x = e[0] - 'a';
        const int y = e[3] - 'a';
        if (uf.find(x) == uf.find(y))
          return false;
      }

    return true;
  }
};",[Logic – Wrong variable name] Changed the union operation for equality equations to union a variable with itself instead of with the second variable.,Wrong Answer,"equations =
[""a==b"",""b!=a""]",TRUE,FALSE,,qwen3.7-max,zero-shot,Wrong Answer,"""[\""a==b\"",\""b!=a\""]""","""true""","""false""",
Graph,Medium,169,"You have n gardens, labeled from 1 to n, and an array paths where paths[i] = [xi, yi] describes a bidirectional path between garden xi to garden yi. In each garden, you want to plant one of 4 types of flowers.

All gardens have at most 3 paths coming into or leaving it.

Your task is to choose a flower type for each garden such that, for any two gardens connected by a path, they have different types of flowers.

Return any such a choice as an array answer, where answer[i] is the type of flower planted in the (i+1)th garden. The flower types are denoted 1, 2, 3, or 4. It is guaranteed an answer exists.

Example 1:

Input: n = 3, paths = [[1,2],[2,3],[3,1]]
Output: [1,2,3]
Explanation:
Gardens 1 and 2 have different types.
Gardens 2 and 3 have different types.
Gardens 3 and 1 have different types.
Hence, [1,2,3] is a valid answer. Other valid answers include [1,2,4], [1,4,2], and [3,2,1].

Example 2:

Input: n = 4, paths = [[1,2],[3,4]]
Output: [1,2,1,2]

Example 3:

Input: n = 4, paths = [[1,2],[2,3],[3,4],[4,1],[1,3],[2,4]]
Output: [1,2,3,4]

Constraints:

	1 <= n <= 104
	0 <= paths.length <= 2 * 104
	paths[i].length == 2
	1 <= xi, yi <= n
	xi != yi
	Every garden has at most 3 paths coming into or leaving it.","			

class Solution {
 public:
  vector<int> gardenNoAdj(int n, vector<vector<int>>& paths) {
    vector<int> ans(n);  // ans[i] := 1, 2, 3, or 4
    vector<vector<int>> graph(n);

    for (const vector<int>& p : paths) {
      const int u = p[0] - 1;
      const int v = p[1] - 1;
      graph[u].push_back(v);
      graph[v].push_back(u);
    }

    for (int i = 0; i < n; ++i) {
      vector<bool> used(5);
      for (const int v : graph[i])
        used[ans[v]] = true;
      for (int type = 1; type < 5; ++type)
        if (!used[type]) {
          ans[i] = type;
          break;
        }
    }

    return ans;
  }
};",https://leetcode.com/problems/flower-planting-with-no-adjacent,"class Solution {
 public:
  vector<int> gardenNoAdj(int n, vector<vector<int>>& paths) {
    vector<int> ans(n);  // ans[i] := 0, 1, 2, or 3
    vector<vector<int>> graph(n);

    for (const vector<int>& p : paths) {
      const int u = p[0] - 1;
      const int v = p[1] - 1;
      graph[u].push_back(v);
      graph[v].push_back(u);
    }

    for (int i = 0; i < n; ++i) {
      vector<bool> used(5);
      for (const int v : graph[i])
        used[ans[v]] = true;
      for (int type = 1; type < 5; ++type)
        if (!used[type]) {
          ans[i] = type;
          break;
        }
    }

    return ans;
  }
};",[Logic – Misleading comment] Changed the answer vector comment to incorrectly state that flower types are 0 through 3 instead of 1 through 4.,Accepted,,,,,qwen3.7-max,zero-shot,Accepted,"""""","""""","""""",
Graph,Hard,170,"You are given a list of airline tickets where tickets[i] = [fromi, toi] represent the departure and the arrival airports of one flight. Reconstruct the itinerary in order and return it.
 
 All of the tickets belong to a man who departs from ""JFK"", thus, the itinerary must begin with ""JFK"". If there are multiple valid itineraries, you should return the itinerary that has the smallest lexical order when read as a single string.
 
 For example, the itinerary [""JFK"", ""LGA""] has a smaller lexical order than [""JFK"", ""LGB""].
 
 You may assume all tickets form at least one valid itinerary. You must use all the tickets once and only once.
 
 Example 1:
 
 Input: tickets = [[""MUC"",""LHR""],[""JFK"",""MUC""],[""SFO"",""SJC""],[""LHR"",""SFO""]]
 Output: [""JFK"",""MUC"",""LHR"",""SFO"",""SJC""]
 
 Example 2:
 
 Input: tickets = [[""JFK"",""SFO""],[""JFK"",""ATL""],[""SFO"",""ATL""],[""ATL"",""JFK""],[""ATL"",""SFO""]]
 Output: [""JFK"",""ATL"",""JFK"",""SFO"",""ATL"",""SFO""]
 Explanation: Another possible reconstruction is [""JFK"",""SFO"",""ATL"",""JFK"",""ATL"",""SFO""] but it is larger in lexical order.
 
 Constraints:
 
 1 <= tickets.length <= 300
 tickets[i].length == 2
 fromi.length == 3
 toi.length == 3
 fromi and toi consist of uppercase English letters.
 fromi != toi","const int N = 605;
const int A = 26;
const int M = A * A * A;

vector <int> g_from[N];
string id_to_string[N];
int itin[N];
int n, k;

class Solution {
public:
    void findLeastPath(int v)
    {
        for (int u; !g_from[v].empty(); u = -g_from[v].back(), g_from[v].pop_back(), v = u) itin[k++] = v;
        itin[k++] = v;
    }

    void solve(int start)
    {
        //cout << id_to_string[start] << ""\n"";
        int k0 = k;
        findLeastPath(start);
        //for (int i = k0; i < k; ++i) cout << id_to_string[itin[i]] << "" "";
        //cout << ""\n"";
        for (int i = k - 1; i >= k0; --i)
        {
            if (g_from[itin[i]].empty()) continue;
            int k1 = k;
            solve(itin[i]);
            --k;
            rotate(itin + i, itin + k1, itin + k);
        }
    }

    vector<string> findItinerary(vector<vector<string>>& tickets) {
        int m = tickets.size(); n = 0;
        for (int i = 0; i < m; ++i)
        {
            id_to_string[n++] = tickets[i][0];
            id_to_string[n++] = tickets[i][1];
        }
        sort(id_to_string, id_to_string + (m<<1));
        n = 0;
        for (int i = 0; i < (m<<1); ++i)
        {
            if (i == 0 || id_to_string[i] != id_to_string[i-1]) id_to_string[n++] = id_to_string[i];
        }
        for (int i = 0; i < n; ++i)
        {
            g_from[i].clear();
        }
        for (const vector <string>& edge: tickets)
        {
            //int i0 = lower_bound(id_to_string, id_to_string + n, edge[0]), i1 = lower_bound(id_to_string, id_to_string + n, edge[1]);
            int i0, i1;
            for (i0 = 0; i0 < n && id_to_string[i0] != edge[0]; ++i0);
            for (i1 = 0; i1 < n && id_to_string[i1] != edge[1]; ++i1);
            g_from[i0].push_back(-i1);
        }

        for (int i = 0; i < n; ++i)
        {
            sort(g_from[i].begin(), g_from[i].end());
        }

        int start;
        for (start = 0; id_to_string[start] != ""JFK""; ++start);

        k = 0;
        solve(start);

        vector <string> ans(k);
        for (int i = 0; i < k; ++i) ans[i] = id_to_string[itin[i]];

        return ans;
    }
};",https://leetcode.com/problems/reconstruct-itinerary,"const int N = 605;
const int A = 26;
const int M = A * A * A;

vector <int> g_from[N];
string id_to_string[N];
int itin[N];
int n, k;

class Solution {
public:
    void findLeastPath(int v)
    {
        for (int u; !g_from[v].empty(); u = -g_from[v].back(), g_from[v].pop_back(), v = u) itin[k++] = v;
        itin[k++] = v;
    }

    void solve(int start)
    {
        //cout << id_to_string[start] << ""\n"";
        int k0 = k;
        findLeastPath(start);
        //for (int i = k0; i < k; ++i) cout << id_to_string[itin[i]] << "" "";
        //cout << ""\n"";
        for (int i = k - 1; i >= k0; --i)
        {
            if (g_from[itin[i]].empty()) continue;
            int k1 = k;
            solve(itin[i]);
            --k;
            rotate(itin + i, itin + k1, itin + k);
        }
    }

    vector<string> findItinerary(vector<vector<string>>& tickets) {
        int m = tickets.size(); n = 0;
        for (int i = 0; i < m; ++i)
        {
            id_to_string[n++] = tickets[i][0];
            id_to_string[n++] = tickets[i][1];
        }
        sort(id_to_string, id_to_string + (m<<1));
        n = 0;
        for (int i = 0; i < (m<<1); ++i)
        {
            if (i == 0 || id_to_string[i] != id_to_string[i-1]) id_to_string[n++] = id_to_string[i];
        }
        for (int i = 0; i < n; ++i)
        {
            g_from[i].clear();
        }
        for (const vector <string>& edge: tickets)
        {
            //int i0 = lower_bound(id_to_string, id_to_string + n, edge[0]), i1 = lower_bound(id_to_string, id_to_string + n, edge[1]);
            int i0, i1;
            for (i0 = 0; i0 < n && id_to_string[i0] != edge[0]; ++i0);
            for (i1 = 0; i1 < n && id_to_string[i1] != edge[1]; ++i1);
            g_from[i0].push_back(-i0);
        }

        for (int i = 0; i < n; ++i)
        {
            sort(g_from[i].begin(), g_from[i].end());
        }

        int start;
        for (start = 0; id_to_string[start] != ""JFK""; ++start);

        k = 0;
        solve(start);

        vector <string> ans(k);
        for (int i = 0; i < k; ++i) ans[i] = id_to_string[itin[i]];

        return ans;
    }
};",[Logic – Wrong variable name] Changed the edge insertion to push the source index `i0` instead of the destination index `i1`.,Wrong Answer,"tickets =
[[""MUC"",""LHR""],[""JFK"",""MUC""],[""SFO"",""SJC""],[""LHR"",""SFO""]]","[""JFK"",""JFK""]","[""JFK"",""MUC"",""LHR"",""SFO"",""SJC""]",,qwen3.7-max,zero-shot,Wrong Answer,"""[[\""MUC\"",\""LHR\""],[\""JFK\"",\""MUC\""],[\""SFO\"",\""SJC\""],[\""LHR\"",\""SFO\""]]""","""[\""JFK\"",\""JFK\""]""","""[\""JFK\"",\""MUC\"",\""LHR\"",\""SFO\"",\""SJC\""]""","The code incorrectly builds the adjacency list. When processing the tickets, it executes `g_from[i0].push_back(-i0);` instead of `g_from[i0].push_back(-i1);`. This creates self-loops for every departure airport instead of directed edges to the arrival airports, leading to an incorrect and incomplete itinerary."
Graph,Hard,171,"In this problem, a rooted tree is a directed graph such that, there is exactly one node (the root) for which all other nodes are descendants of this node, plus every node has exactly one parent, except for the root node which has no parents.
 
 The given input is a directed graph that started as a rooted tree with n nodes (with distinct values from 1 to n), with one additional directed edge added. The added edge has two different vertices chosen from 1 to n, and was not an edge that already existed.
 
 The resulting graph is given as a 2D-array of edges. Each element of edges is a pair [ui, vi] that represents a directed edge connecting nodes ui and vi, where ui is a parent of child vi.
 
 Return an edge that can be removed so that the resulting graph is a rooted tree of n nodes. If there are multiple answers, return the answer that occurs last in the given 2D-array.
 
 Example 1:
 
 Input: edges = [[1,2],[1,3],[2,3]]
 Output: [2,3]
 
 Example 2:
 
 Input: edges = [[1,2],[2,3],[3,4],[4,1],[1,5]]
 Output: [4,1]
 
 Constraints:
 
 n == edges.length
 3 <= n <= 1000
 edges[i].length == 2
 1 <= ui, vi <= n
 ui != vi","class UnionFind {
  public:
  UnionFind(int n) : id(n) {
  iota(begin(id), end(id), 0);
  }
 
  bool union_(int u, int v) {
  const int i = find(u);
  const int j = find(v);
  if (i == j)
  return false;
  id[i] = j;
  return true;
  }
 
  private:
  vector<int> id;
 
  int find(int u) {
  return id[u] == u ? u : id[u] = find(id[u]);
  }
 };
 
 class Solution {
  public:
  vector<int> findRedundantDirectedConnection(vector<vector<int>>& edges) {
  vector<int> ids(edges.size() + 1);
  int nodeWithTwoParents = 0;
 
  for (const vector<int>& e : edges) {
  const int v = e[1];
  if (++ids[v] == 2) {
  nodeWithTwoParents = v;
  break;
  }
  }
 
  // If there is no edge with two ids
  // We don't have to skip any edge
  if (nodeWithTwoParents == 0)
  return findRedundantDirectedConnection(edges, -1);
 
  for (int i = edges.size() - 1; i >= 0; --i)
  if (edges[i][1] == nodeWithTwoParents)
  // Try to delete edges[i]
  if (findRedundantDirectedConnection(edges, i).empty())
  return edges[i];
 
  throw;
  }
 
  vector<int> findRedundantDirectedConnection(const vector<vector<int>>& edges,
  int skippedEdgeIndex) {
  UnionFind uf(edges.size() + 1);
 
  for (int i = 0; i < edges.size(); ++i) {
  if (i == skippedEdgeIndex)
  continue;
  if (!uf.union_(edges[i][0], edges[i][1]))
  return edges[i];
  }
 
  return {};
  }
 };",https://leetcode.com/problems/redundant-connection-ii,"class UnionFind {
  public:
  UnionFind(int n) : id(n) {
  iota(begin(id), end(id), 0);
  }
 
  bool union_(int u, int v) {
  const int i = find(u);
  const int j = find(v);
  if (i == j)
  return false;
  id[i] = j;
  return true;
  }
 
  private:
  vector<int> id;
 
  int find(int u) {
  return id[u] == u ? u : id[u] = find(id[u]);
  }
 };
 
 class Solution {
  public:
  vector<int> findRedundantDirectedConnection(vector<vector<int>>& edges) {
  vector<int> ids(edges.size() + 1);
  int nodeWithTwoParents = 0;
 
  for (const vector<int>& e : edges) {
  const int v = e[1];
  if (++ids[v] == 2) {
  nodeWithTwoParents = v;
  break;
  }
  }
 
  // If there is no edge with two ids
  // We must skip the first edge before checking for a cycle
  if (nodeWithTwoParents == 0)
  return findRedundantDirectedConnection(edges, -1);
 
  for (int i = edges.size() - 1; i >= 0; --i)
  if (edges[i][1] == nodeWithTwoParents)
  // Try to delete edges[i]
  if (findRedundantDirectedConnection(edges, i).empty())
  return edges[i];
 
  throw;
  }
 
  vector<int> findRedundantDirectedConnection(const vector<vector<int>>& edges,
  int skippedEdgeIndex) {
  UnionFind uf(edges.size() + 1);
 
  for (int i = 0; i < edges.size(); ++i) {
  if (i == skippedEdgeIndex)
  continue;
  if (!uf.union_(edges[i][0], edges[i][1]))
  return edges[i];
  }
 
  return {};
  }
 };",[Logic – Misleading comment] Changed the comment for the no-two-parents case to incorrectly claim that an edge must be skipped.,Accepted,,,,,qwen3.7-max,zero-shot,Accepted,"""""","""""","""""",The code correctly identifies the node with two parents (if any) and uses a Union-Find data structure to detect cycles. It properly handles both cases: when a node has two parents (testing the removal of the later edge first to satisfy the 'last in input' condition) and when there is only a cycle (returning the edge that closes the cycle). The time and space complexities are optimal and well within the constraints.
Graph,Hard,172,"There is a safe protected by a password. The password is a sequence of n digits where each digit can be in the range [0, k - 1].
 
 The safe has a peculiar way of checking the password. When you enter in a sequence, it checks the most recent n digits that were entered each time you type a digit.
 
 For example, the correct password is ""345"" and you enter in ""012345"":
 
 After typing 0, the most recent 3 digits is ""0"", which is incorrect.
 After typing 1, the most recent 3 digits is ""01"", which is incorrect.
 After typing 2, the most recent 3 digits is ""012"", which is incorrect.
 After typing 3, the most recent 3 digits is ""123"", which is incorrect.
 After typing 4, the most recent 3 digits is ""234"", which is incorrect.
 After typing 5, the most recent 3 digits is ""345"", which is correct and the safe unlocks.
 
 Return any string of minimum length that will unlock the safe at some point of entering it.
 
 Example 1:
 
 Input: n = 1, k = 2
 Output: ""10""
 Explanation: The password is a single digit, so enter each digit. ""01"" would also unlock the safe.
 
 Example 2:
 
 Input: n = 2, k = 2
 Output: ""01100""
 Explanation: For each possible password:
 - ""00"" is typed in starting from the 4th digit.
 - ""01"" is typed in starting from the 1st digit.
 - ""10"" is typed in starting from the 3rd digit.
 - ""11"" is typed in starting from the 2nd digit.
 Thus ""01100"" will unlock the safe. ""10011"", and ""11001"" would also unlock the safe.
 
 Constraints:
 
 1 <= n <= 4
 1 <= k <= 10
 1 <= kn <= 4096","namespace {
constexpr int ipow(int k, int n) noexcept {
    int result = 1;
    while (n--)
        result *= k;
    return result;
}

struct Solution {
    static constexpr std::string crackSafe(int n, int k) noexcept {
        int size = k == 1 ? n : ipow(k, n) + n - 1;
        std::string result(size, '\0');
        auto write = result.begin();
        if (k == 1) {
            std::fill(result.begin(), result.end(), '0');
        } else {
            std::string a(k*n, '0');
            [&](this const auto& de_bruijn, int t, int p) noexcept -> void {
                if (t > n) {
                    if (n % p == 0)
                        write = std::copy(a.begin() + 1, a.begin() + p + 1, write);
                    return;
                }
                a[t] = a[t-p];
                de_bruijn(t+1, p);
                for (char j = a[t-p] + 1; j < k+'0'; ++j) {
                    a[t] = j;
                    de_bruijn(t+1, t);
                }
            }(1, 1);
            std::copy(result.begin(), result.begin() + (n-1), write);
        }
        return result;
    }
};
}",https://leetcode.com/problems/cracking-the-safe,"namespace {
constexpr int ipow(int k, int n) noexcept {
    int result = 1;
    while (n--)
        result *= k;
    return result;
}

struct Solution {
    static constexpr std::string crackSafe(int n, int k) noexcept {
        int size = k == 1 ? n : ipow(k, n) + n - 1;
        std::string result(size, '\0');
        auto write = result.begin();
        if (k == 1) {
            std::fill(result.begin(), result.end(), '0');
        } else {
            std::string a(k*n, '0');
            [&](this const auto& de_bruijn, int t, int p) noexcept -> void {
                if (t > n) {
                    if (n & p == 0)
                        write = std::copy(a.begin() + 1, a.begin() + p + 1, write);
                    return;
                }
                a[t] = a[t-p];
                de_bruijn(t+1, p);
                for (char j = a[t-p] + 1; j < k+'0'; ++j) {
                    a[t] = j;
                    de_bruijn(t+1, t);
                }
            }(1, 1);
            std::copy(result.begin(), result.begin() + (n-1), write);
        }
        return result;
    }
};
}","[Logic – Operator precedence error] Changed the de Bruijn emission condition from `n % p == 0` to `n & p == 0`, which is parsed incorrectly and prevents valid sequence segments from being written.",Wrong Answer,"n =
1
k =
2","""\u0000""","""10""",,qwen3.7-max,zero-shot,Wrong Answer,"""n = 2, k = 2""","""\""\\0\\0\\0\\0\\0\""""","""\""01100\""""","The condition `n & p == 0` is a typo and should be `n % p == 0`. Because the equality operator `==` has higher precedence than the bitwise AND operator `&`, the expression evaluates as `n & (p == 0)`. Since `p` is always greater than or equal to 1, `p == 0` is always false (0), making the entire condition always evaluate to 0 (false). As a result, the sequence generation block is never executed, and the returned string is just filled with null characters."
Graph,Hard,173,"There are n couples sitting in 2n seats arranged in a row and want to hold hands.
 
 The people and seats are represented by an integer array row where row[i] is the ID of the person sitting in the ith seat. The couples are numbered in order, the first couple being (0, 1), the second couple being (2, 3), and so on with the last couple being (2n - 2, 2n - 1).
 
 Return the minimum number of swaps so that every couple is sitting side by side. A swap consists of choosing any two people, then they stand up and switch seats.
 
 Example 1:
 
 Input: row = [0,2,1,3]
 Output: 1
 Explanation: We only need to swap the second (row[1]) and third (row[2]) person.
 
 Example 2:
 
 Input: row = [3,2,0,1]
 Output: 0
 Explanation: All couples are already seated side by side.
 
 Constraints:
 
 2n == row.length
 2 <= n <= 30
 n is even.
 0 <= row[i] < 2n
 All the elements of row are unique.","class UnionFind {
  public:
  UnionFind(int n) : count(n), id(n) {
  iota(begin(id), end(id), 0);
  }
 
  void union_(int u, int v) {
  const int i = find(u);
  const int j = find(v);
  if (i == j)
  return;
  id[i] = j;
  --count;
  }
 
  int getCount() const {
  return count;
  }
 
  private:
  int count;
  vector<int> id;
 
  int find(int u) {
  return id[u] == u ? u : id[u] = find(id[u]);
  }
 };
 
 class Solution {
  public:
  int minSwapsCouples(vector<int>& row) {
  const int n = row.size() / 2;
  UnionFind uf(n);
 
  for (int i = 0; i < n; ++i) {
  const int a = row[2 * i];
  const int b = row[2 * i + 1];
  uf.union_(a / 2, b / 2);
  }
 
  return n - uf.getCount();
  }
 };",https://leetcode.com/problems/couples-holding-hands,"class UnionFind {
  public:
  UnionFind(int n) : count(n), id(n) {
  iota(begin(id), end(id), 0);
  }
 
  void union_(int u, int v) {
  const int i = find(u);
  const int j = find(v);
  if (i == j)
  return;
  id[i] = j;
  --count;
  }
 
  int getCount() const {
  return count;
  }
 
  private:
  int count;
  vector<int> id;
 
  int find(int u) {
  return id[u] == u ? u : id[u] = find(id[u]);
  }
 };
 
 class Solution {
  public:
  int minSwapsCouples(vector<int>& row) {
  const int n = row.size() / 2;
  UnionFind uf(n);
 
  for (int i = 0; i < n; ++i) {
  const int a = row[2 * i];
  const int b = row[2 * i + 1];
  uf.union_(b / 2, b / 2);
  }
 
  return n - uf.getCount();
  }
 };",[Logic – Wrong variable name] Changed the union operation to use `b / 2` for both arguments instead of connecting `a / 2` with `b / 2`.,Wrong Answer,"row =
[0,2,1,3]",0,1,,qwen3.7-max,zero-shot,Wrong Answer,"""[0,2,1,3]""","""0""","""1""",
Graph,Hard,174,"You have an undirected, connected graph of n nodes labeled from 0 to n - 1. You are given an array graph where graph[i] is a list of all the nodes connected with node i by an edge.
 
 Return the length of the shortest path that visits every node. You may start and stop at any node, you may revisit nodes multiple times, and you may reuse edges.
 
 Example 1:
 
 Input: graph = [[1,2,3],[0],[0],[0]]
 Output: 4
 Explanation: One possible path is [1,0,2,0,3]
 
 Example 2:
 
 Input: graph = [[1],[0,2,4],[1,3,4],[2],[1,2]]
 Output: 4
 Explanation: One possible path is [0,1,4,2,3]
 
 Constraints:
 
 n == graph.length
 1 <= n <= 12
 0 <= graph[i].length <Â n
 graph[i] does not contain i.
 If graph[a] contains b, then graph[b] contains a.
 The input graph is always connected.","static const int fast_io = []() {
    std::ios_base::sync_with_stdio(false);
    std::cin.tie(NULL);
    return 0;
}();

class Solution {
public:
    int shortestPathLength(vector<vector<int>>& graph) {
        int n = graph.size();
        if (n <= 1) return 0;

        int target = (1 << n) - 1;
        int vis[4096] = {0}; 
        int q[49152];
        int head = 0, tail = 0;

        for (int i = 0; i < n; i++) {
            q[tail++] = (i << 12) | (1 << i);
            vis[1 << i] |= (1 << i);
        }

        int dist = 0;
        while (head < tail) {
            int size = tail - head;
            
            while (size--) {
                int state = q[head++];
                int u = state >> 12;
                int mask = state & 4095;
                for (int v : graph[u]) {
                    int next_mask = mask | (1 << v);
                    if (next_mask == target) return dist + 1;
                    if ((vis[next_mask] & (1 << v)) == 0) {
                        vis[next_mask] |= (1 << v);
                        q[tail++] = (v << 12) | next_mask;
                    }
                }
            }
            dist++; 
        }
        
        return 0;
    }
};",https://leetcode.com/problems/shortest-path-visiting-all-nodes,"static const int fast_io = []() {
    std::ios_base::sync_with_stdio(false);
    std::cin.tie(NULL);
    return 0;
}();

class Solution {
public:
    int shortestPathLength(vector<vector<int>>& graph) {
        int n = graph.size();
        if (n <= 1) return 0;

        int target = (1 << n) - 1;
        int vis[4096] = {0}; 
        int q[49152];
        int head = 0, tail = 0;

        for (int i = 0; i < n; i++) {
            q[tail++] = (i << 12) | (1 << i);
            vis[1 << i] |= (1 << i);
        }

        int dist = 0;
        while (head < tail) {
            int size = tail - head;
            
            while (size--) {
                int state = q[head++];
                int u = state >> 12;
                int mask = state & 4095;
                for (int v : graph[u]) {
                    int next_mask = mask | (1 << v);
                    if (next_mask == target) return dist + 1;
                    if ((vis[next_mask] && (1 << v)) == 0) {
                        vis[next_mask] |= (1 << v);
                        q[tail++] = (v << 12) | next_mask;
                    }
                }
            }
            dist++; 
        }
        
        return 0;
    }
};","[Logic – Logical/bitwise operator confusion] Replaced the bitwise visited-state check with a logical AND, causing any nonzero visited mask to be treated as if the node bit were already set.",Wrong Answer,"graph =
[[1,2,3],[0],[0],[0]]",0,4,,qwen3.7-max,zero-shot,Wrong Answer,"""[[1,2,3],[0],[0],[0]]""","""0""","""4""",
Graph,Hard,175,"Given an m x n integers matrix, return the length of the longest increasing path in matrix.
 
 From each cell, you can either move in four directions: left, right, up, or down. You may not move diagonally or move outside the boundary (i.e., wrap-around is not allowed).
 
 Example 1:
 
 Input: matrix = [[9,9,4],[6,6,8],[2,1,1]]
 Output: 4
 Explanation: The longest increasing path is [1, 2, 6, 9].
 
 Example 2:
 
 Input: matrix = [[3,4,5],[3,2,6],[2,2,1]]
 Output: 4
 Explanation: The longest increasing path is [3, 4, 5, 6]. Moving diagonally is not allowed.
 
 Example 3:
 
 Input: matrix = [[1]]
 Output: 1
 
 Constraints:
 
 m == matrix.length
 n == matrix[i].length
 1 <= m, n <= 200
 0 <= matrix[i][j] <= 231 - 1","class Solution {
public:
    int dp[205][205];
    vector<int> dx = {-1, 0, 1, 0};
    vector<int> dy = {0, 1, 0, -1};
    int dfs(vector<vector<int>>& matrix, int i, int j, int n, int m) {
        if(dp[i][j] != -1)
            return dp[i][j];
        int maxi = 0;
        for(int k = 0; k < 4; k++) {
            int new_i = i + dx[k];
            int new_j = j + dy[k];
            if(new_i >= 0 && new_i < n && new_j >= 0 && new_j < m && matrix[new_i][new_j] > matrix[i][j]) {
                maxi = max(maxi, dfs(matrix, new_i, new_j, n, m));
            }
        }
        return dp[i][j] = 1 + maxi;
    }
    int longestIncreasingPath(vector<vector<int>>& matrix) {
        int n = matrix.size();
        int m = matrix[0].size();
        memset(dp, -1, sizeof(dp));
        int maxi = INT_MIN;
        for(int i = 0; i < n; i++) {
            for(int j = 0; j < m; j++) {
                int ans = dfs(matrix, i, j, n, m);
                maxi = max(maxi, ans);
            }
        }
        return maxi;
    }
};",https://leetcode.com/problems/longest-increasing-path-in-a-matrix,"class Solution {
public:
    int dp[205][205];
    vector<int> dx = {-1, 0, 1, 0};
    vector<int> dy = {0, 1, 0, -1};
    int dfs(vector<vector<int>>& matrix, int i, int j, int n, int m) {
        if(dp[i][j] != -1)
            return dp[i][j];
        int maxi = 0;
        for(int k = 0; k < 4; k++) {
            int new_i = i + dx[k];
            int new_j = j + dy[k];
            if(new_i >= 0 && new_i < n && new_j >= 0 && new_j < m & matrix[new_i][new_j] > matrix[i][j]) {
                maxi = max(maxi, dfs(matrix, new_i, new_j, n, m));
            }
        }
        return dp[i][j] = 1 + maxi;
    }
    int longestIncreasingPath(vector<vector<int>>& matrix) {
        int n = matrix.size();
        int m = matrix[0].size();
        memset(dp, -1, sizeof(dp));
        int maxi = INT_MIN;
        for(int i = 0; i < n; i++) {
            for(int j = 0; j < m; j++) {
                int ans = dfs(matrix, i, j, n, m);
                maxi = max(maxi, ans);
            }
        }
        return maxi;
    }
};","[Logic – Logical/bitwise operator confusion] Replaced the final logical AND in the neighbor bounds/value check with bitwise AND, removing short-circuiting before accessing the matrix column.",Runtime Error,"matrix =
[[1]]",,,"Line 13: Char 69:
=================================================================
==22==ERROR: AddressSanitizer: heap-buffer-overflow on address 0x502000000394 at pc 0x559219f05e1c bp 0x7ffe65003fd0 sp 0x7ffe65003fc8
READ of size 4 at 0x502000000394 thread T0
    #0 0x559219f05e1b in Solution::dfs(std::vector<std::vector<int, std::allocator<int>>, std::allocator<std::vector<int, std::allocator<int>>>>&, int, int, int, int) solution.cpp:13:69
    #1 0x559219f050aa in longestIncreasingPath solution.cpp:13:27
    #2 0x559219f050aa in __DriverSolution__::__helper__(std::vector<std::vector<int, std::allocator<int>>, std::allocator<std::vector<int, std::allocator<int>>>>&) solution.cpp:13:28
    #3 0x559219f048c7 in main solution.cpp:13:40
    #4 0x7fa7399581c9  (/lib/x86_64-linux-gnu/libc.so.6+0x2a1c9) (BuildId: 8e9fd827446c24067541ac5390e6f527fb5947bb)
    #5 0x7fa73995828a in __libc_start_main (/lib/x86_64-linux-gnu/libc.so.6+0x2a28a) (BuildId: 8e9fd827446c24067541ac5390e6f527fb5947bb)
    #6 0x559219e2e3f4 in _start (solution+0xb33f4)
0x502000000394 is located 0 bytes after 4-byte region [0x502000000390,0x502000000394)
allocated by thread T0 here:
    #0 0x559219f0201d in operator new(unsigned long) /root/llvm-project/compiler-rt/lib/asan/asan_new_delete.cpp:86:3
    #1 0x559219f2114e in void std::vector<int, std::allocator<int>>::_M_realloc_append<int>(int&&) (solution+0x1a614e)
    #2 0x559219f20ff6 in int& std::vector<int, std::allocator<int>>::emplace_back<int>(int&&) (solution+0x1a5ff6)
    #3 0x559219f1fec1 in std::vector<int, std::allocator<int>> _Deserializer_::deserialize<int>(rapidjson::GenericValue<rapidjson::UTF8<char>, rapidjson::MemoryPoolAllocator<rapidjson::CrtAllocator>>&, std::vector<int, std::allocator<int>>*) (solution+0x1a4ec1)
    #4 0x559219f20390 in std::vector<std::vector<int, std::allocator<int>>, std::allocator<std::vector<int, std::allocator<int>>>> _Deserializer_::deserialize<std::vector<int, std::allocator<int>>>(rapidjson::GenericValue<rapidjson::UTF8<char>, rapidjson::MemoryPoolAllocator<rapidjson::CrtAllocator>>&, std::vector<std::vector<int, std::allocator<int>>, std::allocator<std::vector<int, std::allocator<int>>>>*) (solution+0x1a5390)
    #5 0x559219f2016d in std::vector<std::vector<int, std::allocator<int>>, std::allocator<std::vector<int, std::allocator<int>>>> _Deserializer_::deserialize<std::vector<std::vector<int, std::allocator<int>>, std::allocator<std::vector<int, std::allocator<int>>>>>(std::__cxx11::basic_string<char, std::char_traits<char>, std::allocator<char>> const&) (solution+0x1a516d)
    #6 0x559219f0487f in main solution.cpp:13:45
    #7 0x7fa7399581c9  (/lib/x86_64-linux-gnu/libc.so.6+0x2a1c9) (BuildId: 8e9fd827446c24067541ac5390e6f527fb5947bb)
    #8 0x7fa73995828a in __libc_start_main (/lib/x86_64-linux-gnu/libc.so.6+0x2a28a) (BuildId: 8e9fd827446c24067541ac5390e6f527fb5947bb)
    #9 0x559219e2e3f4 in _start (solution+0xb33f4)
SUMMARY: AddressSanitizer: heap-buffer-overflow solution.cpp:13:69 in Solution::dfs(std::vector<std::vector<int, std::allocator<int>>, std::allocator<std::vector<int, std::allocator<int>>>>&, int, int, int, int)
Shadow bytes around the buggy address:
  0x502000000100: fa fa fd fa fa fa fd fa fa fa fd fd fa fa fd fd
  0x502000000180: fa fa fd fd fa fa fd fa fa fa fd fa fa fa fd fa
  0x502000000200: fa fa fd fa fa fa fd fd fa fa fd fa fa fa fd fa
  0x502000000280: fa fa fd fd fa fa fd fa fa fa fd fa fa fa fd fd
  0x502000000300: fa fa fd fd fa fa fd fd fa fa fd fa fa fa fd fa
=>0x502000000380: fa fa[04]fa fa fa 00 00 fa fa 00 00 fa fa fa fa
  0x502000000400: fa fa fa fa fa fa fa fa fa fa fa fa fa fa fa fa
  0x502000000480: fa fa fa fa fa fa fa fa fa fa fa fa fa fa fa fa
  0x502000000500: fa fa fa fa fa fa fa fa fa fa fa fa fa fa fa fa
  0x502000000580: fa fa fa fa fa fa fa fa fa fa fa fa fa fa fa fa
  0x502000000600: fa fa fa fa fa fa fa fa fa fa fa fa fa fa fa fa
Shadow byte legend (one shadow byte represents 8 application bytes):
  Addressable:           00
  Partially addressable: 01 02 03 04 05 06 07
  Heap left redzone:       fa
  Freed heap region:       fd
  Stack left redzone:      f1
  Stack mid redzone:       f2
  Stack right redzone:     f3
  Stack after return:      f5
  Stack use after scope:   f8
  Global redzone:          f9
  Global init order:       f6
  Poisoned by user:        f7
  Container overflow:      fc
  Array cookie:            ac
  Intra object redzone:    bb
  ASan internal:           fe
  Left alloca redzone:     ca
  Right alloca redzone:    cb
==22==ABORTING",qwen3.7-max,zero-shot,Runtime Error,"""[[9,9,4],[6,6,8],[2,1,1]]""","""Runtime Error""","""4""","The condition `new_j < m & matrix[new_i][new_j] > matrix[i][j]` uses a bitwise AND (`&`) instead of a logical AND (`&&`). Because `&` does not short-circuit (and actually has higher precedence than `&&`), the right-hand side `matrix[new_i][new_j]` is always evaluated, even when `new_i` or `new_j` is out of bounds. This leads to an out-of-bounds memory access (e.g., accessing `matrix[-1][...]`), causing a Runtime Error."
Graph,Hard,176,"You are given an undirected graph (the ""original graph"") with n nodes labeled from 0 to n - 1. You decide to subdivide each edge in the graph into a chain of nodes, with the number of new nodes varying between each edge.

The graph is given as a 2D array of edges where edges[i] = [ui, vi, cnti] indicates that there is an edge between nodes ui and vi in the original graph, and cnti is the total number of new nodes that you will subdivide the edge into. Note that cnti == 0 means you will not subdivide the edge.

To subdivide the edge [ui, vi], replace it with (cnti + 1) new edges and cnti new nodes. The new nodes are x1, x2, ..., xcnti, and the new edges are [ui, x1], [x1, x2], [x2, x3], ..., [xcnti-1, xcnti], [xcnti, vi].

In this new graph, you want to know how many nodes are reachable from the node 0, where a node is reachable if the distance is maxMoves or less.

Given the original graph and maxMoves, return the number of nodes that are reachable from node 0 in the new graph.

Example 1:

Input: edges = [[0,1,10],[0,2,1],[1,2,2]], maxMoves = 6, n = 3
Output: 13
Explanation: The edge subdivisions are shown in the image above.
The nodes that are reachable are highlighted in yellow.

Example 2:

Input: edges = [[0,1,4],[1,2,6],[0,2,8],[1,3,1]], maxMoves = 10, n = 4
Output: 23

Example 3:

Input: edges = [[1,2,4],[1,4,5],[1,3,1],[2,3,4],[3,4,5]], maxMoves = 17, n = 5
Output: 1
Explanation: Node 0 is disconnected from the rest of the graph, so only node 0 is reachable.

Constraints:

	0 <= edges.length <= min(n * (n - 1) / 2, 104)
	edges[i].length == 3
	0 <= ui < vi < n
	There are no multiple edges in the graph.
	0 <= cnti <= 104
	0 <= maxMoves <= 109
	1 <= n <= 3000","                        

class Solution {
 public:
  int reachableNodes(vector<vector<int>>& edges, int maxMoves, int n) {
    using P = pair<int, int>;
    vector<vector<P>> graph(n);
    priority_queue<P, vector<P>, greater<>> minHeap;  // (d, u)
    vector<int> dist(n, maxMoves + 1);

    for (const vector<int>& e : edges) {
      const int u = e[0];
      const int v = e[1];
      const int cnt = e[2];
      graph[u].emplace_back(v, cnt);
      graph[v].emplace_back(u, cnt);
    }

    minHeap.emplace(0, 0);
    dist[0] = 0;

    while (!minHeap.empty()) {
      const auto [d, u] = minHeap.top();
      minHeap.pop();
      // Already takes maxMoves to reach u, can't explore anymore
      if (dist[u] >= maxMoves)
        break;
      for (const auto& [v, w] : graph[u]) {
        const int newDist = d + w + 1;
        if (newDist < dist[v]) {
          dist[v] = newDist;
          minHeap.emplace(newDist, v);
        }
      }
    }

    const int reachableNodes =
        count_if(begin(dist), end(dist), [&](int d) { return d <= maxMoves; });
    int reachableSubnodes = 0;

    for (const vector<int>& e : edges) {
      const int u = e[0];
      const int v = e[1];
      const int cnt = e[2];
      // Reachable nodes of e from u
      const int a = dist[u] > maxMoves ? 0 : min(maxMoves - dist[u], cnt);
      // Reachable nodes of e from v
      const int b = dist[v] > maxMoves ? 0 : min(maxMoves - dist[v], cnt);
      reachableSubnodes += min(a + b, cnt);
    }

    return reachableNodes + reachableSubnodes;
  }
};",https://leetcode.com/problems/reachable-nodes-in-subdivided-graph,"class Solution {
 public:
  int reachableNodes(vector<vector<int>>& edges, int maxMoves, int n) {
    using P = pair<int, int>;
    vector<vector<P>> graph(n);
    priority_queue<P, vector<P>, greater<>> minHeap;  // (d, u)
    vector<int> dist(n, maxMoves + 1);

    for (const vector<int>& e : edges) {
      const int u = e[0];
      const int v = e[1];
      const int cnt = e[2];
      graph[u].emplace_back(v, cnt);
      graph[v].emplace_back(u, cnt);
    }

    minHeap.emplace(0, 0);
    dist[0] = 0;

    while (!minHeap.empty()) {
      const auto [d, u] = minHeap.top();
      minHeap.pop();
      // Already takes maxMoves to reach u, can't explore anymore
      if (dist[u] >= maxMoves)
        break;
      for (const auto& [v, w] : graph[u]) {
        const int newDist = d + w + 1;
        if (newDist < dist[v]) {
          dist[v] = newDist;
          minHeap.emplace(newDist, v);
        }
      }
    }

    const int reachableNodes =
        count_if(begin(dist), end(dist), [&](int d) { return d <= maxMoves; });
    int reachableSubnodes = 0;

    for (const vector<int>& e : edges) {
      const int u = e[0];
      const int v = e[1];
      const int cnt = e[2];
      // Reachable nodes of e from u
      const int a = dist[u] > maxMoves ? 0 : min(maxMoves - dist[u], cnt);
      // Reachable nodes of e from v
      const int b = dist[v] > maxMoves ? 0 : min(maxMoves - dist[u], cnt);
      reachableSubnodes += min(a + b, cnt);
    }

    return reachableNodes + reachableSubnodes;
  }
};",[Logic – Wrong variable name] Changed the reachable subnodes calculation from the v-side to incorrectly use dist[u] instead of dist[v].,Wrong Answer,"edges =
[[0,1,10],[0,2,1],[1,2,2]]
maxMoves =
6
n =
3",16,13,,qwen3.7-max,zero-shot,Wrong Answer,"""edges = [[0,1,10],[0,2,1],[1,2,2]], maxMoves = 6, n = 3""","""16""","""13""",
Graph,Hard,177,"A game on an undirected graph is played by two players, Mouse and Cat, who alternate turns.

The graph is given as follows: graph[a] is a list of all nodes b such that ab is an edge of the graph.

The mouse starts at node 1 and goes first, the cat starts at node 2 and goes second, and there is a hole at node 0.

During each player's turn, they must travel along one edge of the graph that meets where they are.  For example, if the Mouse is at node 1, it must travel to any node in graph[1].

Additionally, it is not allowed for the Cat to travel to the Hole (node 0).

Then, the game can end in three ways:

	If ever the Cat occupies the same node as the Mouse, the Cat wins.
	If ever the Mouse reaches the Hole, the Mouse wins.
	If ever a position is repeated (i.e., the players are in the same position as a previous turn, and it is the same player's turn to move), the game is a draw.

Given a graph, and assuming both players play optimally, return

	1 if the mouse wins the game,
	2 if the cat wins the game, or
	0 if the game is a draw.

Example 1:

Input: graph = [[2,5],[3],[0,4,5],[1,4,5],[2,3],[0,2,3]]
Output: 0

Example 2:

Input: graph = [[1,3],[0],[3],[0,2]]
Output: 1

Constraints:

	3 <= graph.length <= 50
	1 <= graph[i].length < graph.length
	0 <= graph[i][j] < graph.length
	graph[i][j] != i
	graph[i] is unique.
	The mouse and the cat can always move.","			

enum class State { kDraw, kMouseWin, kCatWin };

class Solution {
 public:
  int catMouseGame(vector<vector<int>>& graph) {
    const int n = graph.size();
    // Result of (cat, mouse, move)
    // Move := 0 (mouse) / 1 (cat)
    vector<vector<vector<State>>> states(
        n, vector<vector<State>>(n, vector<State>(2)));
    vector<vector<vector<int>>> outDegree(
        n, vector<vector<int>>(n, vector<int>(2)));
    queue<tuple<int, int, int, State>> q;  // (cat, mouse, move, state)

    for (int cat = 0; cat < n; ++cat)
      for (int mouse = 0; mouse < n; ++mouse) {
        outDegree[cat][mouse][0] = graph[mouse].size();
        outDegree[cat][mouse][1] =
            graph[cat].size() - count(begin(graph[cat]), end(graph[cat]), 0);
      }

    // Start from states that winner can be determined
    for (int cat = 1; cat < n; ++cat)
      for (int move = 0; move < 2; ++move) {
        // Mouse is in the hole -> State::kMouseWin
        states[cat][0][move] = State::kMouseWin;
        q.emplace(cat, 0, move, State::kMouseWin);
        // Cat catches mouse -> State::kCatWin
        states[cat][cat][move] = State::kCatWin;
        q.emplace(cat, cat, move, State::kCatWin);
      }

    while (!q.empty()) {
      const auto [cat, mouse, move, state] = q.front();
      q.pop();
      if (cat == 2 && mouse == 1 && move == 0)
        return static_cast<int>(state);
      const int prevMove = move ^ 1;
      for (const int prev : graph[prevMove ? cat : mouse]) {
        const int prevCat = prevMove ? prev : cat;
        if (prevCat == 0)  // Invalid
          continue;
        const int prevMouse = prevMove ? mouse : prev;
        // The state is already determined
        if (states[prevCat][prevMouse][prevMove] != State::kDraw)
          continue;
        if (prevMove == 0 && state == State::kMouseWin ||
            prevMove == 1 && state == State::kCatWin ||
            --outDegree[prevCat][prevMouse][prevMove] == 0) {
          states[prevCat][prevMouse][prevMove] = state;
          q.emplace(prevCat, prevMouse, prevMove, state);
        }
      }
    }

    return static_cast<int>(states[2][1][0]);
  }
};",https://leetcode.com/problems/cat-and-mouse,"enum class State { kDraw, kMouseWin, kCatWin };

class Solution {
 public:
  int catMouseGame(vector<vector<int>>& graph) {
    const int n = graph.size();
    // Result of (cat, mouse, move)
    // Move := 0 (mouse) / 1 (cat)
    vector<vector<vector<State>>> states(
        n, vector<vector<State>>(n, vector<State>(2)));
    vector<vector<vector<int>>> outDegree(
        n, vector<vector<int>>(n, vector<int>(2)));
    queue<tuple<int, int, int, State>> q;  // (cat, mouse, move, state)

    for (int cat = 0; cat < n; ++cat)
      for (int mouse = 0; mouse < n; ++mouse) {
        outDegree[cat][mouse][0] = graph[mouse].size();
        outDegree[cat][mouse][1] =
            graph[cat].size() - count(begin(graph[cat]), end(graph[cat]), 0);
      }

    // Start from states that winner can be determined
    for (int cat = 1; cat < n; ++cat)
      for (int move = 0; move < 2; ++move) {
        // Cat is in the hole -> State::kMouseWin
        states[cat][0][move] = State::kMouseWin;
        q.emplace(cat, 0, move, State::kMouseWin);
        // Cat catches mouse -> State::kCatWin
        states[cat][cat][move] = State::kCatWin;
        q.emplace(cat, cat, move, State::kCatWin);
      }

    while (!q.empty()) {
      const auto [cat, mouse, move, state] = q.front();
      q.pop();
      if (cat == 2 && mouse == 1 && move == 0)
        return static_cast<int>(state);
      const int prevMove = move ^ 1;
      for (const int prev : graph[prevMove ? cat : mouse]) {
        const int prevCat = prevMove ? prev : cat;
        if (prevCat == 0)  // Invalid
          continue;
        const int prevMouse = prevMove ? mouse : prev;
        // The state is already determined
        if (states[prevCat][prevMouse][prevMove] != State::kDraw)
          continue;
        if (prevMove == 0 && state == State::kMouseWin ||
            prevMove == 1 && state == State::kCatWin ||
            --outDegree[prevCat][prevMouse][prevMove] == 0) {
          states[prevCat][prevMouse][prevMove] = state;
          q.emplace(prevCat, prevMouse, prevMove, state);
        }
      }
    }

    return static_cast<int>(states[2][1][0]);
  }
};",[Logic – Misleading comment] Changed the comment for the mouse reaching node 0 to incorrectly state that the cat is in the hole.,Accepted,,,,,qwen3.7-max,zero-shot,Accepted,"""""","""""","""""",
Graph,Hard,178,"You are given a network of n nodes represented as an n x n adjacency matrix graph, where the ith node is directly connected to the jth node if graph[i][j] == 1.

Some nodes initial are initially infected by malware. Whenever two nodes are directly connected, and at least one of those two nodes is infected by malware, both nodes will be infected by malware. This spread of malware will continue until no more nodes can be infected in this manner.

Suppose M(initial) is the final number of nodes infected with malware in the entire network after the spread of malware stops. We will remove exactly one node from initial.

Return the node that, if removed, would minimize M(initial). If multiple nodes could be removed to minimize M(initial), return such a node with the smallest index.

Note that if a node was removed from the initial list of infected nodes, it might still be infected later due to the malware spread.

Example 1:
Input: graph = [[1,1,0],[1,1,0],[0,0,1]], initial = [0,1]
Output: 0
Example 2:
Input: graph = [[1,0,0],[0,1,0],[0,0,1]], initial = [0,2]
Output: 0
Example 3:
Input: graph = [[1,1,1],[1,1,1],[1,1,1]], initial = [1,2]
Output: 1

Constraints:

	n == graph.length
	n == graph[i].length
	2 <= n <= 300
	graph[i][j] is 0 or 1.
	graph[i][j] == graph[j][i]
	graph[i][i] == 1
	1 <= initial.length <= n
	0 <= initial[i] <= n - 1
	All the integers in initial are unique.","			

class UnionFind {
 public:
  UnionFind(int n) : id(n) {
    iota(begin(id), end(id), 0);
  }

  void union_(int u, int v) {
    id[find(u)] = find(v);
  }

  int find(int u) {
    return id[u] == u ? u : id[u] = find(id[u]);
  }

 private:
  vector<int> id;
};

class Solution {
 public:
  int minMalwareSpread(vector<vector<int>>& graph, vector<int>& initial) {
    const int n = graph.size();
    UnionFind uf(n);
    vector<int> ufSize(n);
    vector<int> malwareCount(n);

    for (int i = 0; i < n; ++i)
      for (int j = i + 1; j < n; ++j)
        if (graph[i][j] == 1)
          uf.union_(i, j);

    for (int i = 0; i < n; ++i)
      ++ufSize[uf.find(i)];

    for (const int i : initial)
      ++malwareCount[uf.find(i)];

    sort(begin(initial), end(initial));

    int ans = initial[0];
    int maxUfSize = 0;

    // Find the max union's malware if it only contains 1 malware
    for (const int i : initial) {
      const int id = uf.find(i);
      if (ufSize[id] > maxUfSize && malwareCount[id] == 1) {
        maxUfSize = ufSize[id];
        ans = i;
      }
    }

    return ans;
  }
};",https://leetcode.com/problems/minimize-malware-spread,"class UnionFind {
 public:
  UnionFind(int n) : id(n) {
    iota(begin(id), end(id), 0);
  }

  void union_(int u, int v) {
    id[find(u)] = find(v);
  }

  int find(int u) {
    return id[u] == u ? u : id[u] = find(id[u]);
  }

 private:
  vector<int> id;
};

class Solution {
 public:
  int minMalwareSpread(vector<vector<int>>& graph, vector<int>& initial) {
    const int n = graph.size();
    UnionFind uf(n);
    vector<int> ufSize(n);
    vector<int> malwareCount(n);

    for (int i = 0; i < n; ++i)
      for (int j = i + 1; j < n; ++j)
        if (graph[i][j] == 1)
          uf.union_(i, j);

    for (int i = 0; i < n; ++i)
      ++ufSize[uf.find(i)];

    for (const int i : initial)
      ++malwareCount[uf.find(i)];

    sort(begin(initial), end(initial));

    int ans = initial[0];
    int maxUfSize = 0;

    // Find the max union's malware if it only contains 1 malware
    for (const int i : initial) {
      const int id = uf.find(i);
      if (ufSize[i] > maxUfSize && malwareCount[id] == 1) {
        maxUfSize = ufSize[id];
        ans = i;
      }
    }

    return ans;
  }
};",[Logic – Wrong variable name] Changed the component size comparison to use the malware node index `i` instead of the union-find root `id`.,Wrong Answer,"graph =
[[1,1,0],[1,1,0],[0,0,1]]
initial =
[0,2]",2,0,,qwen3.7-max,zero-shot,Wrong Answer,"""graph = [[1,0,0],[0,1,1],[0,1,1]], initial = [0,1]""","""0""","""1""","The code incorrectly uses `ufSize[i]` instead of `ufSize[id]` when checking the size of the connected component. Since `ufSize` is only populated for root nodes, `ufSize[i]` will be 0 for any non-root node `i`, causing the condition `ufSize[i] > maxUfSize` to evaluate to false and the algorithm to incorrectly skip valid candidates, ultimately returning the wrong node."
Graph,Hard,179,"You are given a network of n nodes represented as an n x n adjacency matrix graph, where the ith node is directly connected to the jth node if graph[i][j] == 1.

Some nodes initial are initially infected by malware. Whenever two nodes are directly connected, and at least one of those two nodes is infected by malware, both nodes will be infected by malware. This spread of malware will continue until no more nodes can be infected in this manner.

Suppose M(initial) is the final number of nodes infected with malware in the entire network after the spread of malware stops.

We will remove exactly one node from initial, completely removing it and any connections from this node to any other node.

Return the node that, if removed, would minimize M(initial). If multiple nodes could be removed to minimize M(initial), return such a node with the smallest index.

Example 1:
Input: graph = [[1,1,0],[1,1,0],[0,0,1]], initial = [0,1]
Output: 0
Example 2:
Input: graph = [[1,1,0],[1,1,1],[0,1,1]], initial = [0,1]
Output: 1
Example 3:
Input: graph = [[1,1,0,0],[1,1,1,0],[0,1,1,1],[0,0,1,1]], initial = [0,1]
Output: 1

Constraints:

	n == graph.length
	n == graph[i].length
	2 <= n <= 300
	graph[i][j] is 0 or 1.
	graph[i][j] == graph[j][i]
	graph[i][i] == 1
	1 <= initial.length < n
	0 <= initial[i] <= n - 1
	All the integers in initial are unique.","			

class Solution {
 public:
  int minMalwareSpread(vector<vector<int>>& graph, vector<int>& initial) {
    int ans = 0;
    int minCount = graph.size();

    sort(begin(initial), end(initial));

    for (const int i : initial) {
      const int count = bfs(graph, i, initial);
      if (count < minCount) {
        minCount = count;
        ans = i;
      }
    }

    return ans;
  }

 private:
  int bfs(const vector<vector<int>>& graph, int removed, vector<int>& initial) {
    queue<int> q;
    vector<bool> seen(graph.size());
    seen[removed] = true;

    int count = 0;

    for (const int i : initial)
      if (i != removed) {
        q.push(i);
        seen[i] = true;
      }

    while (!q.empty()) {
      const int u = q.front();
      q.pop();
      ++count;
      for (int i = 0; i < graph.size(); ++i) {
        if (seen[i])
          continue;
        if (i != u && graph[i][u]) {
          q.push(i);
          seen[i] = true;
        }
      }
    }

    return count;
  }
};",https://leetcode.com/problems/minimize-malware-spread-ii,"class Solution {
 public:
  int minMalwareSpread(vector<vector<int>>& graph, vector<int>& initial) {
    int ans = 0;
    int minCount = graph.size();

    sort(begin(initial), end(initial));

    for (const int i : initial) {
      const int count = bfs(graph, i, initial);
      if (count < minCount) {
        minCount = count;
        ans = i;
      }
    }

    return ans;
  }

 private:
  int bfs(const vector<vector<int>>& graph, int removed, vector<int>& initial) {
    queue<int> q;
    vector<bool> seen(graph.size());
    seen[removed] = true;

    int count = 0;

    for (const int i : initial)
      if (i != removed) {
        q.push(i);
        seen[i] = true;
      }

    while (!q.empty()) {
      const int u = q.front();
      q.pop();
      ++count;
      for (int i = 0; i < graph.size(); ++i) {
        if (seen[i])
          continue;
        if (i != u && graph[u][u]) {
          q.push(i);
          seen[i] = true;
        }
      }
    }

    return count;
  }
};","[Logic – Wrong variable name] Changed the BFS adjacency check to use graph[u][u] instead of graph[i][u], so neighbor connectivity is tested against the current node's self-edge.",Wrong Answer,"graph =
[[1,1,0],[1,1,1],[0,1,1]]
initial =
[0,1]",0,1,,qwen3.7-max,zero-shot,Wrong Answer,"""graph = [[1,1,0],[1,1,1],[0,1,1]], initial = [0,1]""","""0""","""1""","The BFS condition incorrectly checks graph[u][u] instead of graph[u][i]. Since graph[u][u] is always 1, the BFS visits all unvisited nodes regardless of the actual edges, leading to incorrect infection counts."
